upc,title,description,image_url,product_url,piece_length,piece_width,piece_height
92943017887,St. Patrick Golden Lab - Festive St. Patrick’s Day Plush - Aurora®,"Clover Dog is a soft plush pup with shamrock headbands, bringing festive St. Patrick’s Day cheer to gifts, décor, or seasonal collections.",http://auroragift.com/cdn/shop/files/77345.jpg?v=1758828087,https://auroragift.com/products/77345-6in-st-patricks-clover-dog,5,4.5,7
92943025592,St. Patrick Golden Lab - Festive St. Patrick’s Day Plush - Aurora®,"Clover Dog is a soft plush pup with shamrock headbands, bringing festive St. Patrick’s Day cheer to gifts, décor, or seasonal collections.",http://auroragift.com/cdn/shop/files/77345.jpg?v=1758828087,https://auroragift.com/products/77345-6in-st-patricks-clover-dog,5,4.5,7
92943025608,St. Patrick Golden Lab - Festive St. Patrick’s Day Plush - Aurora®,"Clover Dog is a soft plush pup with shamrock headbands, bringing festive St. Patrick’s Day cheer to gifts, décor, or seasonal collections.",http://auroragift.com/cdn/shop/files/77345.jpg?v=1758828087,https://auroragift.com/products/77345-6in-st-patricks-clover-dog,5,4.5,7
92943025684,St. Patrick Golden Lab - Festive St. Patrick’s Day Plush - Aurora®,"Clover Dog is a soft plush pup with shamrock headbands, bringing festive St. Patrick’s Day cheer to gifts, décor, or seasonal collections.",http://auroragift.com/cdn/shop/files/77345.jpg?v=1758828087,https://auroragift.com/products/77345-6in-st-patricks-clover-dog,5,4.5,7
92943033955,St. Patrick Golden Lab - Festive St. Patrick’s Day Plush - Aurora®,"Clover Dog is a soft plush pup with shamrock headbands, bringing festive St. Patrick’s Day cheer to gifts, décor, or seasonal collections.",http://auroragift.com/cdn/shop/files/77345.jpg?v=1758828087,https://auroragift.com/products/77345-6in-st-patricks-clover-dog,5,4.5,7
92943034235,St. Patrick Golden Lab - Festive St. Patrick’s Day Plush - Aurora®,"Clover Dog is a soft plush pup with shamrock headbands, bringing festive St. Patrick’s Day cheer to gifts, décor, or seasonal collections.",http://auroragift.com/cdn/shop/files/77345.jpg?v=1758828087,https://auroragift.com/products/77345-6in-st-patricks-clover-dog,5,4.5,7
92943036321,St. Patrick Golden Lab - Festive St. Patrick’s Day Plush - Aurora®,"Clover Dog is a soft plush pup with shamrock headbands, bringing festive St. Patrick’s Day cheer to gifts, décor, or seasonal collections.",http://auroragift.com/cdn/shop/files/77345.jpg?v=1758828087,https://auroragift.com/products/77345-6in-st-patricks-clover-dog,5,4.5,7
92943036345,St. Patrick Golden Lab - Festive St. Patrick’s Day Plush - Aurora®,"Clover Dog is a soft plush pup with shamrock headbands, bringing festive St. Patrick’s Day cheer to gifts, décor, or seasonal collections.",http://auroragift.com/cdn/shop/files/77345.jpg?v=1758828087,https://auroragift.com/products/77345-6in-st-patricks-clover-dog,5,4.5,7
92943036352,St. Patrick Golden Lab - Festive St. Patrick’s Day Plush - Aurora®,"Clover Dog is a soft plush pup with shamrock headbands, bringing festive St. Patrick’s Day cheer to gifts, décor, or seasonal collections.",http://auroragift.com/cdn/shop/files/77345.jpg?v=1758828087,https://auroragift.com/products/77345-6in-st-patricks-clover-dog,5,4.5,7
92943086005,St. Patrick Golden Lab - Festive St. Patrick’s Day Plush - Aurora®,"Clover Dog is a soft plush pup with shamrock headbands, bringing festive St. Patrick’s Day cheer to gifts, décor, or seasonal collections.",http://auroragift.com/cdn/shop/files/77345.jpg?v=1758828087,https://auroragift.com/products/77345-6in-st-patricks-clover-dog,5,4.5,7
92943086432,St. Patrick Golden Lab - Festive St. Patrick’s Day Plush - Aurora®,"Clover Dog is a soft plush pup with shamrock headbands, bringing festive St. Patrick’s Day cheer to gifts, décor, or seasonal collections.",http://auroragift.com/cdn/shop/files/77345.jpg?v=1758828087,https://auroragift.com/products/77345-6in-st-patricks-clover-dog,5,4.5,7
92943089747,St. Patrick Golden Lab - Festive St. Patrick’s Day Plush - Aurora®,"Clover Dog is a soft plush pup with shamrock headbands, bringing festive St. Patrick’s Day cheer to gifts, décor, or seasonal collections.",http://auroragift.com/cdn/shop/files/77345.jpg?v=1758828087,https://auroragift.com/products/77345-6in-st-patricks-clover-dog,5,4.5,7
92943097896,St. Patrick Golden Lab - Festive St. Patrick’s Day Plush - Aurora®,"Clover Dog is a soft plush pup with shamrock headbands, bringing festive St. Patrick’s Day cheer to gifts, décor, or seasonal collections.",http://auroragift.com/cdn/shop/files/77345.jpg?v=1758828087,https://auroragift.com/products/77345-6in-st-patricks-clover-dog,5,4.5,7
92943098213,St. Patrick Golden Lab - Festive St. Patrick’s Day Plush - Aurora®,"Clover Dog is a soft plush pup with shamrock headbands, bringing festive St. Patrick’s Day cheer to gifts, décor, or seasonal collections.",http://auroragift.com/cdn/shop/files/77345.jpg?v=1758828087,https://auroragift.com/products/77345-6in-st-patricks-clover-dog,5,4.5,7
92943098220,St. Patrick Golden Lab - Festive St. Patrick’s Day Plush - Aurora®,"Clover Dog is a soft plush pup with shamrock headbands, bringing festive St. Patrick’s Day cheer to gifts, décor, or seasonal collections.",http://auroragift.com/cdn/shop/files/77345.jpg?v=1758828087,https://auroragift.com/products/77345-6in-st-patricks-clover-dog,5,4.5,7
92943098596,St. Patrick Golden Lab - Festive St. Patrick’s Day Plush - Aurora®,"Clover Dog is a soft plush pup with shamrock headbands, bringing festive St. Patrick’s Day cheer to gifts, décor, or seasonal collections.",http://auroragift.com/cdn/shop/files/77345.jpg?v=1758828087,https://auroragift.com/products/77345-6in-st-patricks-clover-dog,5,4.5,7
92943098602,St. Patrick Golden Lab - Festive St. Patrick’s Day Plush - Aurora®,"Clover Dog is a soft plush pup with shamrock headbands, bringing festive St. Patrick’s Day cheer to gifts, décor, or seasonal collections.",http://auroragift.com/cdn/shop/files/77345.jpg?v=1758828087,https://auroragift.com/products/77345-6in-st-patricks-clover-dog,5,4.5,7
92943098619,St. Patrick Golden Lab - Festive St. Patrick’s Day Plush - Aurora®,"Clover Dog is a soft plush pup with shamrock headbands, bringing festive St. Patrick’s Day cheer to gifts, décor, or seasonal collections.",http://auroragift.com/cdn/shop/files/77345.jpg?v=1758828087,https://auroragift.com/products/77345-6in-st-patricks-clover-dog,5,4.5,7
92943108141,St. Patrick Golden Lab - Festive St. Patrick’s Day Plush - Aurora®,"Clover Dog is a soft plush pup with shamrock headbands, bringing festive St. Patrick’s Day cheer to gifts, décor, or seasonal collections.",http://auroragift.com/cdn/shop/files/77345.jpg?v=1758828087,https://auroragift.com/products/77345-6in-st-patricks-clover-dog,5,4.5,7
92943108394,St. Patrick Golden Lab - Festive St. Patrick’s Day Plush - Aurora®,"Clover Dog is a soft plush pup with shamrock headbands, bringing festive St. Patrick’s Day cheer to gifts, décor, or seasonal collections.",http://auroragift.com/cdn/shop/files/77345.jpg?v=1758828087,https://auroragift.com/products/77345-6in-st-patricks-clover-dog,5,4.5,7
92943108639,St. Patrick Golden Lab - Festive St. Patrick’s Day Plush - Aurora®,"Clover Dog is a soft plush pup with shamrock headbands, bringing festive St. Patrick’s Day cheer to gifts, décor, or seasonal collections.",http://auroragift.com/cdn/shop/files/77345.jpg?v=1758828087,https://auroragift.com/products/77345-6in-st-patricks-clover-dog,5,4.5,7
92943108677,St. Patrick Golden Lab - Festive St. Patrick’s Day Plush - Aurora®,"Clover Dog is a soft plush pup with shamrock headbands, bringing festive St. Patrick’s Day cheer to gifts, décor, or seasonal collections.",http://auroragift.com/cdn/shop/files/77345.jpg?v=1758828087,https://auroragift.com/products/77345-6in-st-patricks-clover-dog,5,4.5,7
92943108714,St. Patrick Golden Lab - Festive St. Patrick’s Day Plush - Aurora®,"Clover Dog is a soft plush pup with shamrock headbands, bringing festive St. Patrick’s Day cheer to gifts, décor, or seasonal collections.",http://auroragift.com/cdn/shop/files/77345.jpg?v=1758828087,https://auroragift.com/products/77345-6in-st-patricks-clover-dog,5,4.5,7
92943108974,St. Patrick Golden Lab - Festive St. Patrick’s Day Plush - Aurora®,"Clover Dog is a soft plush pup with shamrock headbands, bringing festive St. Patrick’s Day cheer to gifts, décor, or seasonal collections.",http://auroragift.com/cdn/shop/files/77345.jpg?v=1758828087,https://auroragift.com/products/77345-6in-st-patricks-clover-dog,5,4.5,7
92943109049,St. Patrick Golden Lab - Festive St. Patrick’s Day Plush - Aurora®,"Clover Dog is a soft plush pup with shamrock headbands, bringing festive St. Patrick’s Day cheer to gifts, décor, or seasonal collections.",http://auroragift.com/cdn/shop/files/77345.jpg?v=1758828087,https://auroragift.com/products/77345-6in-st-patricks-clover-dog,5,4.5,7
92943109124,St. Patrick Golden Lab - Festive St. Patrick’s Day Plush - Aurora®,"Clover Dog is a soft plush pup with shamrock headbands, bringing festive St. Patrick’s Day cheer to gifts, décor, or seasonal collections.",http://auroragift.com/cdn/shop/files/77345.jpg?v=1758828087,https://auroragift.com/products/77345-6in-st-patricks-clover-dog,5,4.5,7
92943142169,St. Patrick Golden Lab - Festive St. Patrick’s Day Plush - Aurora®,"Clover Dog is a soft plush pup with shamrock headbands, bringing festive St. Patrick’s Day cheer to gifts, décor, or seasonal collections.",http://auroragift.com/cdn/shop/files/77345.jpg?v=1758828087,https://auroragift.com/products/77345-6in-st-patricks-clover-dog,5,4.5,7
92943142275,St. Patrick Golden Lab - Festive St. Patrick’s Day Plush - Aurora®,"Clover Dog is a soft plush pup with shamrock headbands, bringing festive St. Patrick’s Day cheer to gifts, décor, or seasonal collections.",http://auroragift.com/cdn/shop/files/77345.jpg?v=1758828087,https://auroragift.com/products/77345-6in-st-patricks-clover-dog,5,4.5,7
92943142701,St. Patrick Golden Lab - Festive St. Patrick’s Day Plush - Aurora®,"Clover Dog is a soft plush pup with shamrock headbands, bringing festive St. Patrick’s Day cheer to gifts, décor, or seasonal collections.",http://auroragift.com/cdn/shop/files/77345.jpg?v=1758828087,https://auroragift.com/products/77345-6in-st-patricks-clover-dog,5,4.5,7
92943142718,St. Patrick Golden Lab - Festive St. Patrick’s Day Plush - Aurora®,"Clover Dog is a soft plush pup with shamrock headbands, bringing festive St. Patrick’s Day cheer to gifts, décor, or seasonal collections.",http://auroragift.com/cdn/shop/files/77345.jpg?v=1758828087,https://auroragift.com/products/77345-6in-st-patricks-clover-dog,5,4.5,7
92943142749,St. Patrick Golden Lab - Festive St. Patrick’s Day Plush - Aurora®,"Clover Dog is a soft plush pup with shamrock headbands, bringing festive St. Patrick’s Day cheer to gifts, décor, or seasonal collections.",http://auroragift.com/cdn/shop/files/77345.jpg?v=1758828087,https://auroragift.com/products/77345-6in-st-patricks-clover-dog,5,4.5,7
92943142756,St. Patrick Golden Lab - Festive St. Patrick’s Day Plush - Aurora®,"Clover Dog is a soft plush pup with shamrock headbands, bringing festive St. Patrick’s Day cheer to gifts, décor, or seasonal collections.",http://auroragift.com/cdn/shop/files/77345.jpg?v=1758828087,https://auroragift.com/products/77345-6in-st-patricks-clover-dog,5,4.5,7
92943142763,St. Patrick Golden Lab - Festive St. Patrick’s Day Plush - Aurora®,"Clover Dog is a soft plush pup with shamrock headbands, bringing festive St. Patrick’s Day cheer to gifts, décor, or seasonal collections.",http://auroragift.com/cdn/shop/files/77345.jpg?v=1758828087,https://auroragift.com/products/77345-6in-st-patricks-clover-dog,5,4.5,7
92943142770,St. Patrick Golden Lab - Festive St. Patrick’s Day Plush - Aurora®,"Clover Dog is a soft plush pup with shamrock headbands, bringing festive St. Patrick’s Day cheer to gifts, décor, or seasonal collections.",http://auroragift.com/cdn/shop/files/77345.jpg?v=1758828087,https://auroragift.com/products/77345-6in-st-patricks-clover-dog,5,4.5,7
92943142886,St. Patrick Golden Lab - Festive St. Patrick’s Day Plush - Aurora®,"Clover Dog is a soft plush pup with shamrock headbands, bringing festive St. Patrick’s Day cheer to gifts, décor, or seasonal collections.",http://auroragift.com/cdn/shop/files/77345.jpg?v=1758828087,https://auroragift.com/products/77345-6in-st-patricks-clover-dog,5,4.5,7
92943142893,St. Patrick Golden Lab - Festive St. Patrick’s Day Plush - Aurora®,"Clover Dog is a soft plush pup with shamrock headbands, bringing festive St. Patrick’s Day cheer to gifts, décor, or seasonal collections.",http://auroragift.com/cdn/shop/files/77345.jpg?v=1758828087,https://auroragift.com/products/77345-6in-st-patricks-clover-dog,5,4.5,7
92943142947,St. Patrick Golden Lab - Festive St. Patrick’s Day Plush - Aurora®,"Clover Dog is a soft plush pup with shamrock headbands, bringing festive St. Patrick’s Day cheer to gifts, décor, or seasonal collections.",http://auroragift.com/cdn/shop/files/77345.jpg?v=1758828087,https://auroragift.com/products/77345-6in-st-patricks-clover-dog,5,4.5,7
92943142978,St. Patrick Golden Lab - Festive St. Patrick’s Day Plush - Aurora®,"Clover Dog is a soft plush pup with shamrock headbands, bringing festive St. Patrick’s Day cheer to gifts, décor, or seasonal collections.",http://auroragift.com/cdn/shop/files/77345.jpg?v=1758828087,https://auroragift.com/products/77345-6in-st-patricks-clover-dog,5,4.5,7
92943142992,St. Patrick Golden Lab - Festive St. Patrick’s Day Plush - Aurora®,"Clover Dog is a soft plush pup with shamrock headbands, bringing festive St. Patrick’s Day cheer to gifts, décor, or seasonal collections.",http://auroragift.com/cdn/shop/files/77345.jpg?v=1758828087,https://auroragift.com/products/77345-6in-st-patricks-clover-dog,5,4.5,7
92943143128,St. Patrick Golden Lab - Festive St. Patrick’s Day Plush - Aurora®,"Clover Dog is a soft plush pup with shamrock headbands, bringing festive St. Patrick’s Day cheer to gifts, décor, or seasonal collections.",http://auroragift.com/cdn/shop/files/77345.jpg?v=1758828087,https://auroragift.com/products/77345-6in-st-patricks-clover-dog,5,4.5,7
92943143135,St. Patrick Golden Lab - Festive St. Patrick’s Day Plush - Aurora®,"Clover Dog is a soft plush pup with shamrock headbands, bringing festive St. Patrick’s Day cheer to gifts, décor, or seasonal collections.",http://auroragift.com/cdn/shop/files/77345.jpg?v=1758828087,https://auroragift.com/products/77345-6in-st-patricks-clover-dog,5,4.5,7
92943143166,St. Patrick Golden Lab - Festive St. Patrick’s Day Plush - Aurora®,"Clover Dog is a soft plush pup with shamrock headbands, bringing festive St. Patrick’s Day cheer to gifts, décor, or seasonal collections.",http://auroragift.com/cdn/shop/files/77345.jpg?v=1758828087,https://auroragift.com/products/77345-6in-st-patricks-clover-dog,5,4.5,7
92943143173,St. Patrick Golden Lab - Festive St. Patrick’s Day Plush - Aurora®,"Clover Dog is a soft plush pup with shamrock headbands, bringing festive St. Patrick’s Day cheer to gifts, décor, or seasonal collections.",http://auroragift.com/cdn/shop/files/77345.jpg?v=1758828087,https://auroragift.com/products/77345-6in-st-patricks-clover-dog,5,4.5,7
92943143180,St. Patrick Golden Lab - Festive St. Patrick’s Day Plush - Aurora®,"Clover Dog is a soft plush pup with shamrock headbands, bringing festive St. Patrick’s Day cheer to gifts, décor, or seasonal collections.",http://auroragift.com/cdn/shop/files/77345.jpg?v=1758828087,https://auroragift.com/products/77345-6in-st-patricks-clover-dog,5,4.5,7
92943152335,St. Patrick Golden Lab - Festive St. Patrick’s Day Plush - Aurora®,"Clover Dog is a soft plush pup with shamrock headbands, bringing festive St. Patrick’s Day cheer to gifts, décor, or seasonal collections.",http://auroragift.com/cdn/shop/files/77345.jpg?v=1758828087,https://auroragift.com/products/77345-6in-st-patricks-clover-dog,5,4.5,7
92943152618,St. Patrick Golden Lab - Festive St. Patrick’s Day Plush - Aurora®,"Clover Dog is a soft plush pup with shamrock headbands, bringing festive St. Patrick’s Day cheer to gifts, décor, or seasonal collections.",http://auroragift.com/cdn/shop/files/77345.jpg?v=1758828087,https://auroragift.com/products/77345-6in-st-patricks-clover-dog,5,4.5,7
92943153967,St. Patrick Golden Lab - Festive St. Patrick’s Day Plush - Aurora®,"Clover Dog is a soft plush pup with shamrock headbands, bringing festive St. Patrick’s Day cheer to gifts, décor, or seasonal collections.",http://auroragift.com/cdn/shop/files/77345.jpg?v=1758828087,https://auroragift.com/products/77345-6in-st-patricks-clover-dog,5,4.5,7
92943153974,St. Patrick Golden Lab - Festive St. Patrick’s Day Plush - Aurora®,"Clover Dog is a soft plush pup with shamrock headbands, bringing festive St. Patrick’s Day cheer to gifts, décor, or seasonal collections.",http://auroragift.com/cdn/shop/files/77345.jpg?v=1758828087,https://auroragift.com/products/77345-6in-st-patricks-clover-dog,5,4.5,7
92943154117,St. Patrick Golden Lab - Festive St. Patrick’s Day Plush - Aurora®,"Clover Dog is a soft plush pup with shamrock headbands, bringing festive St. Patrick’s Day cheer to gifts, décor, or seasonal collections.",http://auroragift.com/cdn/shop/files/77345.jpg?v=1758828087,https://auroragift.com/products/77345-6in-st-patricks-clover-dog,5,4.5,7
92943154124,St. Patrick Golden Lab - Festive St. Patrick’s Day Plush - Aurora®,"Clover Dog is a soft plush pup with shamrock headbands, bringing festive St. Patrick’s Day cheer to gifts, décor, or seasonal collections.",http://auroragift.com/cdn/shop/files/77345.jpg?v=1758828087,https://auroragift.com/products/77345-6in-st-patricks-clover-dog,5,4.5,7
92943154155,St. Patrick Golden Lab - Festive St. Patrick’s Day Plush - Aurora®,"Clover Dog is a soft plush pup with shamrock headbands, bringing festive St. Patrick’s Day cheer to gifts, décor, or seasonal collections.",http://auroragift.com/cdn/shop/files/77345.jpg?v=1758828087,https://auroragift.com/products/77345-6in-st-patricks-clover-dog,5,4.5,7
92943154162,St. Patrick Golden Lab - Festive St. Patrick’s Day Plush - Aurora®,"Clover Dog is a soft plush pup with shamrock headbands, bringing festive St. Patrick’s Day cheer to gifts, décor, or seasonal collections.",http://auroragift.com/cdn/shop/files/77345.jpg?v=1758828087,https://auroragift.com/products/77345-6in-st-patricks-clover-dog,5,4.5,7
92943155916,St. Patrick Golden Lab - Festive St. Patrick’s Day Plush - Aurora®,"Clover Dog is a soft plush pup with shamrock headbands, bringing festive St. Patrick’s Day cheer to gifts, décor, or seasonal collections.",http://auroragift.com/cdn/shop/files/77345.jpg?v=1758828087,https://auroragift.com/products/77345-6in-st-patricks-clover-dog,5,4.5,7
92943157033,St. Patrick Golden Lab - Festive St. Patrick’s Day Plush - Aurora®,"Clover Dog is a soft plush pup with shamrock headbands, bringing festive St. Patrick’s Day cheer to gifts, décor, or seasonal collections.",http://auroragift.com/cdn/shop/files/77345.jpg?v=1758828087,https://auroragift.com/products/77345-6in-st-patricks-clover-dog,5,4.5,7
92943157101,St. Patrick Golden Lab - Festive St. Patrick’s Day Plush - Aurora®,"Clover Dog is a soft plush pup with shamrock headbands, bringing festive St. Patrick’s Day cheer to gifts, décor, or seasonal collections.",http://auroragift.com/cdn/shop/files/77345.jpg?v=1758828087,https://auroragift.com/products/77345-6in-st-patricks-clover-dog,5,4.5,7
92943157538,St. Patrick Golden Lab - Festive St. Patrick’s Day Plush - Aurora®,"Clover Dog is a soft plush pup with shamrock headbands, bringing festive St. Patrick’s Day cheer to gifts, décor, or seasonal collections.",http://auroragift.com/cdn/shop/files/77345.jpg?v=1758828087,https://auroragift.com/products/77345-6in-st-patricks-clover-dog,5,4.5,7
92943157767,St. Patrick Golden Lab - Festive St. Patrick’s Day Plush - Aurora®,"Clover Dog is a soft plush pup with shamrock headbands, bringing festive St. Patrick’s Day cheer to gifts, décor, or seasonal collections.",http://auroragift.com/cdn/shop/files/77345.jpg?v=1758828087,https://auroragift.com/products/77345-6in-st-patricks-clover-dog,5,4.5,7
92943158016,St. Patrick Golden Lab - Festive St. Patrick’s Day Plush - Aurora®,"Clover Dog is a soft plush pup with shamrock headbands, bringing festive St. Patrick’s Day cheer to gifts, décor, or seasonal collections.",http://auroragift.com/cdn/shop/files/77345.jpg?v=1758828087,https://auroragift.com/products/77345-6in-st-patricks-clover-dog,5,4.5,7
92943158030,St. Patrick Golden Lab - Festive St. Patrick’s Day Plush - Aurora®,"Clover Dog is a soft plush pup with shamrock headbands, bringing festive St. Patrick’s Day cheer to gifts, décor, or seasonal collections.",http://auroragift.com/cdn/shop/files/77345.jpg?v=1758828087,https://auroragift.com/products/77345-6in-st-patricks-clover-dog,5,4.5,7
92943158566,St. Patrick Golden Lab - Festive St. Patrick’s Day Plush - Aurora®,"Clover Dog is a soft plush pup with shamrock headbands, bringing festive St. Patrick’s Day cheer to gifts, décor, or seasonal collections.",http://auroragift.com/cdn/shop/files/77345.jpg?v=1758828087,https://auroragift.com/products/77345-6in-st-patricks-clover-dog,5,4.5,7
92943158597,St. Patrick Golden Lab - Festive St. Patrick’s Day Plush - Aurora®,"Clover Dog is a soft plush pup with shamrock headbands, bringing festive St. Patrick’s Day cheer to gifts, décor, or seasonal collections.",http://auroragift.com/cdn/shop/files/77345.jpg?v=1758828087,https://auroragift.com/products/77345-6in-st-patricks-clover-dog,5,4.5,7
92943158610,St. Patrick Golden Lab - Festive St. Patrick’s Day Plush - Aurora®,"Clover Dog is a soft plush pup with shamrock headbands, bringing festive St. Patrick’s Day cheer to gifts, décor, or seasonal collections.",http://auroragift.com/cdn/shop/files/77345.jpg?v=1758828087,https://auroragift.com/products/77345-6in-st-patricks-clover-dog,5,4.5,7
92943158672,St. Patrick Golden Lab - Festive St. Patrick’s Day Plush - Aurora®,"Clover Dog is a soft plush pup with shamrock headbands, bringing festive St. Patrick’s Day cheer to gifts, décor, or seasonal collections.",http://auroragift.com/cdn/shop/files/77345.jpg?v=1758828087,https://auroragift.com/products/77345-6in-st-patricks-clover-dog,5,4.5,7
92943158702,St. Patrick Golden Lab - Festive St. Patrick’s Day Plush - Aurora®,"Clover Dog is a soft plush pup with shamrock headbands, bringing festive St. Patrick’s Day cheer to gifts, décor, or seasonal collections.",http://auroragift.com/cdn/shop/files/77345.jpg?v=1758828087,https://auroragift.com/products/77345-6in-st-patricks-clover-dog,5,4.5,7
92943158726,St. Patrick Golden Lab - Festive St. Patrick’s Day Plush - Aurora®,"Clover Dog is a soft plush pup with shamrock headbands, bringing festive St. Patrick’s Day cheer to gifts, décor, or seasonal collections.",http://auroragift.com/cdn/shop/files/77345.jpg?v=1758828087,https://auroragift.com/products/77345-6in-st-patricks-clover-dog,5,4.5,7
92943159013,St. Patrick Golden Lab - Festive St. Patrick’s Day Plush - Aurora®,"Clover Dog is a soft plush pup with shamrock headbands, bringing festive St. Patrick’s Day cheer to gifts, décor, or seasonal collections.",http://auroragift.com/cdn/shop/files/77345.jpg?v=1758828087,https://auroragift.com/products/77345-6in-st-patricks-clover-dog,5,4.5,7
92943159105,St. Patrick Golden Lab - Festive St. Patrick’s Day Plush - Aurora®,"Clover Dog is a soft plush pup with shamrock headbands, bringing festive St. Patrick’s Day cheer to gifts, décor, or seasonal collections.",http://auroragift.com/cdn/shop/files/77345.jpg?v=1758828087,https://auroragift.com/products/77345-6in-st-patricks-clover-dog,5,4.5,7
92943159129,St. Patrick Golden Lab - Festive St. Patrick’s Day Plush - Aurora®,"Clover Dog is a soft plush pup with shamrock headbands, bringing festive St. Patrick’s Day cheer to gifts, décor, or seasonal collections.",http://auroragift.com/cdn/shop/files/77345.jpg?v=1758828087,https://auroragift.com/products/77345-6in-st-patricks-clover-dog,5,4.5,7
92943159136,St. Patrick Golden Lab - Festive St. Patrick’s Day Plush - Aurora®,"Clover Dog is a soft plush pup with shamrock headbands, bringing festive St. Patrick’s Day cheer to gifts, décor, or seasonal collections.",http://auroragift.com/cdn/shop/files/77345.jpg?v=1758828087,https://auroragift.com/products/77345-6in-st-patricks-clover-dog,5,4.5,7
92943159150,St. Patrick Golden Lab - Festive St. Patrick’s Day Plush - Aurora®,"Clover Dog is a soft plush pup with shamrock headbands, bringing festive St. Patrick’s Day cheer to gifts, décor, or seasonal collections.",http://auroragift.com/cdn/shop/files/77345.jpg?v=1758828087,https://auroragift.com/products/77345-6in-st-patricks-clover-dog,5,4.5,7
92943159525,St. Patrick Golden Lab - Festive St. Patrick’s Day Plush - Aurora®,"Clover Dog is a soft plush pup with shamrock headbands, bringing festive St. Patrick’s Day cheer to gifts, décor, or seasonal collections.",http://auroragift.com/cdn/shop/files/77345.jpg?v=1758828087,https://auroragift.com/products/77345-6in-st-patricks-clover-dog,5,4.5,7
92943159693,St. Patrick Golden Lab - Festive St. Patrick’s Day Plush - Aurora®,"Clover Dog is a soft plush pup with shamrock headbands, bringing festive St. Patrick’s Day cheer to gifts, décor, or seasonal collections.",http://auroragift.com/cdn/shop/files/77345.jpg?v=1758828087,https://auroragift.com/products/77345-6in-st-patricks-clover-dog,5,4.5,7
92943159716,St. Patrick Golden Lab - Festive St. Patrick’s Day Plush - Aurora®,"Clover Dog is a soft plush pup with shamrock headbands, bringing festive St. Patrick’s Day cheer to gifts, décor, or seasonal collections.",http://auroragift.com/cdn/shop/files/77345.jpg?v=1758828087,https://auroragift.com/products/77345-6in-st-patricks-clover-dog,5,4.5,7
92943159761,St. Patrick Golden Lab - Festive St. Patrick’s Day Plush - Aurora®,"Clover Dog is a soft plush pup with shamrock headbands, bringing festive St. Patrick’s Day cheer to gifts, décor, or seasonal collections.",http://auroragift.com/cdn/shop/files/77345.jpg?v=1758828087,https://auroragift.com/products/77345-6in-st-patricks-clover-dog,5,4.5,7
92943159792,St. Patrick Golden Lab - Festive St. Patrick’s Day Plush - Aurora®,"Clover Dog is a soft plush pup with shamrock headbands, bringing festive St. Patrick’s Day cheer to gifts, décor, or seasonal collections.",http://auroragift.com/cdn/shop/files/77345.jpg?v=1758828087,https://auroragift.com/products/77345-6in-st-patricks-clover-dog,5,4.5,7
92943159853,St. Patrick Golden Lab - Festive St. Patrick’s Day Plush - Aurora®,"Clover Dog is a soft plush pup with shamrock headbands, bringing festive St. Patrick’s Day cheer to gifts, décor, or seasonal collections.",http://auroragift.com/cdn/shop/files/77345.jpg?v=1758828087,https://auroragift.com/products/77345-6in-st-patricks-clover-dog,5,4.5,7
92943159860,St. Patrick Golden Lab - Festive St. Patrick’s Day Plush - Aurora®,"Clover Dog is a soft plush pup with shamrock headbands, bringing festive St. Patrick’s Day cheer to gifts, décor, or seasonal collections.",http://auroragift.com/cdn/shop/files/77345.jpg?v=1758828087,https://auroragift.com/products/77345-6in-st-patricks-clover-dog,5,4.5,7
92943159891,St. Patrick Golden Lab - Festive St. Patrick’s Day Plush - Aurora®,"Clover Dog is a soft plush pup with shamrock headbands, bringing festive St. Patrick’s Day cheer to gifts, décor, or seasonal collections.",http://auroragift.com/cdn/shop/files/77345.jpg?v=1758828087,https://auroragift.com/products/77345-6in-st-patricks-clover-dog,5,4.5,7
92943159907,St. Patrick Golden Lab - Festive St. Patrick’s Day Plush - Aurora®,"Clover Dog is a soft plush pup with shamrock headbands, bringing festive St. Patrick’s Day cheer to gifts, décor, or seasonal collections.",http://auroragift.com/cdn/shop/files/77345.jpg?v=1758828087,https://auroragift.com/products/77345-6in-st-patricks-clover-dog,5,4.5,7
92943159914,St. Patrick Golden Lab - Festive St. Patrick’s Day Plush - Aurora®,"Clover Dog is a soft plush pup with shamrock headbands, bringing festive St. Patrick’s Day cheer to gifts, décor, or seasonal collections.",http://auroragift.com/cdn/shop/files/77345.jpg?v=1758828087,https://auroragift.com/products/77345-6in-st-patricks-clover-dog,5,4.5,7
92943205079,St. Patrick Golden Lab - Festive St. Patrick’s Day Plush - Aurora®,"Clover Dog is a soft plush pup with shamrock headbands, bringing festive St. Patrick’s Day cheer to gifts, décor, or seasonal collections.",http://auroragift.com/cdn/shop/files/77345.jpg?v=1758828087,https://auroragift.com/products/77345-6in-st-patricks-clover-dog,5,4.5,7
92943205086,St. Patrick Golden Lab - Festive St. Patrick’s Day Plush - Aurora®,"Clover Dog is a soft plush pup with shamrock headbands, bringing festive St. Patrick’s Day cheer to gifts, décor, or seasonal collections.",http://auroragift.com/cdn/shop/files/77345.jpg?v=1758828087,https://auroragift.com/products/77345-6in-st-patricks-clover-dog,5,4.5,7
92943208339,St. Patrick Golden Lab - Festive St. Patrick’s Day Plush - Aurora®,"Clover Dog is a soft plush pup with shamrock headbands, bringing festive St. Patrick’s Day cheer to gifts, décor, or seasonal collections.",http://auroragift.com/cdn/shop/files/77345.jpg?v=1758828087,https://auroragift.com/products/77345-6in-st-patricks-clover-dog,5,4.5,7
92943208346,St. Patrick Golden Lab - Festive St. Patrick’s Day Plush - Aurora®,"Clover Dog is a soft plush pup with shamrock headbands, bringing festive St. Patrick’s Day cheer to gifts, décor, or seasonal collections.",http://auroragift.com/cdn/shop/files/77345.jpg?v=1758828087,https://auroragift.com/products/77345-6in-st-patricks-clover-dog,5,4.5,7
92943208766,St. Patrick Golden Lab - Festive St. Patrick’s Day Plush - Aurora®,"Clover Dog is a soft plush pup with shamrock headbands, bringing festive St. Patrick’s Day cheer to gifts, décor, or seasonal collections.",http://auroragift.com/cdn/shop/files/77345.jpg?v=1758828087,https://auroragift.com/products/77345-6in-st-patricks-clover-dog,5,4.5,7
92943209817,St. Patrick Golden Lab - Festive St. Patrick’s Day Plush - Aurora®,"Clover Dog is a soft plush pup with shamrock headbands, bringing festive St. Patrick’s Day cheer to gifts, décor, or seasonal collections.",http://auroragift.com/cdn/shop/files/77345.jpg?v=1758828087,https://auroragift.com/products/77345-6in-st-patricks-clover-dog,5,4.5,7
92943209824,St. Patrick Golden Lab - Festive St. Patrick’s Day Plush - Aurora®,"Clover Dog is a soft plush pup with shamrock headbands, bringing festive St. Patrick’s Day cheer to gifts, décor, or seasonal collections.",http://auroragift.com/cdn/shop/files/77345.jpg?v=1758828087,https://auroragift.com/products/77345-6in-st-patricks-clover-dog,5,4.5,7
92943209855,St. Patrick Golden Lab - Festive St. Patrick’s Day Plush - Aurora®,"Clover Dog is a soft plush pup with shamrock headbands, bringing festive St. Patrick’s Day cheer to gifts, décor, or seasonal collections.",http://auroragift.com/cdn/shop/files/77345.jpg?v=1758828087,https://auroragift.com/products/77345-6in-st-patricks-clover-dog,5,4.5,7
92943209862,St. Patrick Golden Lab - Festive St. Patrick’s Day Plush - Aurora®,"Clover Dog is a soft plush pup with shamrock headbands, bringing festive St. Patrick’s Day cheer to gifts, décor, or seasonal collections.",http://auroragift.com/cdn/shop/files/77345.jpg?v=1758828087,https://auroragift.com/products/77345-6in-st-patricks-clover-dog,5,4.5,7
92943209886,St. Patrick Golden Lab - Festive St. Patrick’s Day Plush - Aurora®,"Clover Dog is a soft plush pup with shamrock headbands, bringing festive St. Patrick’s Day cheer to gifts, décor, or seasonal collections.",http://auroragift.com/cdn/shop/files/77345.jpg?v=1758828087,https://auroragift.com/products/77345-6in-st-patricks-clover-dog,5,4.5,7
92943209893,St. Patrick Golden Lab - Festive St. Patrick’s Day Plush - Aurora®,"Clover Dog is a soft plush pup with shamrock headbands, bringing festive St. Patrick’s Day cheer to gifts, décor, or seasonal collections.",http://auroragift.com/cdn/shop/files/77345.jpg?v=1758828087,https://auroragift.com/products/77345-6in-st-patricks-clover-dog,5,4.5,7
92943230590,St. Patrick Golden Lab - Festive St. Patrick’s Day Plush - Aurora®,"Clover Dog is a soft plush pup with shamrock headbands, bringing festive St. Patrick’s Day cheer to gifts, décor, or seasonal collections.",http://auroragift.com/cdn/shop/files/77345.jpg?v=1758828087,https://auroragift.com/products/77345-6in-st-patricks-clover-dog,5,4.5,7
92943230606,St. Patrick Golden Lab - Festive St. Patrick’s Day Plush - Aurora®,"Clover Dog is a soft plush pup with shamrock headbands, bringing festive St. Patrick’s Day cheer to gifts, décor, or seasonal collections.",http://auroragift.com/cdn/shop/files/77345.jpg?v=1758828087,https://auroragift.com/products/77345-6in-st-patricks-clover-dog,5,4.5,7
92943230613,St. Patrick Golden Lab - Festive St. Patrick’s Day Plush - Aurora®,"Clover Dog is a soft plush pup with shamrock headbands, bringing festive St. Patrick’s Day cheer to gifts, décor, or seasonal collections.",http://auroragift.com/cdn/shop/files/77345.jpg?v=1758828087,https://auroragift.com/products/77345-6in-st-patricks-clover-dog,5,4.5,7
92943230620,St. Patrick Golden Lab - Festive St. Patrick’s Day Plush - Aurora®,"Clover Dog is a soft plush pup with shamrock headbands, bringing festive St. Patrick’s Day cheer to gifts, décor, or seasonal collections.",http://auroragift.com/cdn/shop/files/77345.jpg?v=1758828087,https://auroragift.com/products/77345-6in-st-patricks-clover-dog,5,4.5,7
92943230637,St. Patrick Golden Lab - Festive St. Patrick’s Day Plush - Aurora®,"Clover Dog is a soft plush pup with shamrock headbands, bringing festive St. Patrick’s Day cheer to gifts, décor, or seasonal collections.",http://auroragift.com/cdn/shop/files/77345.jpg?v=1758828087,https://auroragift.com/products/77345-6in-st-patricks-clover-dog,5,4.5,7
92943231047,St. Patrick Golden Lab - Festive St. Patrick’s Day Plush - Aurora®,"Clover Dog is a soft plush pup with shamrock headbands, bringing festive St. Patrick’s Day cheer to gifts, décor, or seasonal collections.",http://auroragift.com/cdn/shop/files/77345.jpg?v=1758828087,https://auroragift.com/products/77345-6in-st-patricks-clover-dog,5,4.5,7
92943231054,St. Patrick Golden Lab - Festive St. Patrick’s Day Plush - Aurora®,"Clover Dog is a soft plush pup with shamrock headbands, bringing festive St. Patrick’s Day cheer to gifts, décor, or seasonal collections.",http://auroragift.com/cdn/shop/files/77345.jpg?v=1758828087,https://auroragift.com/products/77345-6in-st-patricks-clover-dog,5,4.5,7
92943231061,St. Patrick Golden Lab - Festive St. Patrick’s Day Plush - Aurora®,"Clover Dog is a soft plush pup with shamrock headbands, bringing festive St. Patrick’s Day cheer to gifts, décor, or seasonal collections.",http://auroragift.com/cdn/shop/files/77345.jpg?v=1758828087,https://auroragift.com/products/77345-6in-st-patricks-clover-dog,5,4.5,7
92943231382,St. Patrick Golden Lab - Festive St. Patrick’s Day Plush - Aurora®,"Clover Dog is a soft plush pup with shamrock headbands, bringing festive St. Patrick’s Day cheer to gifts, décor, or seasonal collections.",http://auroragift.com/cdn/shop/files/77345.jpg?v=1758828087,https://auroragift.com/products/77345-6in-st-patricks-clover-dog,5,4.5,7
92943232532,St. Patrick Golden Lab - Festive St. Patrick’s Day Plush - Aurora®,"Clover Dog is a soft plush pup with shamrock headbands, bringing festive St. Patrick’s Day cheer to gifts, décor, or seasonal collections.",http://auroragift.com/cdn/shop/files/77345.jpg?v=1758828087,https://auroragift.com/products/77345-6in-st-patricks-clover-dog,5,4.5,7
92943232556,St. Patrick Golden Lab - Festive St. Patrick’s Day Plush - Aurora®,"Clover Dog is a soft plush pup with shamrock headbands, bringing festive St. Patrick’s Day cheer to gifts, décor, or seasonal collections.",http://auroragift.com/cdn/shop/files/77345.jpg?v=1758828087,https://auroragift.com/products/77345-6in-st-patricks-clover-dog,5,4.5,7
92943232990,St. Patrick Golden Lab - Festive St. Patrick’s Day Plush - Aurora®,"Clover Dog is a soft plush pup with shamrock headbands, bringing festive St. Patrick’s Day cheer to gifts, décor, or seasonal collections.",http://auroragift.com/cdn/shop/files/77345.jpg?v=1758828087,https://auroragift.com/products/77345-6in-st-patricks-clover-dog,5,4.5,7
92943233164,St. Patrick Golden Lab - Festive St. Patrick’s Day Plush - Aurora®,"Clover Dog is a soft plush pup with shamrock headbands, bringing festive St. Patrick’s Day cheer to gifts, décor, or seasonal collections.",http://auroragift.com/cdn/shop/files/77345.jpg?v=1758828087,https://auroragift.com/products/77345-6in-st-patricks-clover-dog,5,4.5,7
92943233188,St. Patrick Golden Lab - Festive St. Patrick’s Day Plush - Aurora®,"Clover Dog is a soft plush pup with shamrock headbands, bringing festive St. Patrick’s Day cheer to gifts, décor, or seasonal collections.",http://auroragift.com/cdn/shop/files/77345.jpg?v=1758828087,https://auroragift.com/products/77345-6in-st-patricks-clover-dog,5,4.5,7
92943233560,St. Patrick Golden Lab - Festive St. Patrick’s Day Plush - Aurora®,"Clover Dog is a soft plush pup with shamrock headbands, bringing festive St. Patrick’s Day cheer to gifts, décor, or seasonal collections.",http://auroragift.com/cdn/shop/files/77345.jpg?v=1758828087,https://auroragift.com/products/77345-6in-st-patricks-clover-dog,5,4.5,7
92943233805,St. Patrick Golden Lab - Festive St. Patrick’s Day Plush - Aurora®,"Clover Dog is a soft plush pup with shamrock headbands, bringing festive St. Patrick’s Day cheer to gifts, décor, or seasonal collections.",http://auroragift.com/cdn/shop/files/77345.jpg?v=1758828087,https://auroragift.com/products/77345-6in-st-patricks-clover-dog,5,4.5,7
92943233812,St. Patrick Golden Lab - Festive St. Patrick’s Day Plush - Aurora®,"Clover Dog is a soft plush pup with shamrock headbands, bringing festive St. Patrick’s Day cheer to gifts, décor, or seasonal collections.",http://auroragift.com/cdn/shop/files/77345.jpg?v=1758828087,https://auroragift.com/products/77345-6in-st-patricks-clover-dog,5,4.5,7
92943234024,St. Patrick Golden Lab - Festive St. Patrick’s Day Plush - Aurora®,"Clover Dog is a soft plush pup with shamrock headbands, bringing festive St. Patrick’s Day cheer to gifts, décor, or seasonal collections.",http://auroragift.com/cdn/shop/files/77345.jpg?v=1758828087,https://auroragift.com/products/77345-6in-st-patricks-clover-dog,5,4.5,7
92943234031,St. Patrick Golden Lab - Festive St. Patrick’s Day Plush - Aurora®,"Clover Dog is a soft plush pup with shamrock headbands, bringing festive St. Patrick’s Day cheer to gifts, décor, or seasonal collections.",http://auroragift.com/cdn/shop/files/77345.jpg?v=1758828087,https://auroragift.com/products/77345-6in-st-patricks-clover-dog,5,4.5,7
92943234192,St. Patrick Golden Lab - Festive St. Patrick’s Day Plush - Aurora®,"Clover Dog is a soft plush pup with shamrock headbands, bringing festive St. Patrick’s Day cheer to gifts, décor, or seasonal collections.",http://auroragift.com/cdn/shop/files/77345.jpg?v=1758828087,https://auroragift.com/products/77345-6in-st-patricks-clover-dog,5,4.5,7
92943234239,St. Patrick Golden Lab - Festive St. Patrick’s Day Plush - Aurora®,"Clover Dog is a soft plush pup with shamrock headbands, bringing festive St. Patrick’s Day cheer to gifts, décor, or seasonal collections.",http://auroragift.com/cdn/shop/files/77345.jpg?v=1758828087,https://auroragift.com/products/77345-6in-st-patricks-clover-dog,5,4.5,7
92943234246,St. Patrick Golden Lab - Festive St. Patrick’s Day Plush - Aurora®,"Clover Dog is a soft plush pup with shamrock headbands, bringing festive St. Patrick’s Day cheer to gifts, décor, or seasonal collections.",http://auroragift.com/cdn/shop/files/77345.jpg?v=1758828087,https://auroragift.com/products/77345-6in-st-patricks-clover-dog,5,4.5,7
92943234864,St. Patrick Golden Lab - Festive St. Patrick’s Day Plush - Aurora®,"Clover Dog is a soft plush pup with shamrock headbands, bringing festive St. Patrick’s Day cheer to gifts, décor, or seasonal collections.",http://auroragift.com/cdn/shop/files/77345.jpg?v=1758828087,https://auroragift.com/products/77345-6in-st-patricks-clover-dog,5,4.5,7
92943261556,St. Patrick Golden Lab - Festive St. Patrick’s Day Plush - Aurora®,"Clover Dog is a soft plush pup with shamrock headbands, bringing festive St. Patrick’s Day cheer to gifts, décor, or seasonal collections.",http://auroragift.com/cdn/shop/files/77345.jpg?v=1758828087,https://auroragift.com/products/77345-6in-st-patricks-clover-dog,5,4.5,7
92943261785,St. Patrick Golden Lab - Festive St. Patrick’s Day Plush - Aurora®,"Clover Dog is a soft plush pup with shamrock headbands, bringing festive St. Patrick’s Day cheer to gifts, décor, or seasonal collections.",http://auroragift.com/cdn/shop/files/77345.jpg?v=1758828087,https://auroragift.com/products/77345-6in-st-patricks-clover-dog,5,4.5,7
92943261808,St. Patrick Golden Lab - Festive St. Patrick’s Day Plush - Aurora®,"Clover Dog is a soft plush pup with shamrock headbands, bringing festive St. Patrick’s Day cheer to gifts, décor, or seasonal collections.",http://auroragift.com/cdn/shop/files/77345.jpg?v=1758828087,https://auroragift.com/products/77345-6in-st-patricks-clover-dog,5,4.5,7
92943262119,St. Patrick Golden Lab - Festive St. Patrick’s Day Plush - Aurora®,"Clover Dog is a soft plush pup with shamrock headbands, bringing festive St. Patrick’s Day cheer to gifts, décor, or seasonal collections.",http://auroragift.com/cdn/shop/files/77345.jpg?v=1758828087,https://auroragift.com/products/77345-6in-st-patricks-clover-dog,5,4.5,7
92943262492,St. Patrick Golden Lab - Festive St. Patrick’s Day Plush - Aurora®,"Clover Dog is a soft plush pup with shamrock headbands, bringing festive St. Patrick’s Day cheer to gifts, décor, or seasonal collections.",http://auroragift.com/cdn/shop/files/77345.jpg?v=1758828087,https://auroragift.com/products/77345-6in-st-patricks-clover-dog,5,4.5,7
92943262508,St. Patrick Golden Lab - Festive St. Patrick’s Day Plush - Aurora®,"Clover Dog is a soft plush pup with shamrock headbands, bringing festive St. Patrick’s Day cheer to gifts, décor, or seasonal collections.",http://auroragift.com/cdn/shop/files/77345.jpg?v=1758828087,https://auroragift.com/products/77345-6in-st-patricks-clover-dog,5,4.5,7
92943262522,St. Patrick Golden Lab - Festive St. Patrick’s Day Plush - Aurora®,"Clover Dog is a soft plush pup with shamrock headbands, bringing festive St. Patrick’s Day cheer to gifts, décor, or seasonal collections.",http://auroragift.com/cdn/shop/files/77345.jpg?v=1758828087,https://auroragift.com/products/77345-6in-st-patricks-clover-dog,5,4.5,7
92943262782,St. Patrick Golden Lab - Festive St. Patrick’s Day Plush - Aurora®,"Clover Dog is a soft plush pup with shamrock headbands, bringing festive St. Patrick’s Day cheer to gifts, décor, or seasonal collections.",http://auroragift.com/cdn/shop/files/77345.jpg?v=1758828087,https://auroragift.com/products/77345-6in-st-patricks-clover-dog,5,4.5,7
92943262836,St. Patrick Golden Lab - Festive St. Patrick’s Day Plush - Aurora®,"Clover Dog is a soft plush pup with shamrock headbands, bringing festive St. Patrick’s Day cheer to gifts, décor, or seasonal collections.",http://auroragift.com/cdn/shop/files/77345.jpg?v=1758828087,https://auroragift.com/products/77345-6in-st-patricks-clover-dog,5,4.5,7
92943262928,St. Patrick Golden Lab - Festive St. Patrick’s Day Plush - Aurora®,"Clover Dog is a soft plush pup with shamrock headbands, bringing festive St. Patrick’s Day cheer to gifts, décor, or seasonal collections.",http://auroragift.com/cdn/shop/files/77345.jpg?v=1758828087,https://auroragift.com/products/77345-6in-st-patricks-clover-dog,5,4.5,7
92943262997,St. Patrick Golden Lab - Festive St. Patrick’s Day Plush - Aurora®,"Clover Dog is a soft plush pup with shamrock headbands, bringing festive St. Patrick’s Day cheer to gifts, décor, or seasonal collections.",http://auroragift.com/cdn/shop/files/77345.jpg?v=1758828087,https://auroragift.com/products/77345-6in-st-patricks-clover-dog,5,4.5,7
92943263260,St. Patrick Golden Lab - Festive St. Patrick’s Day Plush - Aurora®,"Clover Dog is a soft plush pup with shamrock headbands, bringing festive St. Patrick’s Day cheer to gifts, décor, or seasonal collections.",http://auroragift.com/cdn/shop/files/77345.jpg?v=1758828087,https://auroragift.com/products/77345-6in-st-patricks-clover-dog,5,4.5,7
92943263390,St. Patrick Golden Lab - Festive St. Patrick’s Day Plush - Aurora®,"Clover Dog is a soft plush pup with shamrock headbands, bringing festive St. Patrick’s Day cheer to gifts, décor, or seasonal collections.",http://auroragift.com/cdn/shop/files/77345.jpg?v=1758828087,https://auroragift.com/products/77345-6in-st-patricks-clover-dog,5,4.5,7
92943263628,St. Patrick Golden Lab - Festive St. Patrick’s Day Plush - Aurora®,"Clover Dog is a soft plush pup with shamrock headbands, bringing festive St. Patrick’s Day cheer to gifts, décor, or seasonal collections.",http://auroragift.com/cdn/shop/files/77345.jpg?v=1758828087,https://auroragift.com/products/77345-6in-st-patricks-clover-dog,5,4.5,7
92943263703,St. Patrick Golden Lab - Festive St. Patrick’s Day Plush - Aurora®,"Clover Dog is a soft plush pup with shamrock headbands, bringing festive St. Patrick’s Day cheer to gifts, décor, or seasonal collections.",http://auroragift.com/cdn/shop/files/77345.jpg?v=1758828087,https://auroragift.com/products/77345-6in-st-patricks-clover-dog,5,4.5,7
92943263727,St. Patrick Golden Lab - Festive St. Patrick’s Day Plush - Aurora®,"Clover Dog is a soft plush pup with shamrock headbands, bringing festive St. Patrick’s Day cheer to gifts, décor, or seasonal collections.",http://auroragift.com/cdn/shop/files/77345.jpg?v=1758828087,https://auroragift.com/products/77345-6in-st-patricks-clover-dog,5,4.5,7
92943263789,St. Patrick Golden Lab - Festive St. Patrick’s Day Plush - Aurora®,"Clover Dog is a soft plush pup with shamrock headbands, bringing festive St. Patrick’s Day cheer to gifts, décor, or seasonal collections.",http://auroragift.com/cdn/shop/files/77345.jpg?v=1758828087,https://auroragift.com/products/77345-6in-st-patricks-clover-dog,5,4.5,7
92943263796,St. Patrick Golden Lab - Festive St. Patrick’s Day Plush - Aurora®,"Clover Dog is a soft plush pup with shamrock headbands, bringing festive St. Patrick’s Day cheer to gifts, décor, or seasonal collections.",http://auroragift.com/cdn/shop/files/77345.jpg?v=1758828087,https://auroragift.com/products/77345-6in-st-patricks-clover-dog,5,4.5,7
92943264045,St. Patrick Golden Lab - Festive St. Patrick’s Day Plush - Aurora®,"Clover Dog is a soft plush pup with shamrock headbands, bringing festive St. Patrick’s Day cheer to gifts, décor, or seasonal collections.",http://auroragift.com/cdn/shop/files/77345.jpg?v=1758828087,https://auroragift.com/products/77345-6in-st-patricks-clover-dog,5,4.5,7
92943264212,St. Patrick Golden Lab - Festive St. Patrick’s Day Plush - Aurora®,"Clover Dog is a soft plush pup with shamrock headbands, bringing festive St. Patrick’s Day cheer to gifts, décor, or seasonal collections.",http://auroragift.com/cdn/shop/files/77345.jpg?v=1758828087,https://auroragift.com/products/77345-6in-st-patricks-clover-dog,5,4.5,7
92943264250,St. Patrick Golden Lab - Festive St. Patrick’s Day Plush - Aurora®,"Clover Dog is a soft plush pup with shamrock headbands, bringing festive St. Patrick’s Day cheer to gifts, décor, or seasonal collections.",http://auroragift.com/cdn/shop/files/77345.jpg?v=1758828087,https://auroragift.com/products/77345-6in-st-patricks-clover-dog,5,4.5,7
92943264267,St. Patrick Golden Lab - Festive St. Patrick’s Day Plush - Aurora®,"Clover Dog is a soft plush pup with shamrock headbands, bringing festive St. Patrick’s Day cheer to gifts, décor, or seasonal collections.",http://auroragift.com/cdn/shop/files/77345.jpg?v=1758828087,https://auroragift.com/products/77345-6in-st-patricks-clover-dog,5,4.5,7
92943264328,St. Patrick Golden Lab - Festive St. Patrick’s Day Plush - Aurora®,"Clover Dog is a soft plush pup with shamrock headbands, bringing festive St. Patrick’s Day cheer to gifts, décor, or seasonal collections.",http://auroragift.com/cdn/shop/files/77345.jpg?v=1758828087,https://auroragift.com/products/77345-6in-st-patricks-clover-dog,5,4.5,7
92943264335,St. Patrick Golden Lab - Festive St. Patrick’s Day Plush - Aurora®,"Clover Dog is a soft plush pup with shamrock headbands, bringing festive St. Patrick’s Day cheer to gifts, décor, or seasonal collections.",http://auroragift.com/cdn/shop/files/77345.jpg?v=1758828087,https://auroragift.com/products/77345-6in-st-patricks-clover-dog,5,4.5,7
92943264359,St. Patrick Golden Lab - Festive St. Patrick’s Day Plush - Aurora®,"Clover Dog is a soft plush pup with shamrock headbands, bringing festive St. Patrick’s Day cheer to gifts, décor, or seasonal collections.",http://auroragift.com/cdn/shop/files/77345.jpg?v=1758828087,https://auroragift.com/products/77345-6in-st-patricks-clover-dog,5,4.5,7
92943264434,St. Patrick Golden Lab - Festive St. Patrick’s Day Plush - Aurora®,"Clover Dog is a soft plush pup with shamrock headbands, bringing festive St. Patrick’s Day cheer to gifts, décor, or seasonal collections.",http://auroragift.com/cdn/shop/files/77345.jpg?v=1758828087,https://auroragift.com/products/77345-6in-st-patricks-clover-dog,5,4.5,7
92943264458,St. Patrick Golden Lab - Festive St. Patrick’s Day Plush - Aurora®,"Clover Dog is a soft plush pup with shamrock headbands, bringing festive St. Patrick’s Day cheer to gifts, décor, or seasonal collections.",http://auroragift.com/cdn/shop/files/77345.jpg?v=1758828087,https://auroragift.com/products/77345-6in-st-patricks-clover-dog,5,4.5,7
92943264465,St. Patrick Golden Lab - Festive St. Patrick’s Day Plush - Aurora®,"Clover Dog is a soft plush pup with shamrock headbands, bringing festive St. Patrick’s Day cheer to gifts, décor, or seasonal collections.",http://auroragift.com/cdn/shop/files/77345.jpg?v=1758828087,https://auroragift.com/products/77345-6in-st-patricks-clover-dog,5,4.5,7
92943264526,St. Patrick Golden Lab - Festive St. Patrick’s Day Plush - Aurora®,"Clover Dog is a soft plush pup with shamrock headbands, bringing festive St. Patrick’s Day cheer to gifts, décor, or seasonal collections.",http://auroragift.com/cdn/shop/files/77345.jpg?v=1758828087,https://auroragift.com/products/77345-6in-st-patricks-clover-dog,5,4.5,7
92943264540,St. Patrick Golden Lab - Festive St. Patrick’s Day Plush - Aurora®,"Clover Dog is a soft plush pup with shamrock headbands, bringing festive St. Patrick’s Day cheer to gifts, décor, or seasonal collections.",http://auroragift.com/cdn/shop/files/77345.jpg?v=1758828087,https://auroragift.com/products/77345-6in-st-patricks-clover-dog,5,4.5,7
92943264595,St. Patrick Golden Lab - Festive St. Patrick’s Day Plush - Aurora®,"Clover Dog is a soft plush pup with shamrock headbands, bringing festive St. Patrick’s Day cheer to gifts, décor, or seasonal collections.",http://auroragift.com/cdn/shop/files/77345.jpg?v=1758828087,https://auroragift.com/products/77345-6in-st-patricks-clover-dog,5,4.5,7
92943264687,St. Patrick Golden Lab - Festive St. Patrick’s Day Plush - Aurora®,"Clover Dog is a soft plush pup with shamrock headbands, bringing festive St. Patrick’s Day cheer to gifts, décor, or seasonal collections.",http://auroragift.com/cdn/shop/files/77345.jpg?v=1758828087,https://auroragift.com/products/77345-6in-st-patricks-clover-dog,5,4.5,7
92943264700,St. Patrick Golden Lab - Festive St. Patrick’s Day Plush - Aurora®,"Clover Dog is a soft plush pup with shamrock headbands, bringing festive St. Patrick’s Day cheer to gifts, décor, or seasonal collections.",http://auroragift.com/cdn/shop/files/77345.jpg?v=1758828087,https://auroragift.com/products/77345-6in-st-patricks-clover-dog,5,4.5,7
92943264823,St. Patrick Golden Lab - Festive St. Patrick’s Day Plush - Aurora®,"Clover Dog is a soft plush pup with shamrock headbands, bringing festive St. Patrick’s Day cheer to gifts, décor, or seasonal collections.",http://auroragift.com/cdn/shop/files/77345.jpg?v=1758828087,https://auroragift.com/products/77345-6in-st-patricks-clover-dog,5,4.5,7
92943264878,St. Patrick Golden Lab - Festive St. Patrick’s Day Plush - Aurora®,"Clover Dog is a soft plush pup with shamrock headbands, bringing festive St. Patrick’s Day cheer to gifts, décor, or seasonal collections.",http://auroragift.com/cdn/shop/files/77345.jpg?v=1758828087,https://auroragift.com/products/77345-6in-st-patricks-clover-dog,5,4.5,7
92943308572,St. Patrick Golden Lab - Festive St. Patrick’s Day Plush - Aurora®,"Clover Dog is a soft plush pup with shamrock headbands, bringing festive St. Patrick’s Day cheer to gifts, décor, or seasonal collections.",http://auroragift.com/cdn/shop/files/77345.jpg?v=1758828087,https://auroragift.com/products/77345-6in-st-patricks-clover-dog,5,4.5,7
92943308664,St. Patrick Golden Lab - Festive St. Patrick’s Day Plush - Aurora®,"Clover Dog is a soft plush pup with shamrock headbands, bringing festive St. Patrick’s Day cheer to gifts, décor, or seasonal collections.",http://auroragift.com/cdn/shop/files/77345.jpg?v=1758828087,https://auroragift.com/products/77345-6in-st-patricks-clover-dog,5,4.5,7
92943311121,St. Patrick Golden Lab - Festive St. Patrick’s Day Plush - Aurora®,"Clover Dog is a soft plush pup with shamrock headbands, bringing festive St. Patrick’s Day cheer to gifts, décor, or seasonal collections.",http://auroragift.com/cdn/shop/files/77345.jpg?v=1758828087,https://auroragift.com/products/77345-6in-st-patricks-clover-dog,5,4.5,7
92943314122,St. Patrick Golden Lab - Festive St. Patrick’s Day Plush - Aurora®,"Clover Dog is a soft plush pup with shamrock headbands, bringing festive St. Patrick’s Day cheer to gifts, décor, or seasonal collections.",http://auroragift.com/cdn/shop/files/77345.jpg?v=1758828087,https://auroragift.com/products/77345-6in-st-patricks-clover-dog,5,4.5,7
92943314238,St. Patrick Golden Lab - Festive St. Patrick’s Day Plush - Aurora®,"Clover Dog is a soft plush pup with shamrock headbands, bringing festive St. Patrick’s Day cheer to gifts, décor, or seasonal collections.",http://auroragift.com/cdn/shop/files/77345.jpg?v=1758828087,https://auroragift.com/products/77345-6in-st-patricks-clover-dog,5,4.5,7
92943314795,St. Patrick Golden Lab - Festive St. Patrick’s Day Plush - Aurora®,"Clover Dog is a soft plush pup with shamrock headbands, bringing festive St. Patrick’s Day cheer to gifts, décor, or seasonal collections.",http://auroragift.com/cdn/shop/files/77345.jpg?v=1758828087,https://auroragift.com/products/77345-6in-st-patricks-clover-dog,5,4.5,7
92943315365,St. Patrick Golden Lab - Festive St. Patrick’s Day Plush - Aurora®,"Clover Dog is a soft plush pup with shamrock headbands, bringing festive St. Patrick’s Day cheer to gifts, décor, or seasonal collections.",http://auroragift.com/cdn/shop/files/77345.jpg?v=1758828087,https://auroragift.com/products/77345-6in-st-patricks-clover-dog,5,4.5,7
92943315396,St. Patrick Golden Lab - Festive St. Patrick’s Day Plush - Aurora®,"Clover Dog is a soft plush pup with shamrock headbands, bringing festive St. Patrick’s Day cheer to gifts, décor, or seasonal collections.",http://auroragift.com/cdn/shop/files/77345.jpg?v=1758828087,https://auroragift.com/products/77345-6in-st-patricks-clover-dog,5,4.5,7
92943315662,St. Patrick Golden Lab - Festive St. Patrick’s Day Plush - Aurora®,"Clover Dog is a soft plush pup with shamrock headbands, bringing festive St. Patrick’s Day cheer to gifts, décor, or seasonal collections.",http://auroragift.com/cdn/shop/files/77345.jpg?v=1758828087,https://auroragift.com/products/77345-6in-st-patricks-clover-dog,5,4.5,7
92943315877,St. Patrick Golden Lab - Festive St. Patrick’s Day Plush - Aurora®,"Clover Dog is a soft plush pup with shamrock headbands, bringing festive St. Patrick’s Day cheer to gifts, décor, or seasonal collections.",http://auroragift.com/cdn/shop/files/77345.jpg?v=1758828087,https://auroragift.com/products/77345-6in-st-patricks-clover-dog,5,4.5,7
92943316164,St. Patrick Golden Lab - Festive St. Patrick’s Day Plush - Aurora®,"Clover Dog is a soft plush pup with shamrock headbands, bringing festive St. Patrick’s Day cheer to gifts, décor, or seasonal collections.",http://auroragift.com/cdn/shop/files/77345.jpg?v=1758828087,https://auroragift.com/products/77345-6in-st-patricks-clover-dog,5,4.5,7
92943316515,St. Patrick Golden Lab - Festive St. Patrick’s Day Plush - Aurora®,"Clover Dog is a soft plush pup with shamrock headbands, bringing festive St. Patrick’s Day cheer to gifts, décor, or seasonal collections.",http://auroragift.com/cdn/shop/files/77345.jpg?v=1758828087,https://auroragift.com/products/77345-6in-st-patricks-clover-dog,5,4.5,7
92943316607,St. Patrick Golden Lab - Festive St. Patrick’s Day Plush - Aurora®,"Clover Dog is a soft plush pup with shamrock headbands, bringing festive St. Patrick’s Day cheer to gifts, décor, or seasonal collections.",http://auroragift.com/cdn/shop/files/77345.jpg?v=1758828087,https://auroragift.com/products/77345-6in-st-patricks-clover-dog,5,4.5,7
92943316621,St. Patrick Golden Lab - Festive St. Patrick’s Day Plush - Aurora®,"Clover Dog is a soft plush pup with shamrock headbands, bringing festive St. Patrick’s Day cheer to gifts, décor, or seasonal collections.",http://auroragift.com/cdn/shop/files/77345.jpg?v=1758828087,https://auroragift.com/products/77345-6in-st-patricks-clover-dog,5,4.5,7
92943316638,St. Patrick Golden Lab - Festive St. Patrick’s Day Plush - Aurora®,"Clover Dog is a soft plush pup with shamrock headbands, bringing festive St. Patrick’s Day cheer to gifts, décor, or seasonal collections.",http://auroragift.com/cdn/shop/files/77345.jpg?v=1758828087,https://auroragift.com/products/77345-6in-st-patricks-clover-dog,5,4.5,7
92943316669,St. Patrick Golden Lab - Festive St. Patrick’s Day Plush - Aurora®,"Clover Dog is a soft plush pup with shamrock headbands, bringing festive St. Patrick’s Day cheer to gifts, décor, or seasonal collections.",http://auroragift.com/cdn/shop/files/77345.jpg?v=1758828087,https://auroragift.com/products/77345-6in-st-patricks-clover-dog,5,4.5,7
92943316720,St. Patrick Golden Lab - Festive St. Patrick’s Day Plush - Aurora®,"Clover Dog is a soft plush pup with shamrock headbands, bringing festive St. Patrick’s Day cheer to gifts, décor, or seasonal collections.",http://auroragift.com/cdn/shop/files/77345.jpg?v=1758828087,https://auroragift.com/products/77345-6in-st-patricks-clover-dog,5,4.5,7
92943319226,St. Patrick Golden Lab - Festive St. Patrick’s Day Plush - Aurora®,"Clover Dog is a soft plush pup with shamrock headbands, bringing festive St. Patrick’s Day cheer to gifts, décor, or seasonal collections.",http://auroragift.com/cdn/shop/files/77345.jpg?v=1758828087,https://auroragift.com/products/77345-6in-st-patricks-clover-dog,5,4.5,7
92943319486,St. Patrick Golden Lab - Festive St. Patrick’s Day Plush - Aurora®,"Clover Dog is a soft plush pup with shamrock headbands, bringing festive St. Patrick’s Day cheer to gifts, décor, or seasonal collections.",http://auroragift.com/cdn/shop/files/77345.jpg?v=1758828087,https://auroragift.com/products/77345-6in-st-patricks-clover-dog,5,4.5,7
92943334717,St. Patrick Golden Lab - Festive St. Patrick’s Day Plush - Aurora®,"Clover Dog is a soft plush pup with shamrock headbands, bringing festive St. Patrick’s Day cheer to gifts, décor, or seasonal collections.",http://auroragift.com/cdn/shop/files/77345.jpg?v=1758828087,https://auroragift.com/products/77345-6in-st-patricks-clover-dog,5,4.5,7
92943334779,St. Patrick Golden Lab - Festive St. Patrick’s Day Plush - Aurora®,"Clover Dog is a soft plush pup with shamrock headbands, bringing festive St. Patrick’s Day cheer to gifts, décor, or seasonal collections.",http://auroragift.com/cdn/shop/files/77345.jpg?v=1758828087,https://auroragift.com/products/77345-6in-st-patricks-clover-dog,5,4.5,7
92943334823,St. Patrick Golden Lab - Festive St. Patrick’s Day Plush - Aurora®,"Clover Dog is a soft plush pup with shamrock headbands, bringing festive St. Patrick’s Day cheer to gifts, décor, or seasonal collections.",http://auroragift.com/cdn/shop/files/77345.jpg?v=1758828087,https://auroragift.com/products/77345-6in-st-patricks-clover-dog,5,4.5,7
92943335240,St. Patrick Golden Lab - Festive St. Patrick’s Day Plush - Aurora®,"Clover Dog is a soft plush pup with shamrock headbands, bringing festive St. Patrick’s Day cheer to gifts, décor, or seasonal collections.",http://auroragift.com/cdn/shop/files/77345.jpg?v=1758828087,https://auroragift.com/products/77345-6in-st-patricks-clover-dog,5,4.5,7
92943335264,St. Patrick Golden Lab - Festive St. Patrick’s Day Plush - Aurora®,"Clover Dog is a soft plush pup with shamrock headbands, bringing festive St. Patrick’s Day cheer to gifts, décor, or seasonal collections.",http://auroragift.com/cdn/shop/files/77345.jpg?v=1758828087,https://auroragift.com/products/77345-6in-st-patricks-clover-dog,5,4.5,7
92943335271,St. Patrick Golden Lab - Festive St. Patrick’s Day Plush - Aurora®,"Clover Dog is a soft plush pup with shamrock headbands, bringing festive St. Patrick’s Day cheer to gifts, décor, or seasonal collections.",http://auroragift.com/cdn/shop/files/77345.jpg?v=1758828087,https://auroragift.com/products/77345-6in-st-patricks-clover-dog,5,4.5,7
92943335301,St. Patrick Golden Lab - Festive St. Patrick’s Day Plush - Aurora®,"Clover Dog is a soft plush pup with shamrock headbands, bringing festive St. Patrick’s Day cheer to gifts, décor, or seasonal collections.",http://auroragift.com/cdn/shop/files/77345.jpg?v=1758828087,https://auroragift.com/products/77345-6in-st-patricks-clover-dog,5,4.5,7
92943335325,St. Patrick Golden Lab - Festive St. Patrick’s Day Plush - Aurora®,"Clover Dog is a soft plush pup with shamrock headbands, bringing festive St. Patrick’s Day cheer to gifts, décor, or seasonal collections.",http://auroragift.com/cdn/shop/files/77345.jpg?v=1758828087,https://auroragift.com/products/77345-6in-st-patricks-clover-dog,5,4.5,7
92943335332,St. Patrick Golden Lab - Festive St. Patrick’s Day Plush - Aurora®,"Clover Dog is a soft plush pup with shamrock headbands, bringing festive St. Patrick’s Day cheer to gifts, décor, or seasonal collections.",http://auroragift.com/cdn/shop/files/77345.jpg?v=1758828087,https://auroragift.com/products/77345-6in-st-patricks-clover-dog,5,4.5,7
92943335547,St. Patrick Golden Lab - Festive St. Patrick’s Day Plush - Aurora®,"Clover Dog is a soft plush pup with shamrock headbands, bringing festive St. Patrick’s Day cheer to gifts, décor, or seasonal collections.",http://auroragift.com/cdn/shop/files/77345.jpg?v=1758828087,https://auroragift.com/products/77345-6in-st-patricks-clover-dog,5,4.5,7
92943335585,St. Patrick Golden Lab - Festive St. Patrick’s Day Plush - Aurora®,"Clover Dog is a soft plush pup with shamrock headbands, bringing festive St. Patrick’s Day cheer to gifts, décor, or seasonal collections.",http://auroragift.com/cdn/shop/files/77345.jpg?v=1758828087,https://auroragift.com/products/77345-6in-st-patricks-clover-dog,5,4.5,7
92943335691,St. Patrick Golden Lab - Festive St. Patrick’s Day Plush - Aurora®,"Clover Dog is a soft plush pup with shamrock headbands, bringing festive St. Patrick’s Day cheer to gifts, décor, or seasonal collections.",http://auroragift.com/cdn/shop/files/77345.jpg?v=1758828087,https://auroragift.com/products/77345-6in-st-patricks-clover-dog,5,4.5,7
92943335738,St. Patrick Golden Lab - Festive St. Patrick’s Day Plush - Aurora®,"Clover Dog is a soft plush pup with shamrock headbands, bringing festive St. Patrick’s Day cheer to gifts, décor, or seasonal collections.",http://auroragift.com/cdn/shop/files/77345.jpg?v=1758828087,https://auroragift.com/products/77345-6in-st-patricks-clover-dog,5,4.5,7
92943335745,St. Patrick Golden Lab - Festive St. Patrick’s Day Plush - Aurora®,"Clover Dog is a soft plush pup with shamrock headbands, bringing festive St. Patrick’s Day cheer to gifts, décor, or seasonal collections.",http://auroragift.com/cdn/shop/files/77345.jpg?v=1758828087,https://auroragift.com/products/77345-6in-st-patricks-clover-dog,5,4.5,7
92943335752,St. Patrick Golden Lab - Festive St. Patrick’s Day Plush - Aurora®,"Clover Dog is a soft plush pup with shamrock headbands, bringing festive St. Patrick’s Day cheer to gifts, décor, or seasonal collections.",http://auroragift.com/cdn/shop/files/77345.jpg?v=1758828087,https://auroragift.com/products/77345-6in-st-patricks-clover-dog,5,4.5,7
92943335769,St. Patrick Golden Lab - Festive St. Patrick’s Day Plush - Aurora®,"Clover Dog is a soft plush pup with shamrock headbands, bringing festive St. Patrick’s Day cheer to gifts, décor, or seasonal collections.",http://auroragift.com/cdn/shop/files/77345.jpg?v=1758828087,https://auroragift.com/products/77345-6in-st-patricks-clover-dog,5,4.5,7
92943336148,St. Patrick Golden Lab - Festive St. Patrick’s Day Plush - Aurora®,"Clover Dog is a soft plush pup with shamrock headbands, bringing festive St. Patrick’s Day cheer to gifts, décor, or seasonal collections.",http://auroragift.com/cdn/shop/files/77345.jpg?v=1758828087,https://auroragift.com/products/77345-6in-st-patricks-clover-dog,5,4.5,7
92943336155,St. Patrick Golden Lab - Festive St. Patrick’s Day Plush - Aurora®,"Clover Dog is a soft plush pup with shamrock headbands, bringing festive St. Patrick’s Day cheer to gifts, décor, or seasonal collections.",http://auroragift.com/cdn/shop/files/77345.jpg?v=1758828087,https://auroragift.com/products/77345-6in-st-patricks-clover-dog,5,4.5,7
92943336193,St. Patrick Golden Lab - Festive St. Patrick’s Day Plush - Aurora®,"Clover Dog is a soft plush pup with shamrock headbands, bringing festive St. Patrick’s Day cheer to gifts, décor, or seasonal collections.",http://auroragift.com/cdn/shop/files/77345.jpg?v=1758828087,https://auroragift.com/products/77345-6in-st-patricks-clover-dog,5,4.5,7
92943336209,St. Patrick Golden Lab - Festive St. Patrick’s Day Plush - Aurora®,"Clover Dog is a soft plush pup with shamrock headbands, bringing festive St. Patrick’s Day cheer to gifts, décor, or seasonal collections.",http://auroragift.com/cdn/shop/files/77345.jpg?v=1758828087,https://auroragift.com/products/77345-6in-st-patricks-clover-dog,5,4.5,7
92943336759,St. Patrick Golden Lab - Festive St. Patrick’s Day Plush - Aurora®,"Clover Dog is a soft plush pup with shamrock headbands, bringing festive St. Patrick’s Day cheer to gifts, décor, or seasonal collections.",http://auroragift.com/cdn/shop/files/77345.jpg?v=1758828087,https://auroragift.com/products/77345-6in-st-patricks-clover-dog,5,4.5,7
92943336773,St. Patrick Golden Lab - Festive St. Patrick’s Day Plush - Aurora®,"Clover Dog is a soft plush pup with shamrock headbands, bringing festive St. Patrick’s Day cheer to gifts, décor, or seasonal collections.",http://auroragift.com/cdn/shop/files/77345.jpg?v=1758828087,https://auroragift.com/products/77345-6in-st-patricks-clover-dog,5,4.5,7
92943336780,St. Patrick Golden Lab - Festive St. Patrick’s Day Plush - Aurora®,"Clover Dog is a soft plush pup with shamrock headbands, bringing festive St. Patrick’s Day cheer to gifts, décor, or seasonal collections.",http://auroragift.com/cdn/shop/files/77345.jpg?v=1758828087,https://auroragift.com/products/77345-6in-st-patricks-clover-dog,5,4.5,7
92943336810,St. Patrick Golden Lab - Festive St. Patrick’s Day Plush - Aurora®,"Clover Dog is a soft plush pup with shamrock headbands, bringing festive St. Patrick’s Day cheer to gifts, décor, or seasonal collections.",http://auroragift.com/cdn/shop/files/77345.jpg?v=1758828087,https://auroragift.com/products/77345-6in-st-patricks-clover-dog,5,4.5,7
92943336827,St. Patrick Golden Lab - Festive St. Patrick’s Day Plush - Aurora®,"Clover Dog is a soft plush pup with shamrock headbands, bringing festive St. Patrick’s Day cheer to gifts, décor, or seasonal collections.",http://auroragift.com/cdn/shop/files/77345.jpg?v=1758828087,https://auroragift.com/products/77345-6in-st-patricks-clover-dog,5,4.5,7
92943336858,St. Patrick Golden Lab - Festive St. Patrick’s Day Plush - Aurora®,"Clover Dog is a soft plush pup with shamrock headbands, bringing festive St. Patrick’s Day cheer to gifts, décor, or seasonal collections.",http://auroragift.com/cdn/shop/files/77345.jpg?v=1758828087,https://auroragift.com/products/77345-6in-st-patricks-clover-dog,5,4.5,7
92943336872,St. Patrick Golden Lab - Festive St. Patrick’s Day Plush - Aurora®,"Clover Dog is a soft plush pup with shamrock headbands, bringing festive St. Patrick’s Day cheer to gifts, décor, or seasonal collections.",http://auroragift.com/cdn/shop/files/77345.jpg?v=1758828087,https://auroragift.com/products/77345-6in-st-patricks-clover-dog,5,4.5,7
92943336889,St. Patrick Golden Lab - Festive St. Patrick’s Day Plush - Aurora®,"Clover Dog is a soft plush pup with shamrock headbands, bringing festive St. Patrick’s Day cheer to gifts, décor, or seasonal collections.",http://auroragift.com/cdn/shop/files/77345.jpg?v=1758828087,https://auroragift.com/products/77345-6in-st-patricks-clover-dog,5,4.5,7
92943336964,St. Patrick Golden Lab - Festive St. Patrick’s Day Plush - Aurora®,"Clover Dog is a soft plush pup with shamrock headbands, bringing festive St. Patrick’s Day cheer to gifts, décor, or seasonal collections.",http://auroragift.com/cdn/shop/files/77345.jpg?v=1758828087,https://auroragift.com/products/77345-6in-st-patricks-clover-dog,5,4.5,7
92943337190,St. Patrick Golden Lab - Festive St. Patrick’s Day Plush - Aurora®,"Clover Dog is a soft plush pup with shamrock headbands, bringing festive St. Patrick’s Day cheer to gifts, décor, or seasonal collections.",http://auroragift.com/cdn/shop/files/77345.jpg?v=1758828087,https://auroragift.com/products/77345-6in-st-patricks-clover-dog,5,4.5,7
92943337206,St. Patrick Golden Lab - Festive St. Patrick’s Day Plush - Aurora®,"Clover Dog is a soft plush pup with shamrock headbands, bringing festive St. Patrick’s Day cheer to gifts, décor, or seasonal collections.",http://auroragift.com/cdn/shop/files/77345.jpg?v=1758828087,https://auroragift.com/products/77345-6in-st-patricks-clover-dog,5,4.5,7
92943337220,St. Patrick Golden Lab - Festive St. Patrick’s Day Plush - Aurora®,"Clover Dog is a soft plush pup with shamrock headbands, bringing festive St. Patrick’s Day cheer to gifts, décor, or seasonal collections.",http://auroragift.com/cdn/shop/files/77345.jpg?v=1758828087,https://auroragift.com/products/77345-6in-st-patricks-clover-dog,5,4.5,7
92943337275,St. Patrick Golden Lab - Festive St. Patrick’s Day Plush - Aurora®,"Clover Dog is a soft plush pup with shamrock headbands, bringing festive St. Patrick’s Day cheer to gifts, décor, or seasonal collections.",http://auroragift.com/cdn/shop/files/77345.jpg?v=1758828087,https://auroragift.com/products/77345-6in-st-patricks-clover-dog,5,4.5,7
92943337282,St. Patrick Golden Lab - Festive St. Patrick’s Day Plush - Aurora®,"Clover Dog is a soft plush pup with shamrock headbands, bringing festive St. Patrick’s Day cheer to gifts, décor, or seasonal collections.",http://auroragift.com/cdn/shop/files/77345.jpg?v=1758828087,https://auroragift.com/products/77345-6in-st-patricks-clover-dog,5,4.5,7
92943337336,St. Patrick Golden Lab - Festive St. Patrick’s Day Plush - Aurora®,"Clover Dog is a soft plush pup with shamrock headbands, bringing festive St. Patrick’s Day cheer to gifts, décor, or seasonal collections.",http://auroragift.com/cdn/shop/files/77345.jpg?v=1758828087,https://auroragift.com/products/77345-6in-st-patricks-clover-dog,5,4.5,7
92943337572,St. Patrick Golden Lab - Festive St. Patrick’s Day Plush - Aurora®,"Clover Dog is a soft plush pup with shamrock headbands, bringing festive St. Patrick’s Day cheer to gifts, décor, or seasonal collections.",http://auroragift.com/cdn/shop/files/77345.jpg?v=1758828087,https://auroragift.com/products/77345-6in-st-patricks-clover-dog,5,4.5,7
92943337596,St. Patrick Golden Lab - Festive St. Patrick’s Day Plush - Aurora®,"Clover Dog is a soft plush pup with shamrock headbands, bringing festive St. Patrick’s Day cheer to gifts, décor, or seasonal collections.",http://auroragift.com/cdn/shop/files/77345.jpg?v=1758828087,https://auroragift.com/products/77345-6in-st-patricks-clover-dog,5,4.5,7
92943337671,St. Patrick Golden Lab - Festive St. Patrick’s Day Plush - Aurora®,"Clover Dog is a soft plush pup with shamrock headbands, bringing festive St. Patrick’s Day cheer to gifts, décor, or seasonal collections.",http://auroragift.com/cdn/shop/files/77345.jpg?v=1758828087,https://auroragift.com/products/77345-6in-st-patricks-clover-dog,5,4.5,7
92943337718,St. Patrick Golden Lab - Festive St. Patrick’s Day Plush - Aurora®,"Clover Dog is a soft plush pup with shamrock headbands, bringing festive St. Patrick’s Day cheer to gifts, décor, or seasonal collections.",http://auroragift.com/cdn/shop/files/77345.jpg?v=1758828087,https://auroragift.com/products/77345-6in-st-patricks-clover-dog,5,4.5,7
92943337725,St. Patrick Golden Lab - Festive St. Patrick’s Day Plush - Aurora®,"Clover Dog is a soft plush pup with shamrock headbands, bringing festive St. Patrick’s Day cheer to gifts, décor, or seasonal collections.",http://auroragift.com/cdn/shop/files/77345.jpg?v=1758828087,https://auroragift.com/products/77345-6in-st-patricks-clover-dog,5,4.5,7
92943337763,St. Patrick Golden Lab - Festive St. Patrick’s Day Plush - Aurora®,"Clover Dog is a soft plush pup with shamrock headbands, bringing festive St. Patrick’s Day cheer to gifts, décor, or seasonal collections.",http://auroragift.com/cdn/shop/files/77345.jpg?v=1758828087,https://auroragift.com/products/77345-6in-st-patricks-clover-dog,5,4.5,7
92943337879,St. Patrick Golden Lab - Festive St. Patrick’s Day Plush - Aurora®,"Clover Dog is a soft plush pup with shamrock headbands, bringing festive St. Patrick’s Day cheer to gifts, décor, or seasonal collections.",http://auroragift.com/cdn/shop/files/77345.jpg?v=1758828087,https://auroragift.com/products/77345-6in-st-patricks-clover-dog,5,4.5,7
92943337893,St. Patrick Golden Lab - Festive St. Patrick’s Day Plush - Aurora®,"Clover Dog is a soft plush pup with shamrock headbands, bringing festive St. Patrick’s Day cheer to gifts, décor, or seasonal collections.",http://auroragift.com/cdn/shop/files/77345.jpg?v=1758828087,https://auroragift.com/products/77345-6in-st-patricks-clover-dog,5,4.5,7
92943337923,St. Patrick Golden Lab - Festive St. Patrick’s Day Plush - Aurora®,"Clover Dog is a soft plush pup with shamrock headbands, bringing festive St. Patrick’s Day cheer to gifts, décor, or seasonal collections.",http://auroragift.com/cdn/shop/files/77345.jpg?v=1758828087,https://auroragift.com/products/77345-6in-st-patricks-clover-dog,5,4.5,7
92943337954,St. Patrick Golden Lab - Festive St. Patrick’s Day Plush - Aurora®,"Clover Dog is a soft plush pup with shamrock headbands, bringing festive St. Patrick’s Day cheer to gifts, décor, or seasonal collections.",http://auroragift.com/cdn/shop/files/77345.jpg?v=1758828087,https://auroragift.com/products/77345-6in-st-patricks-clover-dog,5,4.5,7
92943338401,St. Patrick Golden Lab - Festive St. Patrick’s Day Plush - Aurora®,"Clover Dog is a soft plush pup with shamrock headbands, bringing festive St. Patrick’s Day cheer to gifts, décor, or seasonal collections.",http://auroragift.com/cdn/shop/files/77345.jpg?v=1758828087,https://auroragift.com/products/77345-6in-st-patricks-clover-dog,5,4.5,7
92943338456,St. Patrick Golden Lab - Festive St. Patrick’s Day Plush - Aurora®,"Clover Dog is a soft plush pup with shamrock headbands, bringing festive St. Patrick’s Day cheer to gifts, décor, or seasonal collections.",http://auroragift.com/cdn/shop/files/77345.jpg?v=1758828087,https://auroragift.com/products/77345-6in-st-patricks-clover-dog,5,4.5,7
92943338494,St. Patrick Golden Lab - Festive St. Patrick’s Day Plush - Aurora®,"Clover Dog is a soft plush pup with shamrock headbands, bringing festive St. Patrick’s Day cheer to gifts, décor, or seasonal collections.",http://auroragift.com/cdn/shop/files/77345.jpg?v=1758828087,https://auroragift.com/products/77345-6in-st-patricks-clover-dog,5,4.5,7
92943338548,St. Patrick Golden Lab - Festive St. Patrick’s Day Plush - Aurora®,"Clover Dog is a soft plush pup with shamrock headbands, bringing festive St. Patrick’s Day cheer to gifts, décor, or seasonal collections.",http://auroragift.com/cdn/shop/files/77345.jpg?v=1758828087,https://auroragift.com/products/77345-6in-st-patricks-clover-dog,5,4.5,7
92943338562,St. Patrick Golden Lab - Festive St. Patrick’s Day Plush - Aurora®,"Clover Dog is a soft plush pup with shamrock headbands, bringing festive St. Patrick’s Day cheer to gifts, décor, or seasonal collections.",http://auroragift.com/cdn/shop/files/77345.jpg?v=1758828087,https://auroragift.com/products/77345-6in-st-patricks-clover-dog,5,4.5,7
92943338579,St. Patrick Golden Lab - Festive St. Patrick’s Day Plush - Aurora®,"Clover Dog is a soft plush pup with shamrock headbands, bringing festive St. Patrick’s Day cheer to gifts, décor, or seasonal collections.",http://auroragift.com/cdn/shop/files/77345.jpg?v=1758828087,https://auroragift.com/products/77345-6in-st-patricks-clover-dog,5,4.5,7
92943338586,St. Patrick Golden Lab - Festive St. Patrick’s Day Plush - Aurora®,"Clover Dog is a soft plush pup with shamrock headbands, bringing festive St. Patrick’s Day cheer to gifts, décor, or seasonal collections.",http://auroragift.com/cdn/shop/files/77345.jpg?v=1758828087,https://auroragift.com/products/77345-6in-st-patricks-clover-dog,5,4.5,7
92943338593,St. Patrick Golden Lab - Festive St. Patrick’s Day Plush - Aurora®,"Clover Dog is a soft plush pup with shamrock headbands, bringing festive St. Patrick’s Day cheer to gifts, décor, or seasonal collections.",http://auroragift.com/cdn/shop/files/77345.jpg?v=1758828087,https://auroragift.com/products/77345-6in-st-patricks-clover-dog,5,4.5,7
92943338647,St. Patrick Golden Lab - Festive St. Patrick’s Day Plush - Aurora®,"Clover Dog is a soft plush pup with shamrock headbands, bringing festive St. Patrick’s Day cheer to gifts, décor, or seasonal collections.",http://auroragift.com/cdn/shop/files/77345.jpg?v=1758828087,https://auroragift.com/products/77345-6in-st-patricks-clover-dog,5,4.5,7
92943341159,St. Patrick Golden Lab - Festive St. Patrick’s Day Plush - Aurora®,"Clover Dog is a soft plush pup with shamrock headbands, bringing festive St. Patrick’s Day cheer to gifts, décor, or seasonal collections.",http://auroragift.com/cdn/shop/files/77345.jpg?v=1758828087,https://auroragift.com/products/77345-6in-st-patricks-clover-dog,5,4.5,7
92943440029,St. Patrick Golden Lab - Festive St. Patrick’s Day Plush - Aurora®,"Clover Dog is a soft plush pup with shamrock headbands, bringing festive St. Patrick’s Day cheer to gifts, décor, or seasonal collections.",http://auroragift.com/cdn/shop/files/77345.jpg?v=1758828087,https://auroragift.com/products/77345-6in-st-patricks-clover-dog,5,4.5,7
92943440036,St. Patrick Golden Lab - Festive St. Patrick’s Day Plush - Aurora®,"Clover Dog is a soft plush pup with shamrock headbands, bringing festive St. Patrick’s Day cheer to gifts, décor, or seasonal collections.",http://auroragift.com/cdn/shop/files/77345.jpg?v=1758828087,https://auroragift.com/products/77345-6in-st-patricks-clover-dog,5,4.5,7
92943442092,St. Patrick Golden Lab - Festive St. Patrick’s Day Plush - Aurora®,"Clover Dog is a soft plush pup with shamrock headbands, bringing festive St. Patrick’s Day cheer to gifts, décor, or seasonal collections.",http://auroragift.com/cdn/shop/files/77345.jpg?v=1758828087,https://auroragift.com/products/77345-6in-st-patricks-clover-dog,5,4.5,7
92943442146,St. Patrick Golden Lab - Festive St. Patrick’s Day Plush - Aurora®,"Clover Dog is a soft plush pup with shamrock headbands, bringing festive St. Patrick’s Day cheer to gifts, décor, or seasonal collections.",http://auroragift.com/cdn/shop/files/77345.jpg?v=1758828087,https://auroragift.com/products/77345-6in-st-patricks-clover-dog,5,4.5,7
92943809857,St. Patrick Golden Lab - Festive St. Patrick’s Day Plush - Aurora®,"Clover Dog is a soft plush pup with shamrock headbands, bringing festive St. Patrick’s Day cheer to gifts, décor, or seasonal collections.",http://auroragift.com/cdn/shop/files/77345.jpg?v=1758828087,https://auroragift.com/products/77345-6in-st-patricks-clover-dog,5,4.5,7
92943820548,St. Patrick Golden Lab - Festive St. Patrick’s Day Plush - Aurora®,"Clover Dog is a soft plush pup with shamrock headbands, bringing festive St. Patrick’s Day cheer to gifts, décor, or seasonal collections.",http://auroragift.com/cdn/shop/files/77345.jpg?v=1758828087,https://auroragift.com/products/77345-6in-st-patricks-clover-dog,5,4.5,7
92943820586,St. Patrick Golden Lab - Festive St. Patrick’s Day Plush - Aurora®,"Clover Dog is a soft plush pup with shamrock headbands, bringing festive St. Patrick’s Day cheer to gifts, décor, or seasonal collections.",http://auroragift.com/cdn/shop/files/77345.jpg?v=1758828087,https://auroragift.com/products/77345-6in-st-patricks-clover-dog,5,4.5,7
92943820609,St. Patrick Golden Lab - Festive St. Patrick’s Day Plush - Aurora®,"Clover Dog is a soft plush pup with shamrock headbands, bringing festive St. Patrick’s Day cheer to gifts, décor, or seasonal collections.",http://auroragift.com/cdn/shop/files/77345.jpg?v=1758828087,https://auroragift.com/products/77345-6in-st-patricks-clover-dog,5,4.5,7
92943820623,St. Patrick Golden Lab - Festive St. Patrick’s Day Plush - Aurora®,"Clover Dog is a soft plush pup with shamrock headbands, bringing festive St. Patrick’s Day cheer to gifts, décor, or seasonal collections.",http://auroragift.com/cdn/shop/files/77345.jpg?v=1758828087,https://auroragift.com/products/77345-6in-st-patricks-clover-dog,5,4.5,7
92943820814,St. Patrick Golden Lab - Festive St. Patrick’s Day Plush - Aurora®,"Clover Dog is a soft plush pup with shamrock headbands, bringing festive St. Patrick’s Day cheer to gifts, décor, or seasonal collections.",http://auroragift.com/cdn/shop/files/77345.jpg?v=1758828087,https://auroragift.com/products/77345-6in-st-patricks-clover-dog,5,4.5,7
92943821491,St. Patrick Golden Lab - Festive St. Patrick’s Day Plush - Aurora®,"Clover Dog is a soft plush pup with shamrock headbands, bringing festive St. Patrick’s Day cheer to gifts, décor, or seasonal collections.",http://auroragift.com/cdn/shop/files/77345.jpg?v=1758828087,https://auroragift.com/products/77345-6in-st-patricks-clover-dog,5,4.5,7
92943991941,St. Patrick Golden Lab - Festive St. Patrick’s Day Plush - Aurora®,"Clover Dog is a soft plush pup with shamrock headbands, bringing festive St. Patrick’s Day cheer to gifts, décor, or seasonal collections.",http://auroragift.com/cdn/shop/files/77345.jpg?v=1758828087,https://auroragift.com/products/77345-6in-st-patricks-clover-dog,5,4.5,7
92943991958,St. Patrick Golden Lab - Festive St. Patrick’s Day Plush - Aurora®,"Clover Dog is a soft plush pup with shamrock headbands, bringing festive St. Patrick’s Day cheer to gifts, décor, or seasonal collections.",http://auroragift.com/cdn/shop/files/77345.jpg?v=1758828087,https://auroragift.com/products/77345-6in-st-patricks-clover-dog,5,4.5,7
92943991965,St. Patrick Golden Lab - Festive St. Patrick’s Day Plush - Aurora®,"Clover Dog is a soft plush pup with shamrock headbands, bringing festive St. Patrick’s Day cheer to gifts, décor, or seasonal collections.",http://auroragift.com/cdn/shop/files/77345.jpg?v=1758828087,https://auroragift.com/products/77345-6in-st-patricks-clover-dog,5,4.5,7
92943991972,St. Patrick Golden Lab - Festive St. Patrick’s Day Plush - Aurora®,"Clover Dog is a soft plush pup with shamrock headbands, bringing festive St. Patrick’s Day cheer to gifts, décor, or seasonal collections.",http://auroragift.com/cdn/shop/files/77345.jpg?v=1758828087,https://auroragift.com/products/77345-6in-st-patricks-clover-dog,5,4.5,7
92943993112,St. Patrick Golden Lab - Festive St. Patrick’s Day Plush - Aurora®,"Clover Dog is a soft plush pup with shamrock headbands, bringing festive St. Patrick’s Day cheer to gifts, décor, or seasonal collections.",http://auroragift.com/cdn/shop/files/77345.jpg?v=1758828087,https://auroragift.com/products/77345-6in-st-patricks-clover-dog,5,4.5,7
92943993167,St. Patrick Golden Lab - Festive St. Patrick’s Day Plush - Aurora®,"Clover Dog is a soft plush pup with shamrock headbands, bringing festive St. Patrick’s Day cheer to gifts, décor, or seasonal collections.",http://auroragift.com/cdn/shop/files/77345.jpg?v=1758828087,https://auroragift.com/products/77345-6in-st-patricks-clover-dog,5,4.5,7
92943993211,St. Patrick Golden Lab - Festive St. Patrick’s Day Plush - Aurora®,"Clover Dog is a soft plush pup with shamrock headbands, bringing festive St. Patrick’s Day cheer to gifts, décor, or seasonal collections.",http://auroragift.com/cdn/shop/files/77345.jpg?v=1758828087,https://auroragift.com/products/77345-6in-st-patricks-clover-dog,5,4.5,7
929432300644,St. Patrick Golden Lab - Festive St. Patrick’s Day Plush - Aurora®,"Clover Dog is a soft plush pup with shamrock headbands, bringing festive St. Patrick’s Day cheer to gifts, décor, or seasonal collections.",http://auroragift.com/cdn/shop/files/77345.jpg?v=1758828087,https://auroragift.com/products/77345-6in-st-patricks-clover-dog,5,4.5,7
9294387190,St. Patrick Golden Lab - Festive St. Patrick’s Day Plush - Aurora®,"Clover Dog is a soft plush pup with shamrock headbands, bringing festive St. Patrick’s Day cheer to gifts, décor, or seasonal collections.",http://auroragift.com/cdn/shop/files/77345.jpg?v=1758828087,https://auroragift.com/products/77345-6in-st-patricks-clover-dog,5,4.5,7
92943340916,St. Patrick Golden Lab - Festive St. Patrick’s Day Plush - Aurora®,"Clover Dog is a soft plush pup with shamrock headbands, bringing festive St. Patrick’s Day cheer to gifts, décor, or seasonal collections.",http://auroragift.com/cdn/shop/files/77345.jpg?v=1758828087,https://auroragift.com/products/77345-6in-st-patricks-clover-dog,5,4.5,7
92943444010,St. Patrick Golden Lab - Festive St. Patrick’s Day Plush - Aurora®,"Clover Dog is a soft plush pup with shamrock headbands, bringing festive St. Patrick’s Day cheer to gifts, décor, or seasonal collections.",http://auroragift.com/cdn/shop/files/77345.jpg?v=1758828087,https://auroragift.com/products/77345-6in-st-patricks-clover-dog,5,4.5,7
92943405172,St. Patrick Golden Lab - Festive St. Patrick’s Day Plush - Aurora®,"Clover Dog is a soft plush pup with shamrock headbands, bringing festive St. Patrick’s Day cheer to gifts, décor, or seasonal collections.",http://auroragift.com/cdn/shop/files/77345.jpg?v=1758828087,https://auroragift.com/products/77345-6in-st-patricks-clover-dog,5,4.5,7
92943405059,St. Patrick Golden Lab - Festive St. Patrick’s Day Plush - Aurora®,"Clover Dog is a soft plush pup with shamrock headbands, bringing festive St. Patrick’s Day cheer to gifts, décor, or seasonal collections.",http://auroragift.com/cdn/shop/files/77345.jpg?v=1758828087,https://auroragift.com/products/77345-6in-st-patricks-clover-dog,5,4.5,7
92943405127,St. Patrick Golden Lab - Festive St. Patrick’s Day Plush - Aurora®,"Clover Dog is a soft plush pup with shamrock headbands, bringing festive St. Patrick’s Day cheer to gifts, décor, or seasonal collections.",http://auroragift.com/cdn/shop/files/77345.jpg?v=1758828087,https://auroragift.com/products/77345-6in-st-patricks-clover-dog,5,4.5,7
92943405103,St. Patrick Golden Lab - Festive St. Patrick’s Day Plush - Aurora®,"Clover Dog is a soft plush pup with shamrock headbands, bringing festive St. Patrick’s Day cheer to gifts, décor, or seasonal collections.",http://auroragift.com/cdn/shop/files/77345.jpg?v=1758828087,https://auroragift.com/products/77345-6in-st-patricks-clover-dog,5,4.5,7
92943405134,St. Patrick Golden Lab - Festive St. Patrick’s Day Plush - Aurora®,"Clover Dog is a soft plush pup with shamrock headbands, bringing festive St. Patrick’s Day cheer to gifts, décor, or seasonal collections.",http://auroragift.com/cdn/shop/files/77345.jpg?v=1758828087,https://auroragift.com/products/77345-6in-st-patricks-clover-dog,5,4.5,7
92943405080,St. Patrick Golden Lab - Festive St. Patrick’s Day Plush - Aurora®,"Clover Dog is a soft plush pup with shamrock headbands, bringing festive St. Patrick’s Day cheer to gifts, décor, or seasonal collections.",http://auroragift.com/cdn/shop/files/77345.jpg?v=1758828087,https://auroragift.com/products/77345-6in-st-patricks-clover-dog,5,4.5,7
92943404687,St. Patrick Golden Lab - Festive St. Patrick’s Day Plush - Aurora®,"Clover Dog is a soft plush pup with shamrock headbands, bringing festive St. Patrick’s Day cheer to gifts, décor, or seasonal collections.",http://auroragift.com/cdn/shop/files/77345.jpg?v=1758828087,https://auroragift.com/products/77345-6in-st-patricks-clover-dog,5,4.5,7
92943405158,St. Patrick Golden Lab - Festive St. Patrick’s Day Plush - Aurora®,"Clover Dog is a soft plush pup with shamrock headbands, bringing festive St. Patrick’s Day cheer to gifts, décor, or seasonal collections.",http://auroragift.com/cdn/shop/files/77345.jpg?v=1758828087,https://auroragift.com/products/77345-6in-st-patricks-clover-dog,5,4.5,7
92943405165,St. Patrick Golden Lab - Festive St. Patrick’s Day Plush - Aurora®,"Clover Dog is a soft plush pup with shamrock headbands, bringing festive St. Patrick’s Day cheer to gifts, décor, or seasonal collections.",http://auroragift.com/cdn/shop/files/77345.jpg?v=1758828087,https://auroragift.com/products/77345-6in-st-patricks-clover-dog,5,4.5,7
92943503267,St. Patrick Golden Lab - Festive St. Patrick’s Day Plush - Aurora®,"Clover Dog is a soft plush pup with shamrock headbands, bringing festive St. Patrick’s Day cheer to gifts, décor, or seasonal collections.",http://auroragift.com/cdn/shop/files/77345.jpg?v=1758828087,https://auroragift.com/products/77345-6in-st-patricks-clover-dog,5,4.5,7
92943503274,St. Patrick Golden Lab - Festive St. Patrick’s Day Plush - Aurora®,"Clover Dog is a soft plush pup with shamrock headbands, bringing festive St. Patrick’s Day cheer to gifts, décor, or seasonal collections.",http://auroragift.com/cdn/shop/files/77345.jpg?v=1758828087,https://auroragift.com/products/77345-6in-st-patricks-clover-dog,5,4.5,7
92943265110,St. Patrick Golden Lab - Festive St. Patrick’s Day Plush - Aurora®,"Clover Dog is a soft plush pup with shamrock headbands, bringing festive St. Patrick’s Day cheer to gifts, décor, or seasonal collections.",http://auroragift.com/cdn/shop/files/77345.jpg?v=1758828087,https://auroragift.com/products/77345-6in-st-patricks-clover-dog,5,4.5,7
92943821118,St. Patrick Golden Lab - Festive St. Patrick’s Day Plush - Aurora®,"Clover Dog is a soft plush pup with shamrock headbands, bringing festive St. Patrick’s Day cheer to gifts, décor, or seasonal collections.",http://auroragift.com/cdn/shop/files/77345.jpg?v=1758828087,https://auroragift.com/products/77345-6in-st-patricks-clover-dog,5,4.5,7
92943821071,St. Patrick Golden Lab - Festive St. Patrick’s Day Plush - Aurora®,"Clover Dog is a soft plush pup with shamrock headbands, bringing festive St. Patrick’s Day cheer to gifts, décor, or seasonal collections.",http://auroragift.com/cdn/shop/files/77345.jpg?v=1758828087,https://auroragift.com/products/77345-6in-st-patricks-clover-dog,5,4.5,7
92943822061,St. Patrick Golden Lab - Festive St. Patrick’s Day Plush - Aurora®,"Clover Dog is a soft plush pup with shamrock headbands, bringing festive St. Patrick’s Day cheer to gifts, décor, or seasonal collections.",http://auroragift.com/cdn/shop/files/77345.jpg?v=1758828087,https://auroragift.com/products/77345-6in-st-patricks-clover-dog,5,4.5,7
92943822047,St. Patrick Golden Lab - Festive St. Patrick’s Day Plush - Aurora®,"Clover Dog is a soft plush pup with shamrock headbands, bringing festive St. Patrick’s Day cheer to gifts, décor, or seasonal collections.",http://auroragift.com/cdn/shop/files/77345.jpg?v=1758828087,https://auroragift.com/products/77345-6in-st-patricks-clover-dog,5,4.5,7
92943350120,St. Patrick Golden Lab - Festive St. Patrick’s Day Plush - Aurora®,"Clover Dog is a soft plush pup with shamrock headbands, bringing festive St. Patrick’s Day cheer to gifts, décor, or seasonal collections.",http://auroragift.com/cdn/shop/files/77345.jpg?v=1758828087,https://auroragift.com/products/77345-6in-st-patricks-clover-dog,5,4.5,7
92943263253,St. Patrick Golden Lab - Festive St. Patrick’s Day Plush - Aurora®,"Clover Dog is a soft plush pup with shamrock headbands, bringing festive St. Patrick’s Day cheer to gifts, décor, or seasonal collections.",http://auroragift.com/cdn/shop/files/77345.jpg?v=1758828087,https://auroragift.com/products/77345-6in-st-patricks-clover-dog,5,4.5,7
92943108493,St. Patrick Golden Lab - Festive St. Patrick’s Day Plush - Aurora®,"Clover Dog is a soft plush pup with shamrock headbands, bringing festive St. Patrick’s Day cheer to gifts, décor, or seasonal collections.",http://auroragift.com/cdn/shop/files/77345.jpg?v=1758828087,https://auroragift.com/products/77345-6in-st-patricks-clover-dog,5,4.5,7
92943108851,St. Patrick Golden Lab - Festive St. Patrick’s Day Plush - Aurora®,"Clover Dog is a soft plush pup with shamrock headbands, bringing festive St. Patrick’s Day cheer to gifts, décor, or seasonal collections.",http://auroragift.com/cdn/shop/files/77345.jpg?v=1758828087,https://auroragift.com/products/77345-6in-st-patricks-clover-dog,5,4.5,7
92943108554,St. Patrick Golden Lab - Festive St. Patrick’s Day Plush - Aurora®,"Clover Dog is a soft plush pup with shamrock headbands, bringing festive St. Patrick’s Day cheer to gifts, décor, or seasonal collections.",http://auroragift.com/cdn/shop/files/77345.jpg?v=1758828087,https://auroragift.com/products/77345-6in-st-patricks-clover-dog,5,4.5,7
92943032514,St. Patrick Golden Lab - Festive St. Patrick’s Day Plush - Aurora®,"Clover Dog is a soft plush pup with shamrock headbands, bringing festive St. Patrick’s Day cheer to gifts, décor, or seasonal collections.",http://auroragift.com/cdn/shop/files/77345.jpg?v=1758828087,https://auroragift.com/products/77345-6in-st-patricks-clover-dog,5,4.5,7
92943108462,St. Patrick Golden Lab - Festive St. Patrick’s Day Plush - Aurora®,"Clover Dog is a soft plush pup with shamrock headbands, bringing festive St. Patrick’s Day cheer to gifts, décor, or seasonal collections.",http://auroragift.com/cdn/shop/files/77345.jpg?v=1758828087,https://auroragift.com/products/77345-6in-st-patricks-clover-dog,5,4.5,7
92943108684,St. Patrick Golden Lab - Festive St. Patrick’s Day Plush - Aurora®,"Clover Dog is a soft plush pup with shamrock headbands, bringing festive St. Patrick’s Day cheer to gifts, décor, or seasonal collections.",http://auroragift.com/cdn/shop/files/77345.jpg?v=1758828087,https://auroragift.com/products/77345-6in-st-patricks-clover-dog,5,4.5,7
92943502871,St. Patrick Golden Lab - Festive St. Patrick’s Day Plush - Aurora®,"Clover Dog is a soft plush pup with shamrock headbands, bringing festive St. Patrick’s Day cheer to gifts, décor, or seasonal collections.",http://auroragift.com/cdn/shop/files/77345.jpg?v=1758828087,https://auroragift.com/products/77345-6in-st-patricks-clover-dog,5,4.5,7
92943503366,St. Patrick Golden Lab - Festive St. Patrick’s Day Plush - Aurora®,"Clover Dog is a soft plush pup with shamrock headbands, bringing festive St. Patrick’s Day cheer to gifts, décor, or seasonal collections.",http://auroragift.com/cdn/shop/files/77345.jpg?v=1758828087,https://auroragift.com/products/77345-6in-st-patricks-clover-dog,5,4.5,7
92943502659,St. Patrick Golden Lab - Festive St. Patrick’s Day Plush - Aurora®,"Clover Dog is a soft plush pup with shamrock headbands, bringing festive St. Patrick’s Day cheer to gifts, décor, or seasonal collections.",http://auroragift.com/cdn/shop/files/77345.jpg?v=1758828087,https://auroragift.com/products/77345-6in-st-patricks-clover-dog,5,4.5,7
92943502840,St. Patrick Golden Lab - Festive St. Patrick’s Day Plush - Aurora®,"Clover Dog is a soft plush pup with shamrock headbands, bringing festive St. Patrick’s Day cheer to gifts, décor, or seasonal collections.",http://auroragift.com/cdn/shop/files/77345.jpg?v=1758828087,https://auroragift.com/products/77345-6in-st-patricks-clover-dog,5,4.5,7
92943503434,St. Patrick Golden Lab - Festive St. Patrick’s Day Plush - Aurora®,"Clover Dog is a soft plush pup with shamrock headbands, bringing festive St. Patrick’s Day cheer to gifts, décor, or seasonal collections.",http://auroragift.com/cdn/shop/files/77345.jpg?v=1758828087,https://auroragift.com/products/77345-6in-st-patricks-clover-dog,5,4.5,7
92943503144,St. Patrick Golden Lab - Festive St. Patrick’s Day Plush - Aurora®,"Clover Dog is a soft plush pup with shamrock headbands, bringing festive St. Patrick’s Day cheer to gifts, décor, or seasonal collections.",http://auroragift.com/cdn/shop/files/77345.jpg?v=1758828087,https://auroragift.com/products/77345-6in-st-patricks-clover-dog,5,4.5,7
92943502826,St. Patrick Golden Lab - Festive St. Patrick’s Day Plush - Aurora®,"Clover Dog is a soft plush pup with shamrock headbands, bringing festive St. Patrick’s Day cheer to gifts, décor, or seasonal collections.",http://auroragift.com/cdn/shop/files/77345.jpg?v=1758828087,https://auroragift.com/products/77345-6in-st-patricks-clover-dog,5,4.5,7
92943502642,St. Patrick Golden Lab - Festive St. Patrick’s Day Plush - Aurora®,"Clover Dog is a soft plush pup with shamrock headbands, bringing festive St. Patrick’s Day cheer to gifts, décor, or seasonal collections.",http://auroragift.com/cdn/shop/files/77345.jpg?v=1758828087,https://auroragift.com/products/77345-6in-st-patricks-clover-dog,5,4.5,7
92943502673,St. Patrick Golden Lab - Festive St. Patrick’s Day Plush - Aurora®,"Clover Dog is a soft plush pup with shamrock headbands, bringing festive St. Patrick’s Day cheer to gifts, décor, or seasonal collections.",http://auroragift.com/cdn/shop/files/77345.jpg?v=1758828087,https://auroragift.com/products/77345-6in-st-patricks-clover-dog,5,4.5,7
92943502727,St. Patrick Golden Lab - Festive St. Patrick’s Day Plush - Aurora®,"Clover Dog is a soft plush pup with shamrock headbands, bringing festive St. Patrick’s Day cheer to gifts, décor, or seasonal collections.",http://auroragift.com/cdn/shop/files/77345.jpg?v=1758828087,https://auroragift.com/products/77345-6in-st-patricks-clover-dog,5,4.5,7
92943316362,St. Patrick Golden Lab - Festive St. Patrick’s Day Plush - Aurora®,"Clover Dog is a soft plush pup with shamrock headbands, bringing festive St. Patrick’s Day cheer to gifts, décor, or seasonal collections.",http://auroragift.com/cdn/shop/files/77345.jpg?v=1758828087,https://auroragift.com/products/77345-6in-st-patricks-clover-dog,5,4.5,7
92943316409,St. Patrick Golden Lab - Festive St. Patrick’s Day Plush - Aurora®,"Clover Dog is a soft plush pup with shamrock headbands, bringing festive St. Patrick’s Day cheer to gifts, décor, or seasonal collections.",http://auroragift.com/cdn/shop/files/77345.jpg?v=1758828087,https://auroragift.com/products/77345-6in-st-patricks-clover-dog,5,4.5,7
92943316645,St. Patrick Golden Lab - Festive St. Patrick’s Day Plush - Aurora®,"Clover Dog is a soft plush pup with shamrock headbands, bringing festive St. Patrick’s Day cheer to gifts, décor, or seasonal collections.",http://auroragift.com/cdn/shop/files/77345.jpg?v=1758828087,https://auroragift.com/products/77345-6in-st-patricks-clover-dog,5,4.5,7
92943314450,St. Patrick Golden Lab - Festive St. Patrick’s Day Plush - Aurora®,"Clover Dog is a soft plush pup with shamrock headbands, bringing festive St. Patrick’s Day cheer to gifts, décor, or seasonal collections.",http://auroragift.com/cdn/shop/files/77345.jpg?v=1758828087,https://auroragift.com/products/77345-6in-st-patricks-clover-dog,5,4.5,7
92943319271,St. Patrick Golden Lab - Festive St. Patrick’s Day Plush - Aurora®,"Clover Dog is a soft plush pup with shamrock headbands, bringing festive St. Patrick’s Day cheer to gifts, décor, or seasonal collections.",http://auroragift.com/cdn/shop/files/77345.jpg?v=1758828087,https://auroragift.com/products/77345-6in-st-patricks-clover-dog,5,4.5,7
92943311442,St. Patrick Golden Lab - Festive St. Patrick’s Day Plush - Aurora®,"Clover Dog is a soft plush pup with shamrock headbands, bringing festive St. Patrick’s Day cheer to gifts, décor, or seasonal collections.",http://auroragift.com/cdn/shop/files/77345.jpg?v=1758828087,https://auroragift.com/products/77345-6in-st-patricks-clover-dog,5,4.5,7
92943261532,St. Patrick Golden Lab - Festive St. Patrick’s Day Plush - Aurora®,"Clover Dog is a soft plush pup with shamrock headbands, bringing festive St. Patrick’s Day cheer to gifts, décor, or seasonal collections.",http://auroragift.com/cdn/shop/files/77345.jpg?v=1758828087,https://auroragift.com/products/77345-6in-st-patricks-clover-dog,5,4.5,7
92943262409,St. Patrick Golden Lab - Festive St. Patrick’s Day Plush - Aurora®,"Clover Dog is a soft plush pup with shamrock headbands, bringing festive St. Patrick’s Day cheer to gifts, décor, or seasonal collections.",http://auroragift.com/cdn/shop/files/77345.jpg?v=1758828087,https://auroragift.com/products/77345-6in-st-patricks-clover-dog,5,4.5,7
92943265165,St. Patrick Golden Lab - Festive St. Patrick’s Day Plush - Aurora®,"Clover Dog is a soft plush pup with shamrock headbands, bringing festive St. Patrick’s Day cheer to gifts, décor, or seasonal collections.",http://auroragift.com/cdn/shop/files/77345.jpg?v=1758828087,https://auroragift.com/products/77345-6in-st-patricks-clover-dog,5,4.5,7
92943261761,St. Patrick Golden Lab - Festive St. Patrick’s Day Plush - Aurora®,"Clover Dog is a soft plush pup with shamrock headbands, bringing festive St. Patrick’s Day cheer to gifts, décor, or seasonal collections.",http://auroragift.com/cdn/shop/files/77345.jpg?v=1758828087,https://auroragift.com/products/77345-6in-st-patricks-clover-dog,5,4.5,7
92943261723,St. Patrick Golden Lab - Festive St. Patrick’s Day Plush - Aurora®,"Clover Dog is a soft plush pup with shamrock headbands, bringing festive St. Patrick’s Day cheer to gifts, décor, or seasonal collections.",http://auroragift.com/cdn/shop/files/77345.jpg?v=1758828087,https://auroragift.com/products/77345-6in-st-patricks-clover-dog,5,4.5,7
92943264304,St. Patrick Golden Lab - Festive St. Patrick’s Day Plush - Aurora®,"Clover Dog is a soft plush pup with shamrock headbands, bringing festive St. Patrick’s Day cheer to gifts, décor, or seasonal collections.",http://auroragift.com/cdn/shop/files/77345.jpg?v=1758828087,https://auroragift.com/products/77345-6in-st-patricks-clover-dog,5,4.5,7
92943264410,St. Patrick Golden Lab - Festive St. Patrick’s Day Plush - Aurora®,"Clover Dog is a soft plush pup with shamrock headbands, bringing festive St. Patrick’s Day cheer to gifts, décor, or seasonal collections.",http://auroragift.com/cdn/shop/files/77345.jpg?v=1758828087,https://auroragift.com/products/77345-6in-st-patricks-clover-dog,5,4.5,7
92943340886,St. Patrick Golden Lab - Festive St. Patrick’s Day Plush - Aurora®,"Clover Dog is a soft plush pup with shamrock headbands, bringing festive St. Patrick’s Day cheer to gifts, décor, or seasonal collections.",http://auroragift.com/cdn/shop/files/77345.jpg?v=1758828087,https://auroragift.com/products/77345-6in-st-patricks-clover-dog,5,4.5,7
92943340923,St. Patrick Golden Lab - Festive St. Patrick’s Day Plush - Aurora®,"Clover Dog is a soft plush pup with shamrock headbands, bringing festive St. Patrick’s Day cheer to gifts, décor, or seasonal collections.",http://auroragift.com/cdn/shop/files/77345.jpg?v=1758828087,https://auroragift.com/products/77345-6in-st-patricks-clover-dog,5,4.5,7
92943340879,St. Patrick Golden Lab - Festive St. Patrick’s Day Plush - Aurora®,"Clover Dog is a soft plush pup with shamrock headbands, bringing festive St. Patrick’s Day cheer to gifts, décor, or seasonal collections.",http://auroragift.com/cdn/shop/files/77345.jpg?v=1758828087,https://auroragift.com/products/77345-6in-st-patricks-clover-dog,5,4.5,7
92943339675,St. Patrick Golden Lab - Festive St. Patrick’s Day Plush - Aurora®,"Clover Dog is a soft plush pup with shamrock headbands, bringing festive St. Patrick’s Day cheer to gifts, décor, or seasonal collections.",http://auroragift.com/cdn/shop/files/77345.jpg?v=1758828087,https://auroragift.com/products/77345-6in-st-patricks-clover-dog,5,4.5,7
92943339811,St. Patrick Golden Lab - Festive St. Patrick’s Day Plush - Aurora®,"Clover Dog is a soft plush pup with shamrock headbands, bringing festive St. Patrick’s Day cheer to gifts, décor, or seasonal collections.",http://auroragift.com/cdn/shop/files/77345.jpg?v=1758828087,https://auroragift.com/products/77345-6in-st-patricks-clover-dog,5,4.5,7
92943339705,St. Patrick Golden Lab - Festive St. Patrick’s Day Plush - Aurora®,"Clover Dog is a soft plush pup with shamrock headbands, bringing festive St. Patrick’s Day cheer to gifts, décor, or seasonal collections.",http://auroragift.com/cdn/shop/files/77345.jpg?v=1758828087,https://auroragift.com/products/77345-6in-st-patricks-clover-dog,5,4.5,7
92943339668,St. Patrick Golden Lab - Festive St. Patrick’s Day Plush - Aurora®,"Clover Dog is a soft plush pup with shamrock headbands, bringing festive St. Patrick’s Day cheer to gifts, décor, or seasonal collections.",http://auroragift.com/cdn/shop/files/77345.jpg?v=1758828087,https://auroragift.com/products/77345-6in-st-patricks-clover-dog,5,4.5,7
92943339712,St. Patrick Golden Lab - Festive St. Patrick’s Day Plush - Aurora®,"Clover Dog is a soft plush pup with shamrock headbands, bringing festive St. Patrick’s Day cheer to gifts, décor, or seasonal collections.",http://auroragift.com/cdn/shop/files/77345.jpg?v=1758828087,https://auroragift.com/products/77345-6in-st-patricks-clover-dog,5,4.5,7
92943339835,St. Patrick Golden Lab - Festive St. Patrick’s Day Plush - Aurora®,"Clover Dog is a soft plush pup with shamrock headbands, bringing festive St. Patrick’s Day cheer to gifts, décor, or seasonal collections.",http://auroragift.com/cdn/shop/files/77345.jpg?v=1758828087,https://auroragift.com/products/77345-6in-st-patricks-clover-dog,5,4.5,7
92943339750,St. Patrick Golden Lab - Festive St. Patrick’s Day Plush - Aurora®,"Clover Dog is a soft plush pup with shamrock headbands, bringing festive St. Patrick’s Day cheer to gifts, décor, or seasonal collections.",http://auroragift.com/cdn/shop/files/77345.jpg?v=1758828087,https://auroragift.com/products/77345-6in-st-patricks-clover-dog,5,4.5,7
92943339576,St. Patrick Golden Lab - Festive St. Patrick’s Day Plush - Aurora®,"Clover Dog is a soft plush pup with shamrock headbands, bringing festive St. Patrick’s Day cheer to gifts, décor, or seasonal collections.",http://auroragift.com/cdn/shop/files/77345.jpg?v=1758828087,https://auroragift.com/products/77345-6in-st-patricks-clover-dog,5,4.5,7
92943339804,St. Patrick Golden Lab - Festive St. Patrick’s Day Plush - Aurora®,"Clover Dog is a soft plush pup with shamrock headbands, bringing festive St. Patrick’s Day cheer to gifts, décor, or seasonal collections.",http://auroragift.com/cdn/shop/files/77345.jpg?v=1758828087,https://auroragift.com/products/77345-6in-st-patricks-clover-dog,5,4.5,7
92943339682,St. Patrick Golden Lab - Festive St. Patrick’s Day Plush - Aurora®,"Clover Dog is a soft plush pup with shamrock headbands, bringing festive St. Patrick’s Day cheer to gifts, décor, or seasonal collections.",http://auroragift.com/cdn/shop/files/77345.jpg?v=1758828087,https://auroragift.com/products/77345-6in-st-patricks-clover-dog,5,4.5,7
92943339637,St. Patrick Golden Lab - Festive St. Patrick’s Day Plush - Aurora®,"Clover Dog is a soft plush pup with shamrock headbands, bringing festive St. Patrick’s Day cheer to gifts, décor, or seasonal collections.",http://auroragift.com/cdn/shop/files/77345.jpg?v=1758828087,https://auroragift.com/products/77345-6in-st-patricks-clover-dog,5,4.5,7
92943339828,St. Patrick Golden Lab - Festive St. Patrick’s Day Plush - Aurora®,"Clover Dog is a soft plush pup with shamrock headbands, bringing festive St. Patrick’s Day cheer to gifts, décor, or seasonal collections.",http://auroragift.com/cdn/shop/files/77345.jpg?v=1758828087,https://auroragift.com/products/77345-6in-st-patricks-clover-dog,5,4.5,7
92943339613,St. Patrick Golden Lab - Festive St. Patrick’s Day Plush - Aurora®,"Clover Dog is a soft plush pup with shamrock headbands, bringing festive St. Patrick’s Day cheer to gifts, décor, or seasonal collections.",http://auroragift.com/cdn/shop/files/77345.jpg?v=1758828087,https://auroragift.com/products/77345-6in-st-patricks-clover-dog,5,4.5,7
92943405066,St. Patrick Golden Lab - Festive St. Patrick’s Day Plush - Aurora®,"Clover Dog is a soft plush pup with shamrock headbands, bringing festive St. Patrick’s Day cheer to gifts, décor, or seasonal collections.",http://auroragift.com/cdn/shop/files/77345.jpg?v=1758828087,https://auroragift.com/products/77345-6in-st-patricks-clover-dog,5,4.5,7
92943405110,St. Patrick Golden Lab - Festive St. Patrick’s Day Plush - Aurora®,"Clover Dog is a soft plush pup with shamrock headbands, bringing festive St. Patrick’s Day cheer to gifts, décor, or seasonal collections.",http://auroragift.com/cdn/shop/files/77345.jpg?v=1758828087,https://auroragift.com/products/77345-6in-st-patricks-clover-dog,5,4.5,7
92943405141,St. Patrick Golden Lab - Festive St. Patrick’s Day Plush - Aurora®,"Clover Dog is a soft plush pup with shamrock headbands, bringing festive St. Patrick’s Day cheer to gifts, décor, or seasonal collections.",http://auroragift.com/cdn/shop/files/77345.jpg?v=1758828087,https://auroragift.com/products/77345-6in-st-patricks-clover-dog,5,4.5,7
92943405189,St. Patrick Golden Lab - Festive St. Patrick’s Day Plush - Aurora®,"Clover Dog is a soft plush pup with shamrock headbands, bringing festive St. Patrick’s Day cheer to gifts, décor, or seasonal collections.",http://auroragift.com/cdn/shop/files/77345.jpg?v=1758828087,https://auroragift.com/products/77345-6in-st-patricks-clover-dog,5,4.5,7
92943404700,St. Patrick Golden Lab - Festive St. Patrick’s Day Plush - Aurora®,"Clover Dog is a soft plush pup with shamrock headbands, bringing festive St. Patrick’s Day cheer to gifts, décor, or seasonal collections.",http://auroragift.com/cdn/shop/files/77345.jpg?v=1758828087,https://auroragift.com/products/77345-6in-st-patricks-clover-dog,5,4.5,7
92943405073,St. Patrick Golden Lab - Festive St. Patrick’s Day Plush - Aurora®,"Clover Dog is a soft plush pup with shamrock headbands, bringing festive St. Patrick’s Day cheer to gifts, décor, or seasonal collections.",http://auroragift.com/cdn/shop/files/77345.jpg?v=1758828087,https://auroragift.com/products/77345-6in-st-patricks-clover-dog,5,4.5,7
92943023017,St. Patrick Golden Lab - Festive St. Patrick’s Day Plush - Aurora®,"Clover Dog is a soft plush pup with shamrock headbands, bringing festive St. Patrick’s Day cheer to gifts, décor, or seasonal collections.",http://auroragift.com/cdn/shop/files/77345.jpg?v=1758828087,https://auroragift.com/products/77345-6in-st-patricks-clover-dog,5,4.5,7
92943040052,St. Patrick Golden Lab - Festive St. Patrick’s Day Plush - Aurora®,"Clover Dog is a soft plush pup with shamrock headbands, bringing festive St. Patrick’s Day cheer to gifts, décor, or seasonal collections.",http://auroragift.com/cdn/shop/files/77345.jpg?v=1758828087,https://auroragift.com/products/77345-6in-st-patricks-clover-dog,5,4.5,7
92943062719,St. Patrick Golden Lab - Festive St. Patrick’s Day Plush - Aurora®,"Clover Dog is a soft plush pup with shamrock headbands, bringing festive St. Patrick’s Day cheer to gifts, décor, or seasonal collections.",http://auroragift.com/cdn/shop/files/77345.jpg?v=1758828087,https://auroragift.com/products/77345-6in-st-patricks-clover-dog,5,4.5,7
92943062726,St. Patrick Golden Lab - Festive St. Patrick’s Day Plush - Aurora®,"Clover Dog is a soft plush pup with shamrock headbands, bringing festive St. Patrick’s Day cheer to gifts, décor, or seasonal collections.",http://auroragift.com/cdn/shop/files/77345.jpg?v=1758828087,https://auroragift.com/products/77345-6in-st-patricks-clover-dog,5,4.5,7
92943067615,St. Patrick Golden Lab - Festive St. Patrick’s Day Plush - Aurora®,"Clover Dog is a soft plush pup with shamrock headbands, bringing festive St. Patrick’s Day cheer to gifts, décor, or seasonal collections.",http://auroragift.com/cdn/shop/files/77345.jpg?v=1758828087,https://auroragift.com/products/77345-6in-st-patricks-clover-dog,5,4.5,7
92943086166,St. Patrick Golden Lab - Festive St. Patrick’s Day Plush - Aurora®,"Clover Dog is a soft plush pup with shamrock headbands, bringing festive St. Patrick’s Day cheer to gifts, décor, or seasonal collections.",http://auroragift.com/cdn/shop/files/77345.jpg?v=1758828087,https://auroragift.com/products/77345-6in-st-patricks-clover-dog,5,4.5,7
92943098626,St. Patrick Golden Lab - Festive St. Patrick’s Day Plush - Aurora®,"Clover Dog is a soft plush pup with shamrock headbands, bringing festive St. Patrick’s Day cheer to gifts, décor, or seasonal collections.",http://auroragift.com/cdn/shop/files/77345.jpg?v=1758828087,https://auroragift.com/products/77345-6in-st-patricks-clover-dog,5,4.5,7
92943108172,St. Patrick Golden Lab - Festive St. Patrick’s Day Plush - Aurora®,"Clover Dog is a soft plush pup with shamrock headbands, bringing festive St. Patrick’s Day cheer to gifts, décor, or seasonal collections.",http://auroragift.com/cdn/shop/files/77345.jpg?v=1758828087,https://auroragift.com/products/77345-6in-st-patricks-clover-dog,5,4.5,7
92943108226,St. Patrick Golden Lab - Festive St. Patrick’s Day Plush - Aurora®,"Clover Dog is a soft plush pup with shamrock headbands, bringing festive St. Patrick’s Day cheer to gifts, décor, or seasonal collections.",http://auroragift.com/cdn/shop/files/77345.jpg?v=1758828087,https://auroragift.com/products/77345-6in-st-patricks-clover-dog,5,4.5,7
92943108516,St. Patrick Golden Lab - Festive St. Patrick’s Day Plush - Aurora®,"Clover Dog is a soft plush pup with shamrock headbands, bringing festive St. Patrick’s Day cheer to gifts, décor, or seasonal collections.",http://auroragift.com/cdn/shop/files/77345.jpg?v=1758828087,https://auroragift.com/products/77345-6in-st-patricks-clover-dog,5,4.5,7
92943108530,St. Patrick Golden Lab - Festive St. Patrick’s Day Plush - Aurora®,"Clover Dog is a soft plush pup with shamrock headbands, bringing festive St. Patrick’s Day cheer to gifts, décor, or seasonal collections.",http://auroragift.com/cdn/shop/files/77345.jpg?v=1758828087,https://auroragift.com/products/77345-6in-st-patricks-clover-dog,5,4.5,7
92943108653,St. Patrick Golden Lab - Festive St. Patrick’s Day Plush - Aurora®,"Clover Dog is a soft plush pup with shamrock headbands, bringing festive St. Patrick’s Day cheer to gifts, décor, or seasonal collections.",http://auroragift.com/cdn/shop/files/77345.jpg?v=1758828087,https://auroragift.com/products/77345-6in-st-patricks-clover-dog,5,4.5,7
92943152403,St. Patrick Golden Lab - Festive St. Patrick’s Day Plush - Aurora®,"Clover Dog is a soft plush pup with shamrock headbands, bringing festive St. Patrick’s Day cheer to gifts, décor, or seasonal collections.",http://auroragift.com/cdn/shop/files/77345.jpg?v=1758828087,https://auroragift.com/products/77345-6in-st-patricks-clover-dog,5,4.5,7
92943152847,St. Patrick Golden Lab - Festive St. Patrick’s Day Plush - Aurora®,"Clover Dog is a soft plush pup with shamrock headbands, bringing festive St. Patrick’s Day cheer to gifts, décor, or seasonal collections.",http://auroragift.com/cdn/shop/files/77345.jpg?v=1758828087,https://auroragift.com/products/77345-6in-st-patricks-clover-dog,5,4.5,7
92943152915,St. Patrick Golden Lab - Festive St. Patrick’s Day Plush - Aurora®,"Clover Dog is a soft plush pup with shamrock headbands, bringing festive St. Patrick’s Day cheer to gifts, décor, or seasonal collections.",http://auroragift.com/cdn/shop/files/77345.jpg?v=1758828087,https://auroragift.com/products/77345-6in-st-patricks-clover-dog,5,4.5,7
92943152922,St. Patrick Golden Lab - Festive St. Patrick’s Day Plush - Aurora®,"Clover Dog is a soft plush pup with shamrock headbands, bringing festive St. Patrick’s Day cheer to gifts, décor, or seasonal collections.",http://auroragift.com/cdn/shop/files/77345.jpg?v=1758828087,https://auroragift.com/products/77345-6in-st-patricks-clover-dog,5,4.5,7
92943152960,St. Patrick Golden Lab - Festive St. Patrick’s Day Plush - Aurora®,"Clover Dog is a soft plush pup with shamrock headbands, bringing festive St. Patrick’s Day cheer to gifts, décor, or seasonal collections.",http://auroragift.com/cdn/shop/files/77345.jpg?v=1758828087,https://auroragift.com/products/77345-6in-st-patricks-clover-dog,5,4.5,7
92943159006,St. Patrick Golden Lab - Festive St. Patrick’s Day Plush - Aurora®,"Clover Dog is a soft plush pup with shamrock headbands, bringing festive St. Patrick’s Day cheer to gifts, décor, or seasonal collections.",http://auroragift.com/cdn/shop/files/77345.jpg?v=1758828087,https://auroragift.com/products/77345-6in-st-patricks-clover-dog,5,4.5,7
92943159938,St. Patrick Golden Lab - Festive St. Patrick’s Day Plush - Aurora®,"Clover Dog is a soft plush pup with shamrock headbands, bringing festive St. Patrick’s Day cheer to gifts, décor, or seasonal collections.",http://auroragift.com/cdn/shop/files/77345.jpg?v=1758828087,https://auroragift.com/products/77345-6in-st-patricks-clover-dog,5,4.5,7
92943166219,St. Patrick Golden Lab - Festive St. Patrick’s Day Plush - Aurora®,"Clover Dog is a soft plush pup with shamrock headbands, bringing festive St. Patrick’s Day cheer to gifts, décor, or seasonal collections.",http://auroragift.com/cdn/shop/files/77345.jpg?v=1758828087,https://auroragift.com/products/77345-6in-st-patricks-clover-dog,5,4.5,7
92943166257,St. Patrick Golden Lab - Festive St. Patrick’s Day Plush - Aurora®,"Clover Dog is a soft plush pup with shamrock headbands, bringing festive St. Patrick’s Day cheer to gifts, décor, or seasonal collections.",http://auroragift.com/cdn/shop/files/77345.jpg?v=1758828087,https://auroragift.com/products/77345-6in-st-patricks-clover-dog,5,4.5,7
92943166349,St. Patrick Golden Lab - Festive St. Patrick’s Day Plush - Aurora®,"Clover Dog is a soft plush pup with shamrock headbands, bringing festive St. Patrick’s Day cheer to gifts, décor, or seasonal collections.",http://auroragift.com/cdn/shop/files/77345.jpg?v=1758828087,https://auroragift.com/products/77345-6in-st-patricks-clover-dog,5,4.5,7
92943166417,St. Patrick Golden Lab - Festive St. Patrick’s Day Plush - Aurora®,"Clover Dog is a soft plush pup with shamrock headbands, bringing festive St. Patrick’s Day cheer to gifts, décor, or seasonal collections.",http://auroragift.com/cdn/shop/files/77345.jpg?v=1758828087,https://auroragift.com/products/77345-6in-st-patricks-clover-dog,5,4.5,7
92943166424,St. Patrick Golden Lab - Festive St. Patrick’s Day Plush - Aurora®,"Clover Dog is a soft plush pup with shamrock headbands, bringing festive St. Patrick’s Day cheer to gifts, décor, or seasonal collections.",http://auroragift.com/cdn/shop/files/77345.jpg?v=1758828087,https://auroragift.com/products/77345-6in-st-patricks-clover-dog,5,4.5,7
92943261549,St. Patrick Golden Lab - Festive St. Patrick’s Day Plush - Aurora®,"Clover Dog is a soft plush pup with shamrock headbands, bringing festive St. Patrick’s Day cheer to gifts, décor, or seasonal collections.",http://auroragift.com/cdn/shop/files/77345.jpg?v=1758828087,https://auroragift.com/products/77345-6in-st-patricks-clover-dog,5,4.5,7
92943262201,St. Patrick Golden Lab - Festive St. Patrick’s Day Plush - Aurora®,"Clover Dog is a soft plush pup with shamrock headbands, bringing festive St. Patrick’s Day cheer to gifts, décor, or seasonal collections.",http://auroragift.com/cdn/shop/files/77345.jpg?v=1758828087,https://auroragift.com/products/77345-6in-st-patricks-clover-dog,5,4.5,7
92943263383,St. Patrick Golden Lab - Festive St. Patrick’s Day Plush - Aurora®,"Clover Dog is a soft plush pup with shamrock headbands, bringing festive St. Patrick’s Day cheer to gifts, décor, or seasonal collections.",http://auroragift.com/cdn/shop/files/77345.jpg?v=1758828087,https://auroragift.com/products/77345-6in-st-patricks-clover-dog,5,4.5,7
92943263406,St. Patrick Golden Lab - Festive St. Patrick’s Day Plush - Aurora®,"Clover Dog is a soft plush pup with shamrock headbands, bringing festive St. Patrick’s Day cheer to gifts, décor, or seasonal collections.",http://auroragift.com/cdn/shop/files/77345.jpg?v=1758828087,https://auroragift.com/products/77345-6in-st-patricks-clover-dog,5,4.5,7
92943263888,St. Patrick Golden Lab - Festive St. Patrick’s Day Plush - Aurora®,"Clover Dog is a soft plush pup with shamrock headbands, bringing festive St. Patrick’s Day cheer to gifts, décor, or seasonal collections.",http://auroragift.com/cdn/shop/files/77345.jpg?v=1758828087,https://auroragift.com/products/77345-6in-st-patricks-clover-dog,5,4.5,7
92943264137,St. Patrick Golden Lab - Festive St. Patrick’s Day Plush - Aurora®,"Clover Dog is a soft plush pup with shamrock headbands, bringing festive St. Patrick’s Day cheer to gifts, décor, or seasonal collections.",http://auroragift.com/cdn/shop/files/77345.jpg?v=1758828087,https://auroragift.com/products/77345-6in-st-patricks-clover-dog,5,4.5,7
92943264793,St. Patrick Golden Lab - Festive St. Patrick’s Day Plush - Aurora®,"Clover Dog is a soft plush pup with shamrock headbands, bringing festive St. Patrick’s Day cheer to gifts, décor, or seasonal collections.",http://auroragift.com/cdn/shop/files/77345.jpg?v=1758828087,https://auroragift.com/products/77345-6in-st-patricks-clover-dog,5,4.5,7
92943264809,St. Patrick Golden Lab - Festive St. Patrick’s Day Plush - Aurora®,"Clover Dog is a soft plush pup with shamrock headbands, bringing festive St. Patrick’s Day cheer to gifts, décor, or seasonal collections.",http://auroragift.com/cdn/shop/files/77345.jpg?v=1758828087,https://auroragift.com/products/77345-6in-st-patricks-clover-dog,5,4.5,7
92943264816,St. Patrick Golden Lab - Festive St. Patrick’s Day Plush - Aurora®,"Clover Dog is a soft plush pup with shamrock headbands, bringing festive St. Patrick’s Day cheer to gifts, décor, or seasonal collections.",http://auroragift.com/cdn/shop/files/77345.jpg?v=1758828087,https://auroragift.com/products/77345-6in-st-patricks-clover-dog,5,4.5,7
92943265240,St. Patrick Golden Lab - Festive St. Patrick’s Day Plush - Aurora®,"Clover Dog is a soft plush pup with shamrock headbands, bringing festive St. Patrick’s Day cheer to gifts, décor, or seasonal collections.",http://auroragift.com/cdn/shop/files/77345.jpg?v=1758828087,https://auroragift.com/products/77345-6in-st-patricks-clover-dog,5,4.5,7
92943265257,St. Patrick Golden Lab - Festive St. Patrick’s Day Plush - Aurora®,"Clover Dog is a soft plush pup with shamrock headbands, bringing festive St. Patrick’s Day cheer to gifts, décor, or seasonal collections.",http://auroragift.com/cdn/shop/files/77345.jpg?v=1758828087,https://auroragift.com/products/77345-6in-st-patricks-clover-dog,5,4.5,7
92943265264,St. Patrick Golden Lab - Festive St. Patrick’s Day Plush - Aurora®,"Clover Dog is a soft plush pup with shamrock headbands, bringing festive St. Patrick’s Day cheer to gifts, décor, or seasonal collections.",http://auroragift.com/cdn/shop/files/77345.jpg?v=1758828087,https://auroragift.com/products/77345-6in-st-patricks-clover-dog,5,4.5,7
92943265288,St. Patrick Golden Lab - Festive St. Patrick’s Day Plush - Aurora®,"Clover Dog is a soft plush pup with shamrock headbands, bringing festive St. Patrick’s Day cheer to gifts, décor, or seasonal collections.",http://auroragift.com/cdn/shop/files/77345.jpg?v=1758828087,https://auroragift.com/products/77345-6in-st-patricks-clover-dog,5,4.5,7
92943265295,St. Patrick Golden Lab - Festive St. Patrick’s Day Plush - Aurora®,"Clover Dog is a soft plush pup with shamrock headbands, bringing festive St. Patrick’s Day cheer to gifts, décor, or seasonal collections.",http://auroragift.com/cdn/shop/files/77345.jpg?v=1758828087,https://auroragift.com/products/77345-6in-st-patricks-clover-dog,5,4.5,7
92943311756,St. Patrick Golden Lab - Festive St. Patrick’s Day Plush - Aurora®,"Clover Dog is a soft plush pup with shamrock headbands, bringing festive St. Patrick’s Day cheer to gifts, décor, or seasonal collections.",http://auroragift.com/cdn/shop/files/77345.jpg?v=1758828087,https://auroragift.com/products/77345-6in-st-patricks-clover-dog,5,4.5,7
92943311800,St. Patrick Golden Lab - Festive St. Patrick’s Day Plush - Aurora®,"Clover Dog is a soft plush pup with shamrock headbands, bringing festive St. Patrick’s Day cheer to gifts, décor, or seasonal collections.",http://auroragift.com/cdn/shop/files/77345.jpg?v=1758828087,https://auroragift.com/products/77345-6in-st-patricks-clover-dog,5,4.5,7
92943312449,St. Patrick Golden Lab - Festive St. Patrick’s Day Plush - Aurora®,"Clover Dog is a soft plush pup with shamrock headbands, bringing festive St. Patrick’s Day cheer to gifts, décor, or seasonal collections.",http://auroragift.com/cdn/shop/files/77345.jpg?v=1758828087,https://auroragift.com/products/77345-6in-st-patricks-clover-dog,5,4.5,7
92943312654,St. Patrick Golden Lab - Festive St. Patrick’s Day Plush - Aurora®,"Clover Dog is a soft plush pup with shamrock headbands, bringing festive St. Patrick’s Day cheer to gifts, décor, or seasonal collections.",http://auroragift.com/cdn/shop/files/77345.jpg?v=1758828087,https://auroragift.com/products/77345-6in-st-patricks-clover-dog,5,4.5,7
92943313309,St. Patrick Golden Lab - Festive St. Patrick’s Day Plush - Aurora®,"Clover Dog is a soft plush pup with shamrock headbands, bringing festive St. Patrick’s Day cheer to gifts, décor, or seasonal collections.",http://auroragift.com/cdn/shop/files/77345.jpg?v=1758828087,https://auroragift.com/products/77345-6in-st-patricks-clover-dog,5,4.5,7
92943314788,St. Patrick Golden Lab - Festive St. Patrick’s Day Plush - Aurora®,"Clover Dog is a soft plush pup with shamrock headbands, bringing festive St. Patrick’s Day cheer to gifts, décor, or seasonal collections.",http://auroragift.com/cdn/shop/files/77345.jpg?v=1758828087,https://auroragift.com/products/77345-6in-st-patricks-clover-dog,5,4.5,7
92943315563,St. Patrick Golden Lab - Festive St. Patrick’s Day Plush - Aurora®,"Clover Dog is a soft plush pup with shamrock headbands, bringing festive St. Patrick’s Day cheer to gifts, décor, or seasonal collections.",http://auroragift.com/cdn/shop/files/77345.jpg?v=1758828087,https://auroragift.com/products/77345-6in-st-patricks-clover-dog,5,4.5,7
92943317208,St. Patrick Golden Lab - Festive St. Patrick’s Day Plush - Aurora®,"Clover Dog is a soft plush pup with shamrock headbands, bringing festive St. Patrick’s Day cheer to gifts, décor, or seasonal collections.",http://auroragift.com/cdn/shop/files/77345.jpg?v=1758828087,https://auroragift.com/products/77345-6in-st-patricks-clover-dog,5,4.5,7
92943317291,St. Patrick Golden Lab - Festive St. Patrick’s Day Plush - Aurora®,"Clover Dog is a soft plush pup with shamrock headbands, bringing festive St. Patrick’s Day cheer to gifts, décor, or seasonal collections.",http://auroragift.com/cdn/shop/files/77345.jpg?v=1758828087,https://auroragift.com/products/77345-6in-st-patricks-clover-dog,5,4.5,7
92943317307,St. Patrick Golden Lab - Festive St. Patrick’s Day Plush - Aurora®,"Clover Dog is a soft plush pup with shamrock headbands, bringing festive St. Patrick’s Day cheer to gifts, décor, or seasonal collections.",http://auroragift.com/cdn/shop/files/77345.jpg?v=1758828087,https://auroragift.com/products/77345-6in-st-patricks-clover-dog,5,4.5,7
92943317444,St. Patrick Golden Lab - Festive St. Patrick’s Day Plush - Aurora®,"Clover Dog is a soft plush pup with shamrock headbands, bringing festive St. Patrick’s Day cheer to gifts, décor, or seasonal collections.",http://auroragift.com/cdn/shop/files/77345.jpg?v=1758828087,https://auroragift.com/products/77345-6in-st-patricks-clover-dog,5,4.5,7
92943318243,St. Patrick Golden Lab - Festive St. Patrick’s Day Plush - Aurora®,"Clover Dog is a soft plush pup with shamrock headbands, bringing festive St. Patrick’s Day cheer to gifts, décor, or seasonal collections.",http://auroragift.com/cdn/shop/files/77345.jpg?v=1758828087,https://auroragift.com/products/77345-6in-st-patricks-clover-dog,5,4.5,7
92943318427,St. Patrick Golden Lab - Festive St. Patrick’s Day Plush - Aurora®,"Clover Dog is a soft plush pup with shamrock headbands, bringing festive St. Patrick’s Day cheer to gifts, décor, or seasonal collections.",http://auroragift.com/cdn/shop/files/77345.jpg?v=1758828087,https://auroragift.com/products/77345-6in-st-patricks-clover-dog,5,4.5,7
92943318601,St. Patrick Golden Lab - Festive St. Patrick’s Day Plush - Aurora®,"Clover Dog is a soft plush pup with shamrock headbands, bringing festive St. Patrick’s Day cheer to gifts, décor, or seasonal collections.",http://auroragift.com/cdn/shop/files/77345.jpg?v=1758828087,https://auroragift.com/products/77345-6in-st-patricks-clover-dog,5,4.5,7
92943319073,St. Patrick Golden Lab - Festive St. Patrick’s Day Plush - Aurora®,"Clover Dog is a soft plush pup with shamrock headbands, bringing festive St. Patrick’s Day cheer to gifts, décor, or seasonal collections.",http://auroragift.com/cdn/shop/files/77345.jpg?v=1758828087,https://auroragift.com/products/77345-6in-st-patricks-clover-dog,5,4.5,7
92943319141,St. Patrick Golden Lab - Festive St. Patrick’s Day Plush - Aurora®,"Clover Dog is a soft plush pup with shamrock headbands, bringing festive St. Patrick’s Day cheer to gifts, décor, or seasonal collections.",http://auroragift.com/cdn/shop/files/77345.jpg?v=1758828087,https://auroragift.com/products/77345-6in-st-patricks-clover-dog,5,4.5,7
92943319233,St. Patrick Golden Lab - Festive St. Patrick’s Day Plush - Aurora®,"Clover Dog is a soft plush pup with shamrock headbands, bringing festive St. Patrick’s Day cheer to gifts, décor, or seasonal collections.",http://auroragift.com/cdn/shop/files/77345.jpg?v=1758828087,https://auroragift.com/products/77345-6in-st-patricks-clover-dog,5,4.5,7
92943319424,St. Patrick Golden Lab - Festive St. Patrick’s Day Plush - Aurora®,"Clover Dog is a soft plush pup with shamrock headbands, bringing festive St. Patrick’s Day cheer to gifts, décor, or seasonal collections.",http://auroragift.com/cdn/shop/files/77345.jpg?v=1758828087,https://auroragift.com/products/77345-6in-st-patricks-clover-dog,5,4.5,7
92943337213,St. Patrick Golden Lab - Festive St. Patrick’s Day Plush - Aurora®,"Clover Dog is a soft plush pup with shamrock headbands, bringing festive St. Patrick’s Day cheer to gifts, décor, or seasonal collections.",http://auroragift.com/cdn/shop/files/77345.jpg?v=1758828087,https://auroragift.com/products/77345-6in-st-patricks-clover-dog,5,4.5,7
92943337251,St. Patrick Golden Lab - Festive St. Patrick’s Day Plush - Aurora®,"Clover Dog is a soft plush pup with shamrock headbands, bringing festive St. Patrick’s Day cheer to gifts, décor, or seasonal collections.",http://auroragift.com/cdn/shop/files/77345.jpg?v=1758828087,https://auroragift.com/products/77345-6in-st-patricks-clover-dog,5,4.5,7
92943338487,St. Patrick Golden Lab - Festive St. Patrick’s Day Plush - Aurora®,"Clover Dog is a soft plush pup with shamrock headbands, bringing festive St. Patrick’s Day cheer to gifts, décor, or seasonal collections.",http://auroragift.com/cdn/shop/files/77345.jpg?v=1758828087,https://auroragift.com/products/77345-6in-st-patricks-clover-dog,5,4.5,7
92943338838,St. Patrick Golden Lab - Festive St. Patrick’s Day Plush - Aurora®,"Clover Dog is a soft plush pup with shamrock headbands, bringing festive St. Patrick’s Day cheer to gifts, décor, or seasonal collections.",http://auroragift.com/cdn/shop/files/77345.jpg?v=1758828087,https://auroragift.com/products/77345-6in-st-patricks-clover-dog,5,4.5,7
92943338845,St. Patrick Golden Lab - Festive St. Patrick’s Day Plush - Aurora®,"Clover Dog is a soft plush pup with shamrock headbands, bringing festive St. Patrick’s Day cheer to gifts, décor, or seasonal collections.",http://auroragift.com/cdn/shop/files/77345.jpg?v=1758828087,https://auroragift.com/products/77345-6in-st-patricks-clover-dog,5,4.5,7
92943338852,St. Patrick Golden Lab - Festive St. Patrick’s Day Plush - Aurora®,"Clover Dog is a soft plush pup with shamrock headbands, bringing festive St. Patrick’s Day cheer to gifts, décor, or seasonal collections.",http://auroragift.com/cdn/shop/files/77345.jpg?v=1758828087,https://auroragift.com/products/77345-6in-st-patricks-clover-dog,5,4.5,7
92943338869,St. Patrick Golden Lab - Festive St. Patrick’s Day Plush - Aurora®,"Clover Dog is a soft plush pup with shamrock headbands, bringing festive St. Patrick’s Day cheer to gifts, décor, or seasonal collections.",http://auroragift.com/cdn/shop/files/77345.jpg?v=1758828087,https://auroragift.com/products/77345-6in-st-patricks-clover-dog,5,4.5,7
92943339125,St. Patrick Golden Lab - Festive St. Patrick’s Day Plush - Aurora®,"Clover Dog is a soft plush pup with shamrock headbands, bringing festive St. Patrick’s Day cheer to gifts, décor, or seasonal collections.",http://auroragift.com/cdn/shop/files/77345.jpg?v=1758828087,https://auroragift.com/products/77345-6in-st-patricks-clover-dog,5,4.5,7
92943339378,St. Patrick Golden Lab - Festive St. Patrick’s Day Plush - Aurora®,"Clover Dog is a soft plush pup with shamrock headbands, bringing festive St. Patrick’s Day cheer to gifts, décor, or seasonal collections.",http://auroragift.com/cdn/shop/files/77345.jpg?v=1758828087,https://auroragift.com/products/77345-6in-st-patricks-clover-dog,5,4.5,7
92943339385,St. Patrick Golden Lab - Festive St. Patrick’s Day Plush - Aurora®,"Clover Dog is a soft plush pup with shamrock headbands, bringing festive St. Patrick’s Day cheer to gifts, décor, or seasonal collections.",http://auroragift.com/cdn/shop/files/77345.jpg?v=1758828087,https://auroragift.com/products/77345-6in-st-patricks-clover-dog,5,4.5,7
92943339392,St. Patrick Golden Lab - Festive St. Patrick’s Day Plush - Aurora®,"Clover Dog is a soft plush pup with shamrock headbands, bringing festive St. Patrick’s Day cheer to gifts, décor, or seasonal collections.",http://auroragift.com/cdn/shop/files/77345.jpg?v=1758828087,https://auroragift.com/products/77345-6in-st-patricks-clover-dog,5,4.5,7
92943339408,St. Patrick Golden Lab - Festive St. Patrick’s Day Plush - Aurora®,"Clover Dog is a soft plush pup with shamrock headbands, bringing festive St. Patrick’s Day cheer to gifts, décor, or seasonal collections.",http://auroragift.com/cdn/shop/files/77345.jpg?v=1758828087,https://auroragift.com/products/77345-6in-st-patricks-clover-dog,5,4.5,7
92943339552,St. Patrick Golden Lab - Festive St. Patrick’s Day Plush - Aurora®,"Clover Dog is a soft plush pup with shamrock headbands, bringing festive St. Patrick’s Day cheer to gifts, décor, or seasonal collections.",http://auroragift.com/cdn/shop/files/77345.jpg?v=1758828087,https://auroragift.com/products/77345-6in-st-patricks-clover-dog,5,4.5,7
92943339736,St. Patrick Golden Lab - Festive St. Patrick’s Day Plush - Aurora®,"Clover Dog is a soft plush pup with shamrock headbands, bringing festive St. Patrick’s Day cheer to gifts, décor, or seasonal collections.",http://auroragift.com/cdn/shop/files/77345.jpg?v=1758828087,https://auroragift.com/products/77345-6in-st-patricks-clover-dog,5,4.5,7
92943339859,St. Patrick Golden Lab - Festive St. Patrick’s Day Plush - Aurora®,"Clover Dog is a soft plush pup with shamrock headbands, bringing festive St. Patrick’s Day cheer to gifts, décor, or seasonal collections.",http://auroragift.com/cdn/shop/files/77345.jpg?v=1758828087,https://auroragift.com/products/77345-6in-st-patricks-clover-dog,5,4.5,7
92943404618,St. Patrick Golden Lab - Festive St. Patrick’s Day Plush - Aurora®,"Clover Dog is a soft plush pup with shamrock headbands, bringing festive St. Patrick’s Day cheer to gifts, décor, or seasonal collections.",http://auroragift.com/cdn/shop/files/77345.jpg?v=1758828087,https://auroragift.com/products/77345-6in-st-patricks-clover-dog,5,4.5,7
92943404694,St. Patrick Golden Lab - Festive St. Patrick’s Day Plush - Aurora®,"Clover Dog is a soft plush pup with shamrock headbands, bringing festive St. Patrick’s Day cheer to gifts, décor, or seasonal collections.",http://auroragift.com/cdn/shop/files/77345.jpg?v=1758828087,https://auroragift.com/products/77345-6in-st-patricks-clover-dog,5,4.5,7
92943404717,St. Patrick Golden Lab - Festive St. Patrick’s Day Plush - Aurora®,"Clover Dog is a soft plush pup with shamrock headbands, bringing festive St. Patrick’s Day cheer to gifts, décor, or seasonal collections.",http://auroragift.com/cdn/shop/files/77345.jpg?v=1758828087,https://auroragift.com/products/77345-6in-st-patricks-clover-dog,5,4.5,7
92943404748,St. Patrick Golden Lab - Festive St. Patrick’s Day Plush - Aurora®,"Clover Dog is a soft plush pup with shamrock headbands, bringing festive St. Patrick’s Day cheer to gifts, décor, or seasonal collections.",http://auroragift.com/cdn/shop/files/77345.jpg?v=1758828087,https://auroragift.com/products/77345-6in-st-patricks-clover-dog,5,4.5,7
92943404755,St. Patrick Golden Lab - Festive St. Patrick’s Day Plush - Aurora®,"Clover Dog is a soft plush pup with shamrock headbands, bringing festive St. Patrick’s Day cheer to gifts, décor, or seasonal collections.",http://auroragift.com/cdn/shop/files/77345.jpg?v=1758828087,https://auroragift.com/products/77345-6in-st-patricks-clover-dog,5,4.5,7
92943404762,St. Patrick Golden Lab - Festive St. Patrick’s Day Plush - Aurora®,"Clover Dog is a soft plush pup with shamrock headbands, bringing festive St. Patrick’s Day cheer to gifts, décor, or seasonal collections.",http://auroragift.com/cdn/shop/files/77345.jpg?v=1758828087,https://auroragift.com/products/77345-6in-st-patricks-clover-dog,5,4.5,7
92943404847,St. Patrick Golden Lab - Festive St. Patrick’s Day Plush - Aurora®,"Clover Dog is a soft plush pup with shamrock headbands, bringing festive St. Patrick’s Day cheer to gifts, décor, or seasonal collections.",http://auroragift.com/cdn/shop/files/77345.jpg?v=1758828087,https://auroragift.com/products/77345-6in-st-patricks-clover-dog,5,4.5,7
92943404977,St. Patrick Golden Lab - Festive St. Patrick’s Day Plush - Aurora®,"Clover Dog is a soft plush pup with shamrock headbands, bringing festive St. Patrick’s Day cheer to gifts, décor, or seasonal collections.",http://auroragift.com/cdn/shop/files/77345.jpg?v=1758828087,https://auroragift.com/products/77345-6in-st-patricks-clover-dog,5,4.5,7
92943404984,St. Patrick Golden Lab - Festive St. Patrick’s Day Plush - Aurora®,"Clover Dog is a soft plush pup with shamrock headbands, bringing festive St. Patrick’s Day cheer to gifts, décor, or seasonal collections.",http://auroragift.com/cdn/shop/files/77345.jpg?v=1758828087,https://auroragift.com/products/77345-6in-st-patricks-clover-dog,5,4.5,7
92943404991,St. Patrick Golden Lab - Festive St. Patrick’s Day Plush - Aurora®,"Clover Dog is a soft plush pup with shamrock headbands, bringing festive St. Patrick’s Day cheer to gifts, décor, or seasonal collections.",http://auroragift.com/cdn/shop/files/77345.jpg?v=1758828087,https://auroragift.com/products/77345-6in-st-patricks-clover-dog,5,4.5,7
92943405196,St. Patrick Golden Lab - Festive St. Patrick’s Day Plush - Aurora®,"Clover Dog is a soft plush pup with shamrock headbands, bringing festive St. Patrick’s Day cheer to gifts, décor, or seasonal collections.",http://auroragift.com/cdn/shop/files/77345.jpg?v=1758828087,https://auroragift.com/products/77345-6in-st-patricks-clover-dog,5,4.5,7
92943405240,St. Patrick Golden Lab - Festive St. Patrick’s Day Plush - Aurora®,"Clover Dog is a soft plush pup with shamrock headbands, bringing festive St. Patrick’s Day cheer to gifts, décor, or seasonal collections.",http://auroragift.com/cdn/shop/files/77345.jpg?v=1758828087,https://auroragift.com/products/77345-6in-st-patricks-clover-dog,5,4.5,7
92943772229,St. Patrick Golden Lab - Festive St. Patrick’s Day Plush - Aurora®,"Clover Dog is a soft plush pup with shamrock headbands, bringing festive St. Patrick’s Day cheer to gifts, décor, or seasonal collections.",http://auroragift.com/cdn/shop/files/77345.jpg?v=1758828087,https://auroragift.com/products/77345-6in-st-patricks-clover-dog,5,4.5,7
92943991316,St. Patrick Golden Lab - Festive St. Patrick’s Day Plush - Aurora®,"Clover Dog is a soft plush pup with shamrock headbands, bringing festive St. Patrick’s Day cheer to gifts, décor, or seasonal collections.",http://auroragift.com/cdn/shop/files/77345.jpg?v=1758828087,https://auroragift.com/products/77345-6in-st-patricks-clover-dog,5,4.5,7
92943992184,St. Patrick Golden Lab - Festive St. Patrick’s Day Plush - Aurora®,"Clover Dog is a soft plush pup with shamrock headbands, bringing festive St. Patrick’s Day cheer to gifts, décor, or seasonal collections.",http://auroragift.com/cdn/shop/files/77345.jpg?v=1758828087,https://auroragift.com/products/77345-6in-st-patricks-clover-dog,5,4.5,7
92943993136,St. Patrick Golden Lab - Festive St. Patrick’s Day Plush - Aurora®,"Clover Dog is a soft plush pup with shamrock headbands, bringing festive St. Patrick’s Day cheer to gifts, décor, or seasonal collections.",http://auroragift.com/cdn/shop/files/77345.jpg?v=1758828087,https://auroragift.com/products/77345-6in-st-patricks-clover-dog,5,4.5,7
92943993891,St. Patrick Golden Lab - Festive St. Patrick’s Day Plush - Aurora®,"Clover Dog is a soft plush pup with shamrock headbands, bringing festive St. Patrick’s Day cheer to gifts, décor, or seasonal collections.",http://auroragift.com/cdn/shop/files/77345.jpg?v=1758828087,https://auroragift.com/products/77345-6in-st-patricks-clover-dog,5,4.5,7
92943993921,St. Patrick Golden Lab - Festive St. Patrick’s Day Plush - Aurora®,"Clover Dog is a soft plush pup with shamrock headbands, bringing festive St. Patrick’s Day cheer to gifts, décor, or seasonal collections.",http://auroragift.com/cdn/shop/files/77345.jpg?v=1758828087,https://auroragift.com/products/77345-6in-st-patricks-clover-dog,5,4.5,7
92943993938,St. Patrick Golden Lab - Festive St. Patrick’s Day Plush - Aurora®,"Clover Dog is a soft plush pup with shamrock headbands, bringing festive St. Patrick’s Day cheer to gifts, décor, or seasonal collections.",http://auroragift.com/cdn/shop/files/77345.jpg?v=1758828087,https://auroragift.com/products/77345-6in-st-patricks-clover-dog,5,4.5,7
92943993969,St. Patrick Golden Lab - Festive St. Patrick’s Day Plush - Aurora®,"Clover Dog is a soft plush pup with shamrock headbands, bringing festive St. Patrick’s Day cheer to gifts, décor, or seasonal collections.",http://auroragift.com/cdn/shop/files/77345.jpg?v=1758828087,https://auroragift.com/products/77345-6in-st-patricks-clover-dog,5,4.5,7
92943994058,St. Patrick Golden Lab - Festive St. Patrick’s Day Plush - Aurora®,"Clover Dog is a soft plush pup with shamrock headbands, bringing festive St. Patrick’s Day cheer to gifts, décor, or seasonal collections.",http://auroragift.com/cdn/shop/files/77345.jpg?v=1758828087,https://auroragift.com/products/77345-6in-st-patricks-clover-dog,5,4.5,7
92943994065,St. Patrick Golden Lab - Festive St. Patrick’s Day Plush - Aurora®,"Clover Dog is a soft plush pup with shamrock headbands, bringing festive St. Patrick’s Day cheer to gifts, décor, or seasonal collections.",http://auroragift.com/cdn/shop/files/77345.jpg?v=1758828087,https://auroragift.com/products/77345-6in-st-patricks-clover-dog,5,4.5,7
92943994102,St. Patrick Golden Lab - Festive St. Patrick’s Day Plush - Aurora®,"Clover Dog is a soft plush pup with shamrock headbands, bringing festive St. Patrick’s Day cheer to gifts, décor, or seasonal collections.",http://auroragift.com/cdn/shop/files/77345.jpg?v=1758828087,https://auroragift.com/products/77345-6in-st-patricks-clover-dog,5,4.5,7
92943994126,St. Patrick Golden Lab - Festive St. Patrick’s Day Plush - Aurora®,"Clover Dog is a soft plush pup with shamrock headbands, bringing festive St. Patrick’s Day cheer to gifts, décor, or seasonal collections.",http://auroragift.com/cdn/shop/files/77345.jpg?v=1758828087,https://auroragift.com/products/77345-6in-st-patricks-clover-dog,5,4.5,7
92943994140,St. Patrick Golden Lab - Festive St. Patrick’s Day Plush - Aurora®,"Clover Dog is a soft plush pup with shamrock headbands, bringing festive St. Patrick’s Day cheer to gifts, décor, or seasonal collections.",http://auroragift.com/cdn/shop/files/77345.jpg?v=1758828087,https://auroragift.com/products/77345-6in-st-patricks-clover-dog,5,4.5,7
92943994218,St. Patrick Golden Lab - Festive St. Patrick’s Day Plush - Aurora®,"Clover Dog is a soft plush pup with shamrock headbands, bringing festive St. Patrick’s Day cheer to gifts, décor, or seasonal collections.",http://auroragift.com/cdn/shop/files/77345.jpg?v=1758828087,https://auroragift.com/products/77345-6in-st-patricks-clover-dog,5,4.5,7
92943994225,St. Patrick Golden Lab - Festive St. Patrick’s Day Plush - Aurora®,"Clover Dog is a soft plush pup with shamrock headbands, bringing festive St. Patrick’s Day cheer to gifts, décor, or seasonal collections.",http://auroragift.com/cdn/shop/files/77345.jpg?v=1758828087,https://auroragift.com/products/77345-6in-st-patricks-clover-dog,5,4.5,7
92943994447,St. Patrick Golden Lab - Festive St. Patrick’s Day Plush - Aurora®,"Clover Dog is a soft plush pup with shamrock headbands, bringing festive St. Patrick’s Day cheer to gifts, décor, or seasonal collections.",http://auroragift.com/cdn/shop/files/77345.jpg?v=1758828087,https://auroragift.com/products/77345-6in-st-patricks-clover-dog,5,4.5,7
