upc,title,description,image_url,product_url,piece_length,piece_width,piece_height
764608008126,Translucent Slider Pencil Case w/ PDQ Display,"PRODUCT DETAILS
HIGH QUALITY ORGANIZER. Made of BPA-free & Non-toxic PP plastic. Measure: 7.75"" x 3.2"" x 1"". Carry in backpack or store in drawer. Available in 6 Color: Black, Blue, White, Purple, Green, Pink.
FUNCTIONAL. Slides open and snap closure design for easy access and ensure to secure items in the box. Locking feature that prevents the tray from completely sliding out to avoid spilling contents.
SIMPLE STORAGE. A versatile storage solution designed for simplicity, seamlessly integrating with your current organization tools. Effortlessly eliminate clutter and maintain a tidy space by consolidating your essentials in one convenient location.
KEEP DESK NEAT. Ideal for office for organizing items like pens, pencils, crayon, markers, whiteout, highlighter, checks, receipt, flash cards charging cords, eyeglasses and more.
BRILLIANT DESIGN. Assorted Colors. Fun, colorful, and elegant. Perfect for storing art & craft supplies, and small items. Suitable for 3 year old above.
",https://www.bazic.com/cdn/shop/files/816A.jpg?v=1758856111&width=1920,https://www.bazic.com/products/translucent-slider-pencil-case-w-pdq-display?_pos=1&_sid=073e7dfed&_ss=r,7.75,3.2,1
764608008027,Translucent Slider Pencil Case w/ PDQ Display,"PRODUCT DETAILS
HIGH QUALITY ORGANIZER. Made of BPA-free & Non-toxic PP plastic. Measure: 7.75"" x 3.2"" x 1"". Carry in backpack or store in drawer. Available in 6 Color: Black, Blue, White, Purple, Green, Pink.
FUNCTIONAL. Slides open and snap closure design for easy access and ensure to secure items in the box. Locking feature that prevents the tray from completely sliding out to avoid spilling contents.
SIMPLE STORAGE. A versatile storage solution designed for simplicity, seamlessly integrating with your current organization tools. Effortlessly eliminate clutter and maintain a tidy space by consolidating your essentials in one convenient location.
KEEP DESK NEAT. Ideal for office for organizing items like pens, pencils, crayon, markers, whiteout, highlighter, checks, receipt, flash cards charging cords, eyeglasses and more.
BRILLIANT DESIGN. Assorted Colors. Fun, colorful, and elegant. Perfect for storing art & craft supplies, and small items. Suitable for 3 year old above.
",https://www.bazic.com/cdn/shop/files/816A.jpg?v=1758856111&width=1920,https://www.bazic.com/products/translucent-slider-pencil-case-w-pdq-display?_pos=1&_sid=073e7dfed&_ss=r,7.75,3.2,1
764608008393,Translucent Slider Pencil Case w/ PDQ Display,"PRODUCT DETAILS
HIGH QUALITY ORGANIZER. Made of BPA-free & Non-toxic PP plastic. Measure: 7.75"" x 3.2"" x 1"". Carry in backpack or store in drawer. Available in 6 Color: Black, Blue, White, Purple, Green, Pink.
FUNCTIONAL. Slides open and snap closure design for easy access and ensure to secure items in the box. Locking feature that prevents the tray from completely sliding out to avoid spilling contents.
SIMPLE STORAGE. A versatile storage solution designed for simplicity, seamlessly integrating with your current organization tools. Effortlessly eliminate clutter and maintain a tidy space by consolidating your essentials in one convenient location.
KEEP DESK NEAT. Ideal for office for organizing items like pens, pencils, crayon, markers, whiteout, highlighter, checks, receipt, flash cards charging cords, eyeglasses and more.
BRILLIANT DESIGN. Assorted Colors. Fun, colorful, and elegant. Perfect for storing art & craft supplies, and small items. Suitable for 3 year old above.
",https://www.bazic.com/cdn/shop/files/816A.jpg?v=1758856111&width=1920,https://www.bazic.com/products/translucent-slider-pencil-case-w-pdq-display?_pos=1&_sid=073e7dfed&_ss=r,7.75,3.2,1
764608008164,Translucent Slider Pencil Case w/ PDQ Display,"PRODUCT DETAILS
HIGH QUALITY ORGANIZER. Made of BPA-free & Non-toxic PP plastic. Measure: 7.75"" x 3.2"" x 1"". Carry in backpack or store in drawer. Available in 6 Color: Black, Blue, White, Purple, Green, Pink.
FUNCTIONAL. Slides open and snap closure design for easy access and ensure to secure items in the box. Locking feature that prevents the tray from completely sliding out to avoid spilling contents.
SIMPLE STORAGE. A versatile storage solution designed for simplicity, seamlessly integrating with your current organization tools. Effortlessly eliminate clutter and maintain a tidy space by consolidating your essentials in one convenient location.
KEEP DESK NEAT. Ideal for office for organizing items like pens, pencils, crayon, markers, whiteout, highlighter, checks, receipt, flash cards charging cords, eyeglasses and more.
BRILLIANT DESIGN. Assorted Colors. Fun, colorful, and elegant. Perfect for storing art & craft supplies, and small items. Suitable for 3 year old above.
",https://www.bazic.com/cdn/shop/files/816A.jpg?v=1758856111&width=1920,https://www.bazic.com/products/translucent-slider-pencil-case-w-pdq-display?_pos=1&_sid=073e7dfed&_ss=r,7.75,3.2,1
764608008379,Double Deck Organizer Box,"PRODUCT DETAILS
STACKABLE. Double-deck case with 5 compartments. Made of BPA-free & Non-toxic PP plastic. Lid design allows for stacking of multiple cases for better space utilization. Measure: 8"" x 3.1"" x 1.5"".
FUNCTIONAL. Perfect for storing crafting, office supplies, and small items. Featuring snap lid, simply press the latch down toward the case for the mechanism to lock as designed.
BRILLIANT DESIGN. Assorted Colors. Clear and transparent design keeps contents visible. Allows you to see through the box to easily locate items. Available to purchase in bulk to help save your costs.
SIMPLE STORAGE. A versatile storage solution designed for simplicity, seamlessly integrating with your current organization tools. Effortlessly eliminate clutter and maintain a tidy space by putting in one convenient location. Different sized compartments help organize more efficiently.
KEEP DESK NEAT. Ideal for office for organizing items like pens, pencils, eraser, crayon, markers, highlighter, and more. Suitable for 3 year old above.
",https://www.bazic.com/cdn/shop/files/836.jpg?v=1758848240&width=1920,https://www.bazic.com/products/double-deck-organizer-box?_pos=1&_sid=6ed8521d0&_ss=r,8,3.1,1.5
764608031421,"1/2"" Burgundy 3-Ring View Binder w/ 2-Pockets","PRODUCT DETAILS
ARCHIVAL SAFE. 0.5 Inch binder can hold up to 100 sheets / papers. The rings open and close easily for adding pages as needed.
ORGANIZE WITH EASE. Perfect binders for those school, office, classroom and college supply needs. Ideal for storing and archiving paper, reports, assignments, documents, projects, presentations.
GREAT DURABILITY. Designed and manufactured with enhanced durability featuring a tear-resistant cover with clear transparent view covers to insert or customize your binder on the front, back and spine. Two interior pockets for extra storage.
TRENDY, FUN & COLORFUL. Features a smooth finished high-quality look. Brilliant colored binders are perfect for decorating your shelves, tables, and general office area.
EVERYDAY USE. Stay ready and oragnized for your presentation, business meeting, interview, and more with our 3 rings binders. Board made with 100% recycle material. 
",https://www.bazic.com/cdn/shop/files/4100_409d8e19-1407-4bc6-864e-e74d21aaaf1e.jpg?v=1759285601&width=1920,https://www.bazic.com/products/1-2-burgundy-3-ring-view-binder-w-2-pockets?_pos=1&_sid=bbd392846&_ss=r,,,
764608031117,"1.5"" Assorted Color 3-Ring Binder w/ 2-Pockets","PRODUCT DETAILS
ARCHIVAL SAFE. 1 1/2 Inch binder can hold up to 250 sheets / papers. The rings open and close easily for adding pages as needed.
ORGANIZE WITH EASE. Perfect binders for those school, office, classroom and college supply needs. Ideal for storing and archiving paper, reports, assignments, documents, projects, presentations.
GREAT DURABILITY. Designed and manufactured with enhanced durability featuring a tear-resistant cover. Two interior pockets for extra storage for convenience and storage and quick access.
TRENDY, FUN & COLORFUL. Features a smooth finished high-quality look. Brilliant colored binders are perfect for decorating your shelves, tables and general office area.
EVERYDAY USE. Stay ready and oragnized for your presentation, business meeting, interview, and more with our 3 rings binders. Board made with 100% recycle material.
",https://www.bazic.com/cdn/shop/files/3111.jpg?v=1758859543&width=1920,https://www.bazic.com/products/1-5-assorted-color-3-ring-binder-w-2-pockets?_pos=1&_sid=96859dd4f&_ss=r&variant=48148731134204,,,
764608031964,Elite Letter Size Clear Document Holders (2/Pack),"PRODUCT DETAILS
FILE ORGANIZER. Made from high quality Polypropylene (PP) Plastic material. Safe & Non Toxic. Measure: 13"" x 9.3"". Single pocket. Fits both A4Size and Letter Size.
SECURITY & STYLISH. Protect your paperwork with waterproof and tear-resistant poly portfolio. Durable construction with 0.18 mm thickness spectrums for long lasting use.
MULTI STORAGE. Organized your paper, important files, contract, sales report, presentation, receipt, checks, bills, documents, book, vouchers, card, paint work, homework, assignments.
VISIBLE IN TRANSLUCENT. Clear vivid and bright color folder bag allow checking the contents inside the file folders. Holder features snap closure for quick access
PORTABLE. Simple elegant design with fashion, adding much fun to your work, study, travel, business trip, daily filing, and storing of papers. No need to worry important document get wet or scratched.
",https://www.bazic.com/cdn/shop/files/3195.jpg?v=1758860121&width=1920,https://www.bazic.com/products/elite-letter-size-clear-document-holders-2-pack?_pos=1&_sid=b36696c59&_ss=r,13,9.3,
764608041239,"1"" Red 3-Ring View Binder w/ 2-Pockets","PRODUCT DETAILS
ARCHIVAL SAFE. 1 Inch binder can hold up to 175 sheets / papers. The rings open and close easily for adding pages as needed.
ORGANIZE WITH EASE. Perfect binders for those school, office, classroom and college supply needs. Ideal for storing and archiving paper, reports, assignments, documents, projects, presentations.
GREAT DURABILITY. Designed and manufactured with enhanced durability featuring a tear-resistant cover with clear transparent view covers to insert or customize your binder on the front, back and spine. Two interior pockets for extra storage.
TRENDY, FUN & COLORFUL. Features a smooth finished high-quality look. Brilliant colored binders are perfect for decorating your shelves, tables, and general office area.
EVERYDAY USE. Stay ready and oragnized for your presentation, business meeting, interview, and more with our 3 rings binders. Board made with 100% recycle material. 
",https://www.bazic.com/cdn/shop/files/4123_7ce6f272-aaa8-4006-ac0f-e564ad156647.jpg?v=1759286299&width=1920,https://www.bazic.com/products/1-red-3-ring-view-binder-w-2-pockets?_pos=1&_sid=2536303f3&_ss=r&variant=48148595835132,,,
764608041208,"1/2"" Burgundy 3-Ring View Binder w/ 2-Pockets","PRODUCT DETAILS
ARCHIVAL SAFE. 0.5 Inch binder can hold up to 100 sheets / papers. The rings open and close easily for adding pages as needed.
ORGANIZE WITH EASE. Perfect binders for those school, office, classroom and college supply needs. Ideal for storing and archiving paper, reports, assignments, documents, projects, presentations.
GREAT DURABILITY. Designed and manufactured with enhanced durability featuring a tear-resistant cover with clear transparent view covers to insert or customize your binder on the front, back and spine. Two interior pockets for extra storage.
TRENDY, FUN & COLORFUL. Features a smooth finished high-quality look. Brilliant colored binders are perfect for decorating your shelves, tables, and general office area.
EVERYDAY USE. Stay ready and oragnized for your presentation, business meeting, interview, and more with our 3 rings binders. Board made with 100% recycle material. 
",https://www.bazic.com/cdn/shop/files/4100_409d8e19-1407-4bc6-864e-e74d21aaaf1e.jpg?v=1759285601&width=1920,https://www.bazic.com/products/1-2-burgundy-3-ring-view-binder-w-2-pockets?_pos=1&_sid=25c09f511&_ss=r&variant=48148594524412,,,
764608031308,"Medium 1 1/4"" (32mm) Black Binder Clip (12/Box)","PRODUCT DETAILS

PAPER HOLDER. Classic black and silver color. 12 units per pack. Come in cardboard box for convenient storage. Keep your desk and paperwork looks neat, clean, and professional.
POWERFUL GRIP. The efficient triangular design of these paperclips provides a grip of unsurpassed strength and optimum compression, yet releases easily.
QUALITY MATERIAL. Made of tempered steel: Rust-proof, firm, uniform grip virtually eliminates slipping, even at maximum capacity. Handles fold down to simplify filing and storage.
WIDE APPLICATION. Great for office, home, school, students, teachers to bind documents, papers, files, clothes, photos, hang posters. Can also use as food clamps, storage, and outdoor applications.
FUNCTIONAL. Keep large stacks of loose paper securely fastened together. Closing open frozen veggies and bags of chips. Our supplies are available in bulk quantities.
",https://www.bazic.com/cdn/shop/files/266.jpg?v=1758847096&width=1920,https://www.bazic.com/products/medium-1-1-4-32mm-black-binder-clip-12-box?_pos=1&_sid=91ea99075&_ss=r,,,
764608002612,"Push Pin, Paper Clip, Binder Clip, Magnetic Button Combo Sets","PRODUCT DETAILS
VALUE SET. One pack include: 80 Colored Push Pins (0.9 inch), 15 Magnetic Button (0.78""), 50 Jumbo Paper Clips (2""), 100 Regular Paper Clips (1.3""), 12 Black 3/4"" Binder Clips, 12 Colored mini 3/4"" Binder Clips
HIGH QUALITY. Made from premium metal with a smooth colorful powder coat finish and nickel-plated handles. Rust-resistant & durable. Ideal for home, office, school, or classroom to keep desk organized
MULTIUSE. Binderclips and Paperclips are ideal for holding files, documents, papers, notes, receipt, tickets. Magnetic Button leaving No Holes for photo or paper when holding.
TACKLE ANY TASK. Pushpins to secure documents on walls, bulletin board, cork boards, calendars, foam board, and marking locations on the map, with decorative colorful pins.
SECURE PAPERWORK. Binding work/document, keeps large or small stacks of loose paper securely fastened together with our wide assorted of fastener, paperclip, clamp, pin, magnetic.
",https://www.bazic.com/cdn/shop/files/290-_1.jpg?v=1758858647&width=1920,https://www.bazic.com/products/push-pin-paper-clip-binder-clip-magnetic-button-combo-sets?_pos=1&_sid=25f6f7c0d&_ss=r,,,
764608061107,2 Oz./ 56.70 g Assorted Sizes and Colors Rubber Bands,"PRODUCT DETAILS

NATURAL. Rubber bands made from all natural rubber. Made in USA with globally sourced materials. Mix sizes offers a variety of large, medium, and small sizes—perfect for use in banks, retail stores, restaurants, and shipping departments.
BOND TOGETHER. Come with a variety ofSizes and shapes for all of your binding needs. Perfect for practical everyday use or even for more creative ideas like rubber band balls or tie dying shirts.
FLEXIBLE. Keep your documents, folders, bills, business cards, small books, files organized in office. Bind pens, markers, letters, kitchen items, garage items, computer cords at home.
REUSABLE. The elastic rubber bands can be removed easily and reused. Reliable strength that lasts over time. Also can use rubber bands on hangers to stop clothes from falling off.
MULTIPURPOSE. Can be used to bundle school or office supplies, cash, receipt, trash cans, folders, art & craft, home DIY needs, artistic craft project, and geoboard toys, and game.
",https://www.bazic.com/cdn/shop/files/6110.jpg?v=1758848821&width=1920,https://www.bazic.com/products/2-oz-56-70-g-assorted-sizes-and-colors-rubber-bands?_pos=1&_sid=eed688543&_ss=r,,,
764608002681,"Push Pin, Paper Clip, Binder Clip, Magnetic Button Combo Sets","PRODUCT DETAILS
VALUE SET. One pack include: 80 Colored Push Pins (0.9 inch), 15 Magnetic Button (0.78""), 50 Jumbo Paper Clips (2""), 100 Regular Paper Clips (1.3""), 12 Black 3/4"" Binder Clips, 12 Colored mini 3/4"" Binder Clips
HIGH QUALITY. Made from premium metal with a smooth colorful powder coat finish and nickel-plated handles. Rust-resistant & durable. Ideal for home, office, school, or classroom to keep desk organized
MULTIUSE. Binderclips and Paperclips are ideal for holding files, documents, papers, notes, receipt, tickets. Magnetic Button leaving No Holes for photo or paper when holding.
TACKLE ANY TASK. Pushpins to secure documents on walls, bulletin board, cork boards, calendars, foam board, and marking locations on the map, with decorative colorful pins.
SECURE PAPERWORK. Binding work/document, keeps large or small stacks of loose paper securely fastened together with our wide assorted of fastener, paperclip, clamp, pin, magnetic.
",https://www.bazic.com/cdn/shop/files/290-_1.jpg?v=1758858647&width=1920,https://www.bazic.com/products/push-pin-paper-clip-binder-clip-magnetic-button-combo-sets?_pos=1&_sid=25f6f7c0d&_ss=r,,,
764608031322,"1"" Grey 3-Ring View Binder w/ 2-Pockets","PRODUCT DETAILS
ARCHIVAL SAFE. 1 Inch binder can hold up to 175 sheets / papers. The rings open and close easily for adding pages as needed.
ORGANIZE WITH EASE. Perfect binders for those school, office, classroom and college supply needs. Ideal for storing and archiving paper, reports, assignments, documents, projects, presentations.
GREAT DURABILITY. Designed and manufactured with enhanced durability featuring a tear-resistant cover with clear transparent view covers to insert or customize your binder on the front, back and spine. Two interior pockets for extra storage.
TRENDY, FUN & COLORFUL. Features a smooth finished high-quality look. Brilliant colored binders are perfect for decorating your shelves, tables, and general office area.
EVERYDAY USE. Stay ready and oragnized for your presentation, business meeting, interview, and more with our 3 rings binders. Board made with 100% recycle material. 
",https://www.bazic.com/cdn/shop/files/4121_48d3b34c-5f47-4f9f-bebc-a5c3206ab32a.jpg?v=1759286191&width=1920,https://www.bazic.com/products/1-grey-3-ring-view-binder-w-2-pockets?_pos=1&_sid=0c7b3a0a5&_ss=r&variant=48148595704060,,,
764608061022,2 Oz./ 56.70 g Assorted Sizes and Colors Rubber Bands,"PRODUCT DETAILS

NATURAL. Rubber bands made from all natural rubber. Made in USA with globally sourced materials. Mix sizes offers a variety of large, medium, and small sizes—perfect for use in banks, retail stores, restaurants, and shipping departments.
BOND TOGETHER. Come with a variety ofSizes and shapes for all of your binding needs. Perfect for practical everyday use or even for more creative ideas like rubber band balls or tie dying shirts.
FLEXIBLE. Keep your documents, folders, bills, business cards, small books, files organized in office. Bind pens, markers, letters, kitchen items, garage items, computer cords at home.
REUSABLE. The elastic rubber bands can be removed easily and reused. Reliable strength that lasts over time. Also can use rubber bands on hangers to stop clothes from falling off.
MULTIPURPOSE. Can be used to bundle school or office supplies, cash, receipt, trash cans, folders, art & craft, home DIY needs, artistic craft project, and geoboard toys, and game.
",https://www.bazic.com/cdn/shop/files/6110.jpg?v=1758848821&width=1920,https://www.bazic.com/products/2-oz-56-70-g-assorted-sizes-and-colors-rubber-bands?_pos=1&_sid=eed688543&_ss=r,,,
764608002148,Assorted Size Metal Book Rings (10/Pack),"PRODUCT DETAILS

ASSORTED Size. Each pack contains 5 rings of (1"" inch), 3pieces of (1 1/2"" inch), and 2 rings of (2"" inch) which is a total of 10 rings. AssortedSizes can meet your different using needs!
EASY TO OPERATE. Find the seam on the book ring first, then use your fingers to pull them open and squeeze to close, ideal for fastening anySize document stack, keys and swatches.
QUALITY. Binder rings are strong and durable, made of tough steel that are nickel-plated and are rust-proof. Colors won't fade or rub off, like other rings commonly do!
STAY ORGANIZED. Our book rings are a great way to stay organized in style. Perfect for anything hole-punched such as flashcards, loose-leaf book, memo filing and more. Even popular as a keychain!
SECURE. The latch on the book rings open and close easily and lock for extra security. It wont bend or break off. This is especially important if you plan to use these rings to hold your keys.
",https://www.bazic.com/cdn/shop/files/215.jpg?v=1758856823&width=1920,https://www.bazic.com/products/assorted-size-metal-book-rings-10-pack?_pos=1&_sid=4d51acd35&_ss=r,,,
764608002698,"Push Pin, Paper Clip, Binder Clip, Magnetic Button Combo Sets","PRODUCT DETAILS
VALUE SET. One pack include: 80 Colored Push Pins (0.9 inch), 15 Magnetic Button (0.78""), 50 Jumbo Paper Clips (2""), 100 Regular Paper Clips (1.3""), 12 Black 3/4"" Binder Clips, 12 Colored mini 3/4"" Binder Clips
HIGH QUALITY. Made from premium metal with a smooth colorful powder coat finish and nickel-plated handles. Rust-resistant & durable. Ideal for home, office, school, or classroom to keep desk organized
MULTIUSE. Binderclips and Paperclips are ideal for holding files, documents, papers, notes, receipt, tickets. Magnetic Button leaving No Holes for photo or paper when holding.
TACKLE ANY TASK. Pushpins to secure documents on walls, bulletin board, cork boards, calendars, foam board, and marking locations on the map, with decorative colorful pins.
SECURE PAPERWORK. Binding work/document, keeps large or small stacks of loose paper securely fastened together with our wide assorted of fastener, paperclip, clamp, pin, magnetic.
",https://www.bazic.com/cdn/shop/files/290-_1.jpg?v=1758858647&width=1920,https://www.bazic.com/products/push-pin-paper-clip-binder-clip-magnetic-button-combo-sets?_pos=1&_sid=25f6f7c0d&_ss=r,,,
764608031261,"1"" Bright Color Poly 3-Ring Binder w/ Pocket","PRODUCT DETAILS

ARCHIVAL SAFE. 1 Inch binder can hold up to 175 sheets / papers. The rings open and close easily for adding pages as needed. Soft Cover, assorted colors.
ORGANIZE WITH EASE. Perfect binders for those school, office, classroom and college supply needs. Ideal for storing and archiving paper, reports, assignments, documents, projects, presentations.
GREAT DURABILITY. Designed and manufactured with enhanced durability featuring a tear-resistant cover. One interior pocket for extra storage for convenience and storage and quick access.
TRENDY, FUN & COLORFUL. Features a smooth finished high-quality look. Brilliant colored binders are perfect for decorating your shelves, tables and general office area.
EVERYDAY USE. Stay ready and organized for your presentation, business meeting, interview, and more with our 3 rings binders. Board made with 100% recycle material.
",https://www.bazic.com/cdn/shop/files/3126_e32e170d-782e-46b0-afba-3be7cd6a9bd3.jpg?v=1759288808&width=1920,https://www.bazic.com/products/1-bright-color-poly-3-ring-binder-w-pocket?_pos=1&_sid=d6d72155a&_ss=r&variant=48148688011516,,,
764608061008,2 Oz./ 56.70 g Assorted Sizes and Colors Rubber Bands,"PRODUCT DETAILS

NATURAL. Rubber bands made from all natural rubber. Made in USA with globally sourced materials. Mix sizes offers a variety of large, medium, and small sizes—perfect for use in banks, retail stores, restaurants, and shipping departments.
BOND TOGETHER. Come with a variety ofSizes and shapes for all of your binding needs. Perfect for practical everyday use or even for more creative ideas like rubber band balls or tie dying shirts.
FLEXIBLE. Keep your documents, folders, bills, business cards, small books, files organized in office. Bind pens, markers, letters, kitchen items, garage items, computer cords at home.
REUSABLE. The elastic rubber bands can be removed easily and reused. Reliable strength that lasts over time. Also can use rubber bands on hangers to stop clothes from falling off.
MULTIPURPOSE. Can be used to bundle school or office supplies, cash, receipt, trash cans, folders, art & craft, home DIY needs, artistic craft project, and geoboard toys, and game.
",https://www.bazic.com/cdn/shop/files/6110.jpg?v=1758848821&width=1920,https://www.bazic.com/products/2-oz-56-70-g-assorted-sizes-and-colors-rubber-bands?_pos=1&_sid=eed688543&_ss=r,,,
764608002124,"1"" Assorted Color Metal Book Rings (10/Pack)","PRODUCT DETAILS
ASSORTED COLORS. Assorted Color Metal Book Rings are 1"" inch in diameter and each pack comes with 10 rings. You will receive some or all of the following metallic colors: Silver, Gold, Green, Red and Blue.
EASY TO OPERATE. Find the seam on the book ring first, then use your fingers to pull them open and squeeze to close, ideal for fastening anySize document stack, keys and swatches.
QUALITY. Rings are strong, durable and rust-proof. Made of tough steel that are nickel plated and painted in assortment of metallic colors. Colors won't fade or rub off, like other rings commonly do!
STAY ORGANIZED. Our book rings are a great way to stay organized in style. Perfect for anything hole-punched such as flashcards, loose-leaf book, memo filing and more. Even popular as a keychain!
SECURE. The latch on the book rings open and close easily and lock for extra security. It wont bend or break off. This is especially important if you plan to use these rings to hold your keys.
",https://www.bazic.com/cdn/shop/files/212_9f88b31e-35ba-42c8-97bf-5498f64ea499.jpg?v=1758851222&width=1920,https://www.bazic.com/products/1-assorted-color-metal-book-rings-10-pack?_pos=1&_sid=7fbbef4f1&_ss=r,,,
764608031339,"1.5"" White 3-Ring Binder w/ 2-Pockets","KEEPING THINGS ORGANIZED
With our BAZIC Binders, you have a well-built product that allows you to stay organized with ease. This is the perfect type of product for those school and office supply needs. Ideal for anyone looking to keep assignments and projects in order.

Be ready and organized for your presentation, business meeting, interview and more with our ready to use 3-Ring Binder.
Includes interior pockets.
250 sheet capacity.
Chipboard is made from 100% recycled material.

Try other great BAZIC Products. We offer a wide range of stationery products for all your school and office needs.",https://www.bazic.com/cdn/shop/files/3138.jpg?v=1758852775&width=1920,https://www.bazic.com/products/1-5-white-3-ring-binder-w-2-pockets?_pos=1&_sid=e769544ff&_ss=r&variant=48148588167420,,,
764608021507,Canary Paper Dividers w/ 5-Insertable Color Tabs,"PRODUCT DETAILS
CUSTOMIZABLE. Feature 5 tabs allow categorization within a single file folder. 11 ring hole to fit any 3-ring binder. Measure: 11"" x 9"".
HIGH QUALITY. Sturdy tab dividers made of canary color paper. Gold reinforced edges for durability and to prevent rips and tears.
MULTIPURPOSE. Great for use at school, home, office projects, presentation, portfolio, and reference materials. Snap in or slide in markers to divide or bookmark ring folders or spiral notebooks.
COLOR CODING. Color-coded for quick referencing. Helps protect documents and offers a professional appearance.
A+ OFFICE SUPPLIES. Loads easily into ring binders. Tabs for flipping to the desired section fast.
",https://www.bazic.com/cdn/shop/files/2150.jpg?v=1758860326&width=1920,https://www.bazic.com/products/canary-paper-dividers-w-5-insertable-color-tabs?_pos=1&_sid=e78227d6f&_ss=r,11,9,
764608031148,Pockets Dividers w/ 5-Insertable Color Tabs,"PRODUCT DETAILS
CUSTOMIZABLE. 5/pack tabs allow categorization within a single file folder. Measure: 11.2"" x 9.75"". Feature 11 ring holes to fit any ring binder. Blank white label included helping create tab title.
EXTRA STORAGE. 1 front pocket on each divider for loose papers. Its clear design allows you to see through the content and find the document efficiently.
HIGH QUALITY. Sturdy tab dividers made of durable PVC-free view covers. Stands wear and tear, waterproof, tear-resistant for long time use. Helps protect documents and offers a professional appearance.
MULTIPURPOSE. Great for use at school, home, office projects, presentation, and reference materials. Snap in or slide in markers to divide or bookmark ring binders or spiral notebooks.
COLOR CODING. Color coded for quick referencing. Available in assorted colors. The dividers is writable and erasable with dry erase marker.
",https://www.bazic.com/cdn/shop/files/3114A.jpg?v=1758852596&width=1920,https://www.bazic.com/products/pockets-dividers-w-5-insertable-color-tabs?_pos=1&_sid=72b637356&_ss=r,11.2,9.75,
764608002155,"1"" Assorted Color Metal Book Rings (10/Pack)","PRODUCT DETAILS
ASSORTED COLORS. Assorted Color Metal Book Rings are 1"" inch in diameter and each pack comes with 10 rings. You will receive some or all of the following metallic colors: Silver, Gold, Green, Red and Blue.
EASY TO OPERATE. Find the seam on the book ring first, then use your fingers to pull them open and squeeze to close, ideal for fastening anySize document stack, keys and swatches.
QUALITY. Rings are strong, durable and rust-proof. Made of tough steel that are nickel plated and painted in assortment of metallic colors. Colors won't fade or rub off, like other rings commonly do!
STAY ORGANIZED. Our book rings are a great way to stay organized in style. Perfect for anything hole-punched such as flashcards, loose-leaf book, memo filing and more. Even popular as a keychain!
SECURE. The latch on the book rings open and close easily and lock for extra security. It wont bend or break off. This is especially important if you plan to use these rings to hold your keys.
",https://www.bazic.com/cdn/shop/files/212_9f88b31e-35ba-42c8-97bf-5498f64ea499.jpg?v=1758851222&width=1920,https://www.bazic.com/products/1-assorted-color-metal-book-rings-10-pack?_pos=1&_sid=da0797d9b&_ss=r,,,
764608030219,240 Function Scientific Calculator w/ Slide-On Case,"PRODUCT DETAILS
PROFESSIONAL GRADE CALCULATORS. Measure: 6.25"" x 3.2"" x 0.5"". 240 scientific functions calculator, meet your most calculation requirements for maths, algebra, fractions, statistics, accounting etc.
BRILLIANT DESIGN. 12+10 digits, 2-line display, makes it possible to view both the calculation formula and its result at the same time. For high school and college students use at home, and on the go.
FUNCTIONALITY. Error location and replay key, allow you to backtrack step-by-step through calculations without having to restart the entire process.
DUAL POWER. Solar power with battery backup (battery included), helps make sure that the calculator will function even in a dim place. PP slide on cover to protect keyboard and screen from scratching.
SIMPLE & STURDY. Durable ABS plastic case & bottom. Reasonable configuration and comfortable. Be sure to always carry with you a handy calculator for all of your daily computing tasks!
",https://www.bazic.com/cdn/shop/files/3020A.jpg?v=1758857084&width=1920,https://www.bazic.com/products/240-function-scientific-calculator-w-slide-on-case?_pos=1&_sid=1bd6550cc&_ss=r,6.25,3.2,0.5
764608030011,12-Digit Dual Power Desktop Calculator w/ Adjustable Display,"PRODUCT DETAILS
DESKTOPSize. Measure: 5.75"" x 5.5"" x 1"". This easy to use calculators takes up little space on your desktop and fits easily into your briefcase or desk drawer.
LARGE LCD DISPLAY. Adjustable Tilt Display. 12 Digits jumbo number display, easy to read, eye-angled, upright.Tax rate calculation. Auto power off. Non-skid base.
DUAL POWER. Solar power with AA battery backup (battery included), helps make sure that the calculator will function even in a dim place when battery installed.
SIMPLE & STURDY. Durable metal face and ABS plastic bottom. Reasonable configuration and comfortable. Large keypad layout can reduce mistakes numbers entering.
VERSATILE. Great for home, office, and on the go. Performs common math as well as various financial functions. Perfect for both business and students.
",https://www.bazic.com/cdn/shop/files/3012.jpg?v=1758856237&width=1920,https://www.bazic.com/products/12-digit-dual-power-desktop-calculator-w-adjustable-display?_pos=1&_sid=e0b030503&_ss=r,5.75,5.5,1
764608030127,12-Digit Dual Power Desktop Calculator w/ Adjustable Display,"PRODUCT DETAILS
DESKTOPSize. Measure: 5.75"" x 5.5"" x 1"". This easy to use calculators takes up little space on your desktop and fits easily into your briefcase or desk drawer.
LARGE LCD DISPLAY. Adjustable Tilt Display. 12 Digits jumbo number display, easy to read, eye-angled, upright.Tax rate calculation. Auto power off. Non-skid base.
DUAL POWER. Solar power with AA battery backup (battery included), helps make sure that the calculator will function even in a dim place when battery installed.
SIMPLE & STURDY. Durable metal face and ABS plastic bottom. Reasonable configuration and comfortable. Large keypad layout can reduce mistakes numbers entering.
VERSATILE. Great for home, office, and on the go. Performs common math as well as various financial functions. Perfect for both business and students.
",https://www.bazic.com/cdn/shop/files/3012.jpg?v=1758856237&width=1920,https://www.bazic.com/products/12-digit-dual-power-desktop-calculator-w-adjustable-display?_pos=1&_sid=e0b030503&_ss=r,5.75,5.5,1
764608030097,8-Digit Dual Power Pocket Size Calculator,"PRODUCT DETAILS

BRILLIANT DESIGN. Durable ABS plastic material. LCD display. Measure: 4.5"" x 2.5"" x 0.75"". 8 Digits display. Auto power off. Full function memory. Powered by batteries. 
MINISize. Pocket calculators, smallSize is suitable for your business travel use. This easy to use calculator takes up little space on your desktop and fits into your briefcase or desk drawer.
DUAL POWER. Solar power with AA battery backup (battery not included), helps make sure that the calculator will function even in a dim place when battery installed.
SIMPLE & STURDY. Durable plastic keys allow for constant use without wear and tear. Reasonable configuration and comfortable.
VERSATILE. Great for home, office, and on the go. Performs common math as well as various financial functions. Perfect for both business and students.
",https://www.bazic.com/cdn/shop/files/3009.jpg?v=1758856214&width=1920,https://www.bazic.com/products/8-digit-dual-power-pocket-size-calculator?_pos=1&_sid=21071f2c8&_ss=r,4.5,2.5,0.75
764608030035,240 Function Scientific Calculator w/ Slide-On Case,"PRODUCT DETAILS
PROFESSIONAL GRADE CALCULATORS. Measure: 6.25"" x 3.2"" x 0.5"". 240 scientific functions calculator, meet your most calculation requirements for maths, algebra, fractions, statistics, accounting etc.
BRILLIANT DESIGN. 12+10 digits, 2-line display, makes it possible to view both the calculation formula and its result at the same time. For high school and college students use at home, and on the go.
FUNCTIONALITY. Error location and replay key, allow you to backtrack step-by-step through calculations without having to restart the entire process.
DUAL POWER. Solar power with battery backup (battery included), helps make sure that the calculator will function even in a dim place. PP slide on cover to protect keyboard and screen from scratching.
SIMPLE & STURDY. Durable ABS plastic case & bottom. Reasonable configuration and comfortable. Be sure to always carry with you a handy calculator for all of your daily computing tasks!
",https://www.bazic.com/cdn/shop/files/3020A.jpg?v=1758857084&width=1920,https://www.bazic.com/products/240-function-scientific-calculator-w-slide-on-case?_pos=1&_sid=9f00e17a6&_ss=r,6.25,3.2,0.5
764608030080,8-Digit Silver Desktop Calculator w/ Tone,"PRODUCT DETAILS
DESKTOP Size. Measure: 4.25"" x 6"" x 1"". This easy to use calculators takes up little space on your desktop and fits easily into your briefcase or desk drawer.
BRILLIANT DESIGN. Standard 8 Digits display. Auto power off. Full function memory. Adjustable title display. The keyboard bottom with beep sound can turn on and off for your preference.
LONG LASTING POWER. Powered by battery. Battery included. The calculator will function even in a dim place. Durable crystal plastic keys allow for constant use without wear and tear.
SIMPLE & STURDY. Durable ABS plastic material. Reasonable configuration and comfortable. Be sure to always carry with you a handy calculator for all of your daily operation task!
VERSATILE. Great for home, office, and on the go. Performs common math as well as various financial functions. Perfect for both business and students.
",https://www.bazic.com/cdn/shop/files/3008.jpg?v=1758941119&width=1920,https://www.bazic.com/products/8-digit-silver-desktop-calculator-w-tone?_pos=1&_sid=bcde4bc16&_ss=r,4.25,6,1
764608017180,Scentscribers Scented 6-Color Pen,"PRODUCT DETAILS

6 UNIQUE SCENTS, 1 PEN: This Multicolor pen features 6 scents - Popcorn Palooza, Sweet Cinnamon Roll, Watermelon Sorbet, Grape Galore, Spread 'n' Jam Delight, and Bubblegum Milkshake all in one.
SMOOTH WRITING PEN: Enjoy reliable, skip-free ink in a convenient one-handed retractable design that eliminates lost caps which makes it perfect for quick notes, journaling, or everyday writing tasks.
VIBRANT COLORS: Switch between six bold ink colors in one pen, perfect for color-coding notes, planners, and journals without carrying multiple pens for different needs.
POCKET CLIP CONVENIENCE: Built-in pocket clip lets you securely attach the pen to notebooks, planners, or pockets for easy access, perfect for students, teachers, and artists on the move.
LIGHTLY SCENTED FUN: Each color carries its own light scent as you write or draw giving you an extra touch of fun with every doodle, list, or journal entry.
",https://www.bazic.com/cdn/shop/files/1715.jpg?v=1758863263&width=1920,https://www.bazic.com/products/scentscribers-scented-6-color-pen?_pos=1&_sid=56f24f858&_ss=r&variant=48148810924284,,,
764608039816,Flat Natural Hair Paint Brush (5/Pack),"PRODUCT DETAILS
ASSORTEDSize PAINT BRUSH. Flat natural hair set includes 5 brushes. Soft pony brushes are ideal for watercolor and acrylic paint for detailed work as they form a sharp point allowing precision painting.
FLAT TIPS. The flat tips are also ideal for spreading paint quickly and evenly over a surface. Painted wood handle fits comfortably in your hand. Offers endless creativity and color blending possibilities.
NATURAL BRISTLES. The natural bristles are flexible to make beautiful shading, while keeping their shape through projects that require continuous pouncing.
EASY TO CLEAN. Simply clean it with warm soapy water, reshape the paintbrush tips, hang the brush in a tip-down position, and let the air dry for a few hours.
IDEAL USE. Perfect for school, home, and office. These paintbrushes are great for art projects, birthday parties, painting parties, and more. Suitable for a variety of creative activities.
",https://www.bazic.com/cdn/shop/files/3981_oxov44.jpg?v=1769815118&width=1920,https://www.bazic.com/products/flat-natural-hair-paint-brush-5-pack?_pos=1&_sid=56be732c9&_ss=r,,,
764608039878,18-pieces Assorted Artist Paint Brush,"PRODUCT DETAILS

ASSORTED SIZES. Include round and flat in assorted sizes: 13 Nylon and 5 Foam brushes. Brushes on a sturdy solid translucent plastic handle.
EMBRACE YOUR CREATIVITY. Keep the paint flowing and your child's creativity growing. These paintbrushes are a great addition to any child's paint set.
EASY TO CLEAN. These paint brushes can be easily cleaned with soap and water. After each cleaning, you need to dry off the water on the bristles and store them brush side up.
ARTS & CRAFTS FOR STUDENTS AND ENTHUSIASTS. Nice combination of tips for design purposes, these brushes are great for Watercolor, Acrylic Painting, Oil, Gouache, Body, Face Painting, Ceramic, etc.
VARIOUS USES. Ideal for school, home, and office. These paintbrushes can be used for kid's school projects, special events, birthday parties, paintings, and much more.
",https://www.bazic.com/cdn/shop/files/3992.jpg?v=1758860984&width=1920,https://www.bazic.com/products/18-pieces-assorted-artist-paint-brush?_pos=1&_sid=b57d3df43&_ss=r,,,
764608039823,Round Natural Hair Paint Brush (5/Pack),"PRODUCT DETAILS
ASSORTEDSize PAINT BRUSH. Round natural hair set includes 5 brushes. Soft pony brushes are ideal for watercolor and acrylic paint for detailed work as they form a sharp point allowing precision painting.
ROUND BRUSH. This rounded brush has pointed tips for superior control. Painted wood handle fits comfortably in your hand. Offers endless creativity and color blending possibilities.
EASY TO CLEAN. Simply clean it with warm soapy water, reshape the paintbrush tips, hang the brush in a tip-down position, and let the air dry for a few hours.
EMBRACE YOUR CREATIVITY. Every artist needs the right set of tools to create and flourish. You can be sure to find the instruments you need to accomplish your artistic goals.
IDEAL USE. Perfect for school, home, and office. These paintbrushes are great for art projects, birthday parties, painting parties, and more. Suitable for a variety of creative activities.
",https://www.bazic.com/cdn/shop/files/3982_twmqze.jpg?v=1770053493&width=1920,https://www.bazic.com/products/round-natural-hair-paint-brush-5-pack?_pos=1&_sid=0a96c88d4&_ss=r,,,
764608017494,Royal Assorted Color Rollerball Pen (3/Pack),"PRODUCT DETAILS
ROYAL ASSORTED COLOR ROLLERBALL PEN. Each pack includes 3-Assorted Rollerball Pens; Red, Black and Blue. These fine point pens flow free and write more smoothly than traditional pens.
QUICK DRY & SMEAR FREE. The high-quality liquid ink dries quickly even lefties love it and they don't bleed through most paper; smear and smudge free.
SMOOTH APPLICATION. The 0.7mm tip ballpoint pens with built-in precision ink output regulator, which can ensure liquid ink flowing evenly that give you smooth writing experience.
DESIGN. The visible barrel provides a glimpse of the ink level, making sure you never use an empty pen. Removable cap prevents unwanted marks and protects the writing tip from drying or leaking.
WIDE APPLICATION. These rollerball pens are suitable for school, office and home. Ideal for writing, journaling, note-taking, underlying, sketching and more.
",https://www.bazic.com/cdn/shop/files/1721A.jpg?v=1758856607&width=1920,https://www.bazic.com/products/royal-assorted-color-rollerball-pen-3-pack?_pos=1&_sid=428fb8d7a&_ss=r,,,
764608017470,Scentscribers Scented 6-Color Pen,"PRODUCT DETAILS

6 UNIQUE SCENTS, 1 PEN: This Multicolor pen features 6 scents - Popcorn Palooza, Sweet Cinnamon Roll, Watermelon Sorbet, Grape Galore, Spread 'n' Jam Delight, and Bubblegum Milkshake all in one.
SMOOTH WRITING PEN: Enjoy reliable, skip-free ink in a convenient one-handed retractable design that eliminates lost caps which makes it perfect for quick notes, journaling, or everyday writing tasks.
VIBRANT COLORS: Switch between six bold ink colors in one pen, perfect for color-coding notes, planners, and journals without carrying multiple pens for different needs.
POCKET CLIP CONVENIENCE: Built-in pocket clip lets you securely attach the pen to notebooks, planners, or pockets for easy access, perfect for students, teachers, and artists on the move.
LIGHTLY SCENTED FUN: Each color carries its own light scent as you write or draw giving you an extra touch of fun with every doodle, list, or journal entry.
",https://www.bazic.com/cdn/shop/files/1715.jpg?v=1758863263&width=1920,https://www.bazic.com/products/scentscribers-scented-6-color-pen?_pos=1&_sid=b0aac14c2&_ss=r&variant=48148810924284,,,
764608039854,All Purpose Paint Brush (15/Pack),"PRODUCT DETAILS
VALUE SET. Includes bonus wooden handles paint brush. Watercolors offer the smoothest and brightest painting experience. Brilliant colors blend smoothly for more color-mixing opportunities.
QUALITY. This portable watercolor paint set for comes with awesome solid water color paints, packed in a plastic box, which is convenient for storage and carrying.
EMBRACE YOUR CREATIVITY. Water based colors that dissolve and blend easily. Every artist needs the right set of tools to create and flourish. Great for school projects in the classroom and at home!
GREAT GIFT. Beautifully packaged kit makes a great gift idea for birthday present. Non toxic and safe for little girls and boys. Suitable for arts, crafts, kids, adults, beginners, students, artist.
BAZIC Washable Products can wash away from skin and most washable clothing types. However, it is best to keep it away from non-glossy table surfaces, finished & unfinished wood products, upholstered seats, vinyl, carpeting, wallpaper, painted walls and other materials that can not be laundered.
",https://www.bazic.com/cdn/shop/files/3985.jpg?v=1758858725&width=1920,https://www.bazic.com/products/all-purpose-paint-brush-15-pack?_pos=1&_sid=46b6b5519&_ss=r,,,
764608034354,Natural Craft Stick (1000/Box),"PRODUCT DETAILS
STANDARDSize. Dimension: 4 7/16"" x 3/8"" each stick. Great for making frames, boxes, building project, note holders, home decorations, arts & crafts students, and enthusiasts.
VERSATILE. Perfect for school projects that from puppets and characters to miniature scenes with fences and model houses. Can be used as waxing and facial care as well.
NATURAL WOOD. Available choice in natural wooden color and colored sticks. Colored craft sticks are available in variety of intense colors. Easy to paint any color on the surface too.
KID SAFE. Made of non-toxic food coloring. Rounded and smooth edges. Great tool for teacher and student. Safe for children making popsicle, ice cream, ice bar, dessert, food, and more.
EMBRACE YOUR CREATIVITY. Every artist needs the right set of tools to create and flourish. You can be sure to find the colors, paints, and instruments you need to accomplish your artistic goals!
",https://www.bazic.com/cdn/shop/files/6804.jpg?v=1758857349&width=1920,https://www.bazic.com/products/natural-craft-stick-1000-box?_pos=1&_sid=c9e31d4bf&_ss=r,16,3,
764608009604,"1.88"" X 3 Yards Glitter Tape","PRODUCT DETAILS
FUN DIY CRAFT. This beautiful tape is measure width 1.88 inch with length 5 yard. its bright colors is great for color-coding labeling, organizing packing boxes, storing, and packing.
CREATIVITY. Ideal for arts & crafts projects, decorations, DIY design at home, and school activities. Fun art project for kids and adults can do in the classroom, kitchen, home, or outdoor.
UNIQUE. Stand out your artwork with these charming tapes. Ideal for decorate your diaries, pencil box, custom cards, party invitation, gift wrap, school projects.
FAST & SAFE. Acid free. Provides safety to kids and elderly by using decorative adhesive tapes instead of toxin glue. This cute tape is a perfect gift and loved by all ages.
GORGEOUS DESIGN. Also available in a variety of colors/patterns: heart, holographic, stars, butterfly, paisley, elephant, owl, zebra, camouflage, animal leopard, giraffe, polka dot, chevron, lace.
",https://www.bazic.com/cdn/shop/files/960_397030e5-cb63-40a7-b5ce-406ebcee2a1b.jpg?v=1758856009&width=1920,https://www.bazic.com/products/1-88-x-3-yards-glitter-tape?_pos=1&_sid=8266375d3&_ss=r,,,
764608034828,1lb / 16 oz Multicolor Glitter,"PRODUCT DETAILS
GLITTER SHAKERS. Our glitter powder is individually packed according to different color, 16oz per jar. You can use for a long time as glitter comes in container with lid for convenient and easy use.
EASY-POUR JAR. Glitter powder is packed in jars with shaker tops, help handle glitter amount precisely and evenly, and the lids are secured tightly, ensuring no loose glitter.
COLORS OF THE RAINBOW. Comes in assorted bright sparkling colors, featuring primary, neon, gold and silver colors. Turns ordinary projects into extraordinary ones.
SAFE & EASY. Made of high quality material this fine glitter is non-toxic and safe to use by children and adults of all ages. Easy to mix with glue or paint, also easy to clean with water.
WIDE APPLICATION. Very fine glitter, perfect for craft lovers, widely used in epoxy resin, nail art, slime, festival decorations, school projects, Halloween decoration, anything you want!
",https://www.bazic.com/cdn/shop/files/3497.jpg?v=1758858212&width=1920,https://www.bazic.com/products/1lb-16-oz-multicolor-glitter?_pos=1&_sid=8b8a5eb71&_ss=r,,,
764608034415,2 oz (56.6g) Neon Color Glitter Shaker,"PRODUCT DETAILS

GLITTER SHAKERS. Our glitter powder is individually packed according to each color, 56.6g per jar. Convenient, long-lasting, and easy to use.
EASY-POUR JAR. Glitter powder is packed in jars with shaker tops, to help handle glitter amount precisely and evenly, and the lids are secured tightly, ensuring no loose glitter.
COLORS OF THE RAINBOW. Comes in assorted bright sparkling colors. Turns ordinary projects into extraordinary ones.
SAFE & EASY. Made of high quality material this fine glitter is non-toxic and safe to use for all ages. Easy to mix with glue or paint, also easy to clean with water.
WIDE APPLICATION. Very fine glitter, perfect for craft lovers, widely used in epoxy resin, nail art, slime, festival decorations, school projects, Halloween decoration, and more!
",https://www.bazic.com/cdn/shop/files/3446_main.jpg?v=1758850235&width=1920,https://www.bazic.com/products/2-oz-56-6g-neon-color-glitter-shaker?_pos=1&_sid=78d4b8647&_ss=r,,,
764608034835,2 oz (56.6g) Neon Color Glitter Shaker,"PRODUCT DETAILS

GLITTER SHAKERS. Our glitter powder is individually packed according to each color, 56.6g per jar. Convenient, long-lasting, and easy to use.
EASY-POUR JAR. Glitter powder is packed in jars with shaker tops, to help handle glitter amount precisely and evenly, and the lids are secured tightly, ensuring no loose glitter.
COLORS OF THE RAINBOW. Comes in assorted bright sparkling colors. Turns ordinary projects into extraordinary ones.
SAFE & EASY. Made of high quality material this fine glitter is non-toxic and safe to use for all ages. Easy to mix with glue or paint, also easy to clean with water.
WIDE APPLICATION. Very fine glitter, perfect for craft lovers, widely used in epoxy resin, nail art, slime, festival decorations, school projects, Halloween decoration, and more!
",https://www.bazic.com/cdn/shop/files/3446_main.jpg?v=1758850235&width=1920,https://www.bazic.com/products/2-oz-56-6g-neon-color-glitter-shaker?_pos=1&_sid=dabea77d9&_ss=r,,,
764608003213,"12"" (30cm) Wooden Ruler","PRODUCT DETAILS
DOUBLE-SIDED MEASUREMENT. Let measuring be the least of your worries with our 12inch/30cm natural wood ruler containing a single metal edge and featuring holes making it easy to store in three-ring binder!
SINGLE METAL EDGE DESIGN. Single metal edge is designed for making accurate measurements and drawing clean straight lines for all types of school work and fun projects.
ACCURATE MEASUREMENTS. Wooden ruler with dual side measuring features sharp delineated numerals and graduations with an imperial scale in 1/16"" and metric; making measuring easier!
QUALITY MATERIAL. A good measuring tool that is easy and convenient to use. Made from selected hardwood, smooth surface, splinter worry free making it safe for kids to use.
WIDE APPLICATION. A must have measuring tool for students, teachers, artists, designers, architects, engineers, construction and more. Perfect to have it in classroom, school, office, home, etc.
",https://www.bazic.com/cdn/shop/files/321.jpg?v=1758940888&width=1920,https://www.bazic.com/products/12-30cm-wooden-ruler?_pos=1&_sid=fcbf7514b&_ss=r,,,
764608060070,Ergonomic Magnetic Whiteboard Eraser,"PRODUCT DETAILS
ERGONOMIC. Its ergonomic shape makes the eraser comfortable to hold and easy to use. Made of lightweight contoured foam for a more comfortable grip, with a long-lasting felt cleaning surface.
MAGNETIC DESIGN. Magnetic whiteboard eraser conveniently adheres to any metal-backed whiteboards or steel surface. Cleans up easily with soap and wate. Safe for use on all white board surfaces
WIDE APPLICATION. Removes markings quickly and easily from dry-erase surfaces. Compatible with most materials: white boards, glass, porcelain, melamine, and other non porous surfaces.
DURABLE. Top-quality felt for better erasing and a professional look. Provides a fresh surface for better cleaning. Get long-lasting, high-quality pieces that are non-toxic and easy to erase.
EXCELLENT DESIGN. Product Measure: 4.25"" X 2"" X 0.9"". Compatible with most materials of non porous surfaces: whiteboards, glass, porcelain, and melamine.
",https://www.bazic.com/cdn/shop/files/6007.jpg?v=1758850947&width=1920,https://www.bazic.com/products/ergonomic-magnetic-whiteboard-eraser?_pos=1&_sid=d15a00470&_ss=r,4.25,2,0.9
764608022054,Pink Eraser Cap (12/Pack),"PRODUCT DETAILS
PENCIL-PERFECT FIT. Designed to fit most standard pencils, these pink eraser caps provide a snug, secure hold for easy corrections, boosting confidence and keeping your work neat.
CLEAN RESULTS EVERYTIME. Wedge-shaped angled tips erase cleanly without tearing paper, making homework, notes, and sketches look sharp and professional every time.
SAFE FOR ALL. Made from latex-free materials, these erasers are safe for everyone and deliver reliable, smudge-free erasing, ensuring worry-free use day after day.
READY FOR ANYTHING. Ideal for school assignments, office paperwork, and creative art projects, these eraser caps help you stay organized and mistake-free with every task.
SUPPLY KIT HERO. These eraser caps offer clean erasing, long-lasting durability, and a trusted brand advantage, making them a smart, satisfying addition to any supply kit.
",https://www.bazic.com/cdn/shop/files/2238_20141930-a36e-4223-bb8b-1c63365d6253.jpg?v=1762473554&width=1920,https://www.bazic.com/products/pink-eraser-cap-12-pack?_pos=1&_sid=8e1d96237&_ss=r,,,
764608022238,Jumbo Eraser (4/Pack),"PRODUCT DETAILS
BLOCK DESIGN. Made from soft vinyl to deliver precise, smudge-free corrections. Easily erases pencil or lead marks from all types of surfaces. Offer you long-lasting use.
SAFE & NON TOXIC. PVC & latex-free. Make clean corrections to office documents, and homework. Available in bulk packs for school and office supplies to save your costs.
SMUDGE FREE CORRECTION. Use on most surfaces without smudging. It cleans easily without scratching, tearing, or damaging paper. Perfect for exams, essays and everyday writing
MULTIUSE. Durable and convenient for children, students, teachers, and artists at school, home, office. Ideal for sketching, drafting, homework, tests, and more.
CUTE & FUN. Block shaped is perfect for erase mistakes for both details and large areas. Assorted colors erasers make writing and learning more fun.
",https://www.bazic.com/cdn/shop/files/2201.jpg?v=1758855458&width=1920,https://www.bazic.com/products/jumbo-eraser-4-pack?_pos=1&_sid=3d0f98b6f&_ss=r,,,
764608060063,Ergonomic Magnetic Whiteboard Eraser,"PRODUCT DETAILS
ERGONOMIC. Its ergonomic shape makes the eraser comfortable to hold and easy to use. Made of lightweight contoured foam for a more comfortable grip, with a long-lasting felt cleaning surface.
MAGNETIC DESIGN. Magnetic whiteboard eraser conveniently adheres to any metal-backed whiteboards or steel surface. Cleans up easily with soap and wate. Safe for use on all white board surfaces
WIDE APPLICATION. Removes markings quickly and easily from dry-erase surfaces. Compatible with most materials: white boards, glass, porcelain, melamine, and other non porous surfaces.
DURABLE. Top-quality felt for better erasing and a professional look. Provides a fresh surface for better cleaning. Get long-lasting, high-quality pieces that are non-toxic and easy to erase.
EXCELLENT DESIGN. Product Measure: 4.25"" X 2"" X 0.9"". Compatible with most materials of non porous surfaces: whiteboards, glass, porcelain, and melamine.
",https://www.bazic.com/cdn/shop/files/6007.jpg?v=1758850947&width=1920,https://www.bazic.com/products/ergonomic-magnetic-whiteboard-eraser?_pos=1&_sid=d15a00470&_ss=r,4.25,2,0.9
764608022061,Pink Eraser Cap (12/Pack),"PRODUCT DETAILS
PENCIL-PERFECT FIT. Designed to fit most standard pencils, these pink eraser caps provide a snug, secure hold for easy corrections, boosting confidence and keeping your work neat.
CLEAN RESULTS EVERYTIME. Wedge-shaped angled tips erase cleanly without tearing paper, making homework, notes, and sketches look sharp and professional every time.
SAFE FOR ALL. Made from latex-free materials, these erasers are safe for everyone and deliver reliable, smudge-free erasing, ensuring worry-free use day after day.
READY FOR ANYTHING. Ideal for school assignments, office paperwork, and creative art projects, these eraser caps help you stay organized and mistake-free with every task.
SUPPLY KIT HERO. These eraser caps offer clean erasing, long-lasting durability, and a trusted brand advantage, making them a smart, satisfying addition to any supply kit.
",https://www.bazic.com/cdn/shop/files/2238_20141930-a36e-4223-bb8b-1c63365d6253.jpg?v=1762473554&width=1920,https://www.bazic.com/products/pink-eraser-cap-12-pack?_pos=1&_sid=084286c84&_ss=r,,,
764608003251,"Claro 12"" (30cm) Transparent Plastic Ruler","PRODUCT DETAILS
DOUBLE-SIDED MEASUREMENT. BAZIC's clear ruler contains a 12inch/30cm with beveled edge. Its two colors, inches scale in black; centimeter scale in red; the two scales can meet your different measuring needs!
CLEAR DESIGN. Clear color allows for a clear view of numbers and letters on the page. With the clear mathematic ruler, you can measure an object easily and draw straight lines the exact length.
ACCURATE MEASUREMENTS. Plastic ruler with dual side measuring features sharp delineated numerals and graduations with an imperial scale in 1/16"" and metric; making measuring easier!
PLASTIC TRANSPARENT RULER. A good measuring tool that is easy and convenient to use. Made of good quality plastic and sturdy; thick and smooth enough to avert scratching the finger.
WIDE APPLICATION. A must have measuring tool for students, teachers, artists, designers, architects, engineers, construction and more. Perfect to have it in classroom, school, office, home, etc.
",https://www.bazic.com/cdn/shop/files/325_cd7d7064-2afb-4dab-aab1-b68130282214.jpg?v=1768507430&width=1920,https://www.bazic.com/products/claro-12-30cm-transparent-plastic-ruler?_pos=1&_sid=6760a4f16&_ss=r,,,
764608022047,Pink Eraser Cap (12/Pack),"PRODUCT DETAILS
PENCIL-PERFECT FIT. Designed to fit most standard pencils, these pink eraser caps provide a snug, secure hold for easy corrections, boosting confidence and keeping your work neat.
CLEAN RESULTS EVERYTIME. Wedge-shaped angled tips erase cleanly without tearing paper, making homework, notes, and sketches look sharp and professional every time.
SAFE FOR ALL. Made from latex-free materials, these erasers are safe for everyone and deliver reliable, smudge-free erasing, ensuring worry-free use day after day.
READY FOR ANYTHING. Ideal for school assignments, office paperwork, and creative art projects, these eraser caps help you stay organized and mistake-free with every task.
SUPPLY KIT HERO. These eraser caps offer clean erasing, long-lasting durability, and a trusted brand advantage, making them a smart, satisfying addition to any supply kit.
",https://www.bazic.com/cdn/shop/files/2238_20141930-a36e-4223-bb8b-1c63365d6253.jpg?v=1762473554&width=1920,https://www.bazic.com/products/pink-eraser-cap-12-pack?_pos=1&_sid=084286c84&_ss=r,,,
764608060131,"11"" X 17"" CLASSIQUE Magnetic Dry Erase Board w/ Marker & 2 Magnets","PRODUCT DETAILS
MAGNETIC PAD. Include dry erase marker*1, magnet*2, double side foam tape, strips magnets. White board is great for practicing writing words, letters, math, drawing, doodling, game, and coloring.
DURABLE & SAFE TO USE. Quality and sturdy chrome finish frame with smooth edges. Premium surface that is scratch resistant. Ideal for planning, chores, to do list tasks, home studies, organization.
EASY INSTALLED. Include mounting hardware: Magnetic strips, Double-sided adhesive. Mount this board either landscape or portrait. Easily mounted on the fridge, office, or bedroom wall.
VERSATILE. Whiteboard is made of smooth surface. Easy to write with, taking notes, memos, drawing, scheduling, display, discussion, idea pad. Perfect for office, zoom meeting, kitchen, fridge, desk.
ENDORSED BY TEACHER & PARENTS. Ideal for kids and students to use at home and school with dry erase markers. Great educational toy and a fun drawing board. Perfect holiday gift for children!
",https://www.bazic.com/cdn/shop/files/6013.jpg?v=1758848890&width=1920,https://www.bazic.com/products/11-x-17-classique-magnetic-dry-erase-board-w-marker-2-magnets?_pos=1&_sid=850dc3afa&_ss=r,,,
764608003381,"6"" (15cm) Plastic Ruler (3/Pack)","PRODUCT DETAILS
QUANTITY. Pack of three transparent 6inch/15cm plastic rulers with beveled edge. Inches on one edge, metric on the other. Each pack contains the following colors: Blue, Pink, and Green.
TRANSPARENT DESIGN. This see through plastic ruler allows for a clear view of numbers and letters on the page. Making it easier to measure an object and draw straight lines the exact length you want.
ACCURATE MEASUREMENTS. These mini transparent rulers with dual side measuring feature sharp delineated numerals and graduations making measuring easier!
QUALITY MATERIAL. A good measuring tool that is easy and convenient to use. Made of good quality plastic and sturdy; thick and smooth enough to avert scratching the finger.
WIDE APPLICATION. A must have measuring tool comes in handy for students, teachers, artists, designers, architects, engineers, construction and more. Perfect to have it in classroom, school, office, home, etc.
",https://www.bazic.com/cdn/shop/files/338_rwrmyq.jpg?v=1770936968&width=1920,https://www.bazic.com/products/6-15cm-plastic-ruler-3-pack?_pos=1&_sid=dc89bd8cd&_ss=r,,,
764608003206,"Claro 12"" (30cm) Transparent Plastic Ruler","PRODUCT DETAILS
DOUBLE-SIDED MEASUREMENT. BAZIC's clear ruler contains a 12inch/30cm with beveled edge. Its two colors, inches scale in black; centimeter scale in red; the two scales can meet your different measuring needs!
CLEAR DESIGN. Clear color allows for a clear view of numbers and letters on the page. With the clear mathematic ruler, you can measure an object easily and draw straight lines the exact length.
ACCURATE MEASUREMENTS. Plastic ruler with dual side measuring features sharp delineated numerals and graduations with an imperial scale in 1/16"" and metric; making measuring easier!
PLASTIC TRANSPARENT RULER. A good measuring tool that is easy and convenient to use. Made of good quality plastic and sturdy; thick and smooth enough to avert scratching the finger.
WIDE APPLICATION. A must have measuring tool for students, teachers, artists, designers, architects, engineers, construction and more. Perfect to have it in classroom, school, office, home, etc.
",https://www.bazic.com/cdn/shop/files/325_cd7d7064-2afb-4dab-aab1-b68130282214.jpg?v=1768507430&width=1920,https://www.bazic.com/products/claro-12-30cm-transparent-plastic-ruler?_pos=1&_sid=6760a4f16&_ss=r,,,
764608022115,Dot.ted Retractable Stick Erasers (2/Pack),"PRODUCT DETAILS
HIGH QUALITY. Made from premium rubber to deliver precise, smudge-free corrections. Easily erases pencil or lead marks from all types of surfaces. Offer you long-lasting use. Measure 4.25"" x 0.9""
PEN STYLE GRIP. Protect your work and erase with this retractable pen eraser, you can easily adjust the eraser length by simply click to expand. The pen-style body is easy to use and store.
SAFE & NON TOXIC. PVC & latex-free. Make clean corrections to office documents, and homework. Cute & assorted colors erasers make writing and learning more fun.
PERFECT GIFT. For kids, students, teachers, family, and friends, co-workers to use at home, office, and school. Ideal for sketching, drafting, homework, tests, exams, essays, and everyday writing.
SMUDGE FREE CORRECTION. Use on most surfaces without smudging. It cleans easily without scratching, tearing, or damaging paper. Erase mistakes for both details and large areas.
",https://www.bazic.com/cdn/shop/files/2211_593d3baa-955c-453d-bd4c-a09c7d2e1a96.jpg?v=1758850857&width=1920,https://www.bazic.com/products/dot-ted-retractable-stick-erasers-2-pack?_pos=1&_sid=142e0247b&_ss=r,4.25,0.9,
764608003169,"12"" (30cm) Stainless Steel Ruler w/ Non Skid Back","PRODUCT DETAILS
DOUBLE-SIDED MEASUREMENT. BAZIC's 12inch/30cm stainless-steel ruler with a non-skid back comes in handy for students to be used in math classes providing them with specific measurements.
SLIP RESISTANT. The non-skid backing protects surfaces and keeps the ruler stable while using and prevents ink from entering under the stainless steel ruler and messing up your work.
ACCURATE MEASUREMENTS. Stainless-steel ruler with dual side measuring features sharp delineated numerals and graduations with an etched-on 1/32 inch and metric; making measuring easier!
QUALITY MATERIAL. The durable stainless-steel ruler is made of good quality which ensures long lasting use. Surface of the ruler is smooth with a hanging hole for convenient storing to keep things organized.
WIDE APPLICATION. A must have measuring tool for students, teachers, artists, designers, architects, engineers, construction and more. Perfect to have it in classroom, school, office, home, etc.
",https://www.bazic.com/cdn/shop/files/316_rwdjto.jpg?v=1770937548&width=1920,https://www.bazic.com/products/12-30cm-stainless-steel-ruler-w-non-skid-back?_pos=1&_sid=5499026ed&_ss=r,,,
764608003053,20mm Size Lettering Stencil Ruler Sets (2/Pack),"PRODUCT DETAILS
VARIANT DESIGN. Each Letter Size measures 13/16"" (20mm). A-Z Uppercase, lowercase alphabet, 0-9 number, and math calculation symbols. Feature two-sided 8 inches / 22-centimeter measuring.
SAFE & NON-TOXIC STENCIL RULER SET – Made from high-quality PET material, durable and non-toxic. Perfect for hours of creative fun for all ages, ensuring safe and enjoyable crafting!
APPROVED BY TEACHERS AND PARENTS. A great educational tool. This stencil kit makes practicing ABCs and numbers fun at home or in the classroom.
COLORFUL SET. Bright colors to capture interest and help maintain focus. Ideal for birthday or holiday gifts. Perfect for drawing with pencils, coloring markers, and paintbrushes.
VERSATILITY. This cute plastic stencils template is practical tool for art and craft, journaling, scrapbooking, school art projects, DIY artwork, painting, tracing, indoor and outdoor creations.
",https://www.bazic.com/cdn/shop/files/305A.jpg?v=1758849137&width=1920,https://www.bazic.com/products/20mm-size-lettering-stencil-ruler-sets-2-pack?_pos=1&_sid=fef931796&_ss=r,,,
764608022016,Rainbow Eraser (4/Pack),"PRODUCT DETAILS
BLOCK DESIGN. Made from premium rubber to deliver precise, smudge-free corrections. Easily erases pencil or lead marks from all types of surfaces. Offer you long-lasting use.
SAFE & NON TOXIC. PVC & latex-free. Make clean corrections to office documents, and homework. Available in bulk packs for school and office supplies to save your costs.
SMUDGE FREE CORRECTION. Use on most surfaces without smudging. It cleans easily without scratching, tearing, or damaging paper. Perfect for exams, essays and everyday writing
MULTIUSE. Durable and convenient for children, students, teachers, and artists at school, home, office. Ideal for sketching, drafting, homework, tests, and more.
CUTE & FUN. Block shaped is perfect for erase mistakes for both details and large areas. Assorted colors erasers make writing and learning more fun.
",https://www.bazic.com/cdn/shop/files/2209.jpg?v=1763745891&width=1920,https://www.bazic.com/products/rainbow-eraser-4-pack?_pos=1&_sid=946adba56&_ss=r,,,
764608060056,12 Color & 12 White Chalk w/ Eraser Set,"PRODUCT DETAILS
CHALK IT UP. Each standard chalkSize measures 3 1/4"" long by 3/8"" inch in diameter. Marks smooth and erase easily from black board or chalk boards.
SAFE & NON TOXIC. Non-toxic, smooth & clean writing. Suitable for all ages can enjoy create artistic and drawings activity.
MULTIPURPOSE. Can be used on multiple surfaces like blackboard, chalkboard, craft papers, and paper bags. Low dust special formula create a dustless drawing experience. Safe for use indoor.
BRIGHT SHADES.. Visible on dark or colored surfaces. Create big, colorful murals or write large handwritten messages in vivid shades.
HOURS OF FUN. Great for school, classroom, cafe, office, home, daycare, summer camps. Ideal for children, toddler, teacher, teens, and adults.
",https://www.bazic.com/cdn/shop/files/2402.jpg?v=1758850062&width=1920,https://www.bazic.com/products/12-color-12-white-chalk-w-eraser-set?_pos=1&_sid=0aadeb6b3&_ss=r,,,
764608060216,"11"" X 17"" CLASSIQUE Magnetic Dry Erase Board w/ Marker & 2 Magnets","PRODUCT DETAILS
MAGNETIC PAD. Include dry erase marker*1, magnet*2, double side foam tape, strips magnets. White board is great for practicing writing words, letters, math, drawing, doodling, game, and coloring.
DURABLE & SAFE TO USE. Quality and sturdy chrome finish frame with smooth edges. Premium surface that is scratch resistant. Ideal for planning, chores, to do list tasks, home studies, organization.
EASY INSTALLED. Include mounting hardware: Magnetic strips, Double-sided adhesive. Mount this board either landscape or portrait. Easily mounted on the fridge, office, or bedroom wall.
VERSATILE. Whiteboard is made of smooth surface. Easy to write with, taking notes, memos, drawing, scheduling, display, discussion, idea pad. Perfect for office, zoom meeting, kitchen, fridge, desk.
ENDORSED BY TEACHER & PARENTS. Ideal for kids and students to use at home and school with dry erase markers. Great educational toy and a fun drawing board. Perfect holiday gift for children!
",https://www.bazic.com/cdn/shop/files/6013.jpg?v=1758848890&width=1920,https://www.bazic.com/products/11-x-17-classique-magnetic-dry-erase-board-w-marker-2-magnets?_pos=1&_sid=5dabeb1e5&_ss=r,,,
764608022511,Princess Bash 3D Eraser Sets,"PRODUCT DETAILS

PRINCESS THEME PENCIL ERASER. Enjoy a variety of 3D fun erasers shaped like dress up clothing and accessories such as a crown, lipstick, purse, and more, adding a touch of royal charm to your essentials
INTRICATE. Each eraser is made with realistic details and vibrant colors to be both visually appealing and fun to use. Can be taken apart and reassembled like a puzzle; Between approx. 1 to 2 inches
SAFE & NON-TOXIC. Crafted from non-toxic thermoplastic rubber, these erasers are safe to use by all ages without needing to worry about any harmful chemicals; For ages 6 and up
EFFICIENT. Despite their fun designs, these cute erasers offer effective erasing capabilities, leaving behind clean and smudge-free surfaces; Doubles as functional erasers and toy collectibles
VERSATILE. Great for imaginative play, gifts, treasure box prizes, goody bag stuffers and events. Fun toys to teach about different types of dress up items while they play!
",https://www.bazic.com/cdn/shop/files/2251.jpg?v=1758862170&width=1920,https://www.bazic.com/products/princess-bash-3d-eraser-sets?_pos=1&_sid=37e0a72ff&_ss=r,,,
764608022023,Neon Eraser Cap (120/Box),"PRODUCT DETAILS
PENCIL-PERFECT FIT. Designed to fit most standard pencils, these neon eraser caps provide a snug, secure hold for easy corrections, boosting confidence and keeping your work neat.
CLEAN RESULTS EVERYTIME. Wedge-shaped angled tips erase cleanly without tearing paper, making homework, notes, and sketches look sharp and professional every time.
SAFE FOR ALL. Made from latex-free materials, these erasers are safe for everyone and deliver reliable, smudge-free erasing, ensuring worry-free use day after day.
READY FOR ANYTHING. Ideal for school assignments, office paperwork, and creative art projects, these eraser caps help you stay organized and mistake-free with every task.
SUPPLY KIT HERO. These eraser caps offer clean erasing, long-lasting durability, and a trusted brand advantage, making them a smart, satisfying addition to any supply kit.
",https://www.bazic.com/cdn/shop/files/2237_10z69b.jpg?v=1765329111&width=1920,https://www.bazic.com/products/neon-eraser-cap-120-box?_pos=1&_sid=ac0672fec&_ss=r,,,
764608060421,"14"" x 14"" CUBIX Magnetic Dry Erase Tile","PRODUCT DETAILS

MAGNETIC TILE. Includes dry erase marker*1, magnet*1, screw*4. White board is great for practicing writing words, letters, math, drawing, doodling, game, and coloring. Magnetic surface for attaching notes or accessories.
DURABLE. Quality board made with sturdy materials. Premium surface that is scratch resistant. Ideal for planning, chores, to do list tasks, home studies, organization. Available in set of 4 assorted colors.
EASY INSTALLATION. Mounting hardware included: metal screws*2 and plastic screws*2. Easily mounted on the office, dorm, or bedroom wall. Clean with board eraser or microfiber cleaning cloth.
VERSATILE. Whiteboard is made of smooth surface. Easy to write with, taking notes, memos, drawing, scheduling, display, discussion, idea pad. Perfect for office, zoom meeting, kitchen, fridge, desk.
COMPACT & PORTABLE. Whiteboard tile is compact and space-efficient to help maximize space and be stored. Lightweight size makes moving to different workspaces convenient and simple.
",https://www.bazic.com/cdn/shop/files/6042_6424d848-d1ae-4494-bfd3-7eefb7192896.jpg?v=1759290041&width=1920,https://www.bazic.com/products/14-x-14-cubix-magnetic-dry-erase-tile?_pos=1&_sid=d1c9b74b9&_ss=r&variant=48148658225404,,,
764608022160,Dot.ted Retractable Stick Erasers (2/Pack),"PRODUCT DETAILS
HIGH QUALITY. Made from premium rubber to deliver precise, smudge-free corrections. Easily erases pencil or lead marks from all types of surfaces. Offer you long-lasting use. Measure 4.25"" x 0.9""
PEN STYLE GRIP. Protect your work and erase with this retractable pen eraser, you can easily adjust the eraser length by simply click to expand. The pen-style body is easy to use and store.
SAFE & NON TOXIC. PVC & latex-free. Make clean corrections to office documents, and homework. Cute & assorted colors erasers make writing and learning more fun.
PERFECT GIFT. For kids, students, teachers, family, and friends, co-workers to use at home, office, and school. Ideal for sketching, drafting, homework, tests, exams, essays, and everyday writing.
SMUDGE FREE CORRECTION. Use on most surfaces without smudging. It cleans easily without scratching, tearing, or damaging paper. Erase mistakes for both details and large areas.
",https://www.bazic.com/cdn/shop/files/2211_593d3baa-955c-453d-bd4c-a09c7d2e1a96.jpg?v=1758850857&width=1920,https://www.bazic.com/products/dot-ted-retractable-stick-erasers-2-pack?_pos=1&_sid=7bc0a4a4a&_ss=r,4.25,0.9,
764608022504,Snack Shop 3D Eraser Sets,"PRODUCT DETAILS
FOOD THEME PENCIL ERASER. Enjoy a variety of delectable 3D fun erasers shaped like popular food items such as hamburgers, pizza slices, ice cream cones, and more, for an appetizing twist to your essentials
INTRICATE. Each eraser is made with realistic details and vibrant colors to be both visually appealing and fun to use. Can be taken apart and reassembled like a puzzle; Between approx. 1 to 2 inches
SAFE & NON-TOXIC. Crafted from non-toxic thermoplastic rubber, these food erasers are safe to use by all ages without needing to worry about any harmful chemicals; For ages 6 and up
EFFICIENT. Despite their fun designs, these cute erasers offer effective erasing capabilities, leaving behind clean and smudge-free surfaces; Doubles as functional erasers and collectibles
VERSATILE. Great for imaginative play, gifts, treasure box prizes, goody bag stuffers and events. Fun erasers to teach about different types of food while they play!
",https://www.bazic.com/cdn/shop/files/2250.jpg?v=1758862159&width=1920,https://www.bazic.com/products/snack-shop-3d-eraser-sets?_pos=1&_sid=fd9054c17&_ss=r,,,
764608009512,"1.41"" X 2160"" (60 Yards) General Purpose Masking Tape","PRODUCT DETAILS
MULTIPURPOSE. Ideal for labeling, bundling, mounting, masking and packing. Excellent adhesion to a wide variety of surfaces, light bundling, packaging, closing, and light duty masking and sealing.
NO MORE RESIDUE. Good holding power to help resist lifting or curling. Easy to tear and remove with clean and leaves no residue. Perfect for home improvement, office, and school usage.
GREAT PAINTING TOOL. For better paint results. Make sure the surface is clean, dry, and dust-free so that the tape sticks properly. Apply tapes onto surface, wait for 30 to 60 minutes before painting.
SAFE & NON-TOXIC. Natural rubber adhesive, acid-free. Easily mask off wall, carpet and decks before using paint or caulk. Good adhesion on most surfaces, removal without surface damage.
EASY TO USE. Can be written on with pen, pencil, marker, etc. BAZIC provides you variety choice of masking tape from 0.71 to 2 inch. Also available in bulk pack to save your costs.
",https://www.bazic.com/cdn/shop/files/954.jpg?v=1758849605&width=1920,https://www.bazic.com/products/1-41-x-2160-60-yards-general-purpose-masking-tape?_pos=1&_sid=5b76a631e&_ss=r,,,
764608020906,"3.9"" x 0.27"" Dual Temp. Mini Hot Melt Glue Sticks (50/Bag)","PRODUCT DETAILS
HIGH TEMPERATURE. Bonds to Wood, Metal, Plastic, Rubber, Ceramics, Glass, and Leather.
LOW TEMP. Bonds to Foam, Fabric, Floral, Rubber, Lace, and Ribbon. Easily melts and sticks to most surfaces.
STRONG BINDING. Create the perfect scrapbook with our various glue types and applicators. Great for home-improvement and craftwork. Durable, long-lasting, and latex-free.
VERSATILE & WATERPROOF. Weather resistant. For indoor and outdoor use. Works on hard to bond surfaces like metal and glass. This refill hotmelt stick fit in most glue gun.
BULK AVALIABLE. Buy in Bulk to get a better deal. Perfect for office, school, DIY project, arts, crafts projects, home improvement, repairing.
",https://www.bazic.com/cdn/shop/files/2095.jpg?v=1758862433&width=1920,https://www.bazic.com/products/3-9-x-0-27-dual-temp-mini-hot-melt-glue-sticks-50-bag?_pos=1&_sid=86c2ce5fa&_ss=r,,,
764608009284,"3/4"" X 500"" Crystal Clear Tape (3/Pack)","PRODUCT DETAILS
GLOSSY-FINISH. This self adhesive tape is designed in transparent and will not affect the appearance of surface. Delivers a strong bond on contact. Keep contact surfaces clean and dry before stick on.
GENERAL PURPOSE. Comes off the roll smoothly, cuts easily. Perfect alternative to messy glue. Permanent paper mending.
UNIVERSAL Size. Each tape width is 0.75 inch (18 mm). The 1-inch inner core is suitable for most round and square desk tape dispenser. BAZIC also offer refills tape in matte, clear, crystal color.
VERSATILE. Crystal clear tape is great for office paper works, school projects, label protection, arts, crafts design, gift wrap, cards, ribbon, boxes, repair, packing, sealing, bonding, etc.
FAST & SAFE. Acid-free stationary tape offers a safe alternative to toxic glue, suitable for both young and elderly users. Its thin profile ensures a seamless application, almost unnoticeable.
",https://www.bazic.com/cdn/shop/files/929_fhldvi.jpg?v=1770193296&width=1920,https://www.bazic.com/products/3-4-x-500-crystal-clear-tape-3-pack?_pos=1&_sid=4e68bb477&_ss=r,,,
764608034606,6.76 FL OZ (200 mL) Cosmic Series Glitter Glue,"PRODUCT DETAILS
ALL PURPOSE. Do you love glitter crafts? With BAZIC glitter collection, you can use it to glue school projects together as well as adding some shimmer to make your art pop!
MUST HAVE FOR PROJECTS. This glitter is perfect for outlining drawings and paintings, adding texture, sparkle and sticking craft supplies together. It's a perfect gift for all ages. Does not work for making slime
FUN & EASY. Value pack allows you to boost creativity. Definitely an exciting and easy way to decorate your projects. Small size also makes it simple for storing and carrying.
SAFE AND FUN. Arts and crafts time just got easier! This glitter glue is acid-free, non-toxic, washable and featuring a non-run formula that is easy to use. Cleans easily from hands and some clothes.
BAZIC Washable Products can wash away from skin and most washable clothing types. However, it is best to keep it away from non-glossy table surfaces, finished & unfinished wood products, upholstered seats, vinyl, carpeting, wallpaper, painted walls and other materials that can not be laundered
",https://www.bazic.com/cdn/shop/files/3451.jpg?v=1759292351&width=1920,https://www.bazic.com/products/6-76-fl-oz-200-ml-cosmic-series-glitter-glue?_pos=1&_sid=fe1c0fe40&_ss=r,,,
764608009062,"3/4"" X 500"" Invisible Tape (3/Pack)","PRODUCT DETAILS
MATTE-FINISH. This self adhesive tape is designed in invisible matte and will not affect the appearance of surface. Easy to stick and tear. Keep contact surfaces clean and dry before stick on.
GENERAL PURPOSE. Comes off the roll smoothly, cuts easily. Write on it with pen, pencil, or marker. Photo safe. Perfect alternative to messy glue. Permanent paper mending.
UNIVERSESize. Each Tape width is 0.75 inch (18 mm). The 1-inch inner core is suitable for most round and square desk tape dispenser. BAZIC also offer refills tape in matte, clear, crystal color.
VERSATILE. Invisible / Matte tape is great for office paper works, school projects, arts, crafts design, gift wrap, photos, cards, ribbon, boxes, seal, packing, labeling, coding, etc.
FAST & SAFE. Acid-free stationary tape offers a safe alternative to toxic glue, suitable for both young and elderly users. Its thin profile ensures a seamless application, almost unnoticeable.
",https://www.bazic.com/cdn/shop/files/903_m5ghdh.jpg?v=1770240707&width=1920,https://www.bazic.com/products/3-4-x-500-invisible-tape-3-pack?_pos=1&_sid=2cf395b0b&_ss=r,,,
764608009307,"1"" X 36 Yard (1296"") Double Sided Tape","PRODUCT DETAILS
EASY TO USE. Double-sided tapes is coated with permanent adhesive on both sides. A no-mess alternative to glue for light duty attaching tasks. Keep the object surface clean before sticking the tape.
GENERAL PURPOSE. Adhesive on both front and back provides reliable and inconspicuous bonding. Perfect alternative to messy glue. Photo safe.
VERSATILE. Great for paper works, school projects, arts, crafts design, gift wrapping, photos, documents, wallpaper, crafting, cards, ribbon, boxes, sealing, repair, scrapbooks.
FAST & SAFE. Acid free. Provides safety to kids and elderly by using doublesided tape instead of toxin glue. Its thin profile enables you to not feel that there is anything.
NO GLUE MESS. Strong mounting on most smooth surfaces. Long-aging for permanent application. Safe for use on delicate papers and all types of papercrafts. Use in office, school, and home.
",https://www.bazic.com/cdn/shop/files/925.jpg?v=1758855621&width=1920,https://www.bazic.com/products/1-x-36-yard-1296-double-sided-tape?_pos=1&_sid=8c18a39b0&_ss=r,,,
764608009802,"1"" X 200"" Double Sided Foam Mounting Tape","PRODUCT DETAILS
STRONG CONTACT. EVA Foam, 1 inch Core & 1mm tickness allows the use of thinner and lighter weight materials. Mounting panel to frame creating virtually invisible bonds.
EASY TO USE. Double-sided tapes is coated with permanent adhesive on both sides. Ensure your surface is smooth, clean and dry for the best bond. Adhesive on both front and back provides reliable bonding.
FAST & SAFE. Acid free. Suitable for indoor and outdoor use. Perfect alternative to messy glue for light duty attaching tasks. Good ofr kids and elderly by using doublesided tape.
VERSATILE. Great for signs, nameplates, wall hook, picture frame hanging, school projects, arts, crafts design, photos, cards making, crafting. Bonds on glass, metals, plastic, tile, mirror too.
NO GLUE MESS. Excellent bonds for most smooth surfaces. Long-aging for permanent application. Safe for use on delicate papers and all types of papercrafts.
",https://www.bazic.com/cdn/shop/files/980.jpg?v=1758849750&width=1920,https://www.bazic.com/products/1-x-200-double-sided-foam-mounting-tape?_pos=1&_sid=58cb83763&_ss=r,,,
764608009109,"1.88"" X 10 Yards Black Duct Tape","PRODUCT DETAILS
GENERAL PURPOSE. Multifunction, durable, tears easily, and resists breaking. Strong adhesive to create a secure bond. Perfect for temporary indoor floor line marking for social distancing.
HOME IMPROVEMENT. Suitable for temporary repair indoor and outdoor. Great for seal box bundling, taping cords, patching, and reinforcing. Stick to rough, uneven surfaces like wood, stone, and plaster.
BRIGHT COLORS. Comes in various eye-catching colors. Great for color-coding labeling, organizing packing boxes, storing, and packing.
CREATIVITY. Ideal for arts, crafts projects, decorations, DIY design at home, and school activities. Fun art project for kids and adults can do in the classroom, kitchen, home, or outdoor.
EASY TO USE. Excellent adhesion to a variety of surfaces: cloth, vinyl, leather, plastic, metal, and laminates. Great alternative to messy glue.
",https://www.bazic.com/cdn/shop/files/909.jpg?v=1758849375&width=1920,https://www.bazic.com/products/1-88-x-10-yards-black-duct-tape?_pos=1&_sid=6735fc73a&_ss=r,,,
764608009796,"1.88"" X 10 Yards Black Duct Tape","PRODUCT DETAILS
GENERAL PURPOSE. Multifunction, durable, tears easily, and resists breaking. Strong adhesive to create a secure bond. Perfect for temporary indoor floor line marking for social distancing.
HOME IMPROVEMENT. Suitable for temporary repair indoor and outdoor. Great for seal box bundling, taping cords, patching, and reinforcing. Stick to rough, uneven surfaces like wood, stone, and plaster.
BRIGHT COLORS. Comes in various eye-catching colors. Great for color-coding labeling, organizing packing boxes, storing, and packing.
CREATIVITY. Ideal for arts, crafts projects, decorations, DIY design at home, and school activities. Fun art project for kids and adults can do in the classroom, kitchen, home, or outdoor.
EASY TO USE. Excellent adhesion to a variety of surfaces: cloth, vinyl, leather, plastic, metal, and laminates. Great alternative to messy glue.
",https://www.bazic.com/cdn/shop/files/909.jpg?v=1758849375&width=1920,https://www.bazic.com/products/1-88-x-10-yards-black-duct-tape?_pos=1&_sid=6735fc73a&_ss=r,,,
764608009123,"3/4"" X 1000"" Transparent Tape Refill (3/Pack)","PRODUCT DETAILS
GLOSSY-FINISH. This self adhesive tape is designed in transparent and will not affect the appearance of surface. Delivers a strong bond on contact. Keep contact surfaces clean and dry before stick on.
GENERAL PURPOSE. Comes off the roll smoothly, cuts easily. Perfect alternative to messy glue. Permanent paper mending.
UNIVERSAL SIZE. Each Tape width is 0.75 inch (18 mm). The 1-inch inner core is suitable for most round and square desk tape dispenser. BAZIC also offer refills tape in matte, clear, crystal color.
VERSATILE. Crystal Clear tape is great for office paper works, school projects, label protection, arts, crafts design, gift wrap, cards, ribbon, boxes, repair, packing, sealing, bonding, etc.
FAST & SAFE. Acid-free stationary tape offers a safe alternative to toxic glue, suitable for both young and elderly users. Its thin profile ensures a seamless application, almost unnoticeable.
",https://www.bazic.com/cdn/shop/files/904_3f3ac76b-8914-4e7e-932d-35b01380e7e3.jpg?v=1762202541&width=1920,https://www.bazic.com/products/3-4-x-1000-transparent-tape-refill-3-pack?_pos=1&_sid=c6d7dc853&_ss=r,,,
764608009215,"1.88"" X 109.3 Yards Clear Packaging Tape","PRODUCT DETAILS
GENERAL PURPOSE. Made of solvent based acrylic polymer adhesive. Confidently wrap, secure, sealed, shut, and closed boxes, and packages at all times.
EASY TO USE. This shipping tape refill fits perfectly into the standard 2"" tape dispenser. Save time applying packaging tape to boxes. Complete your work in a fast and efficient way.
VERSATILE. Tape large and small moving package. Suitable for logistics, shipping, mailing, office, home, storage, and organizing items. Sticks to smooth and textured surfaces like cardboard & carton.
ECONOMY & AFFORDABLE. Economic for home, office, school, general commercial use. Whether its wet, moist, hot, or cold, this tape comes with a long-time value and resistant to any kind of climate.
STRONG ADHESIVE. BAZIC transparent or tan packaging tape unwinds smoothly and easily; resists splitting and tearing, adheres instantly and has a strong film backing.
",https://www.bazic.com/cdn/shop/files/921A.jpg?v=1758849438&width=1920,https://www.bazic.com/products/1-88-x-109-3-yards-clear-packaging-tape?_pos=1&_sid=94c2c5b37&_ss=r,,,
764608009505,"1.41"" X 2160"" (60 Yards) General Purpose Masking Tape","PRODUCT DETAILS
MULTIPURPOSE. Ideal for labeling, bundling, mounting, masking and packing. Excellent adhesion to a wide variety of surfaces, light bundling, packaging, closing, and light duty masking and sealing.
NO MORE RESIDUE. Good holding power to help resist lifting or curling. Easy to tear and remove with clean and leaves no residue. Perfect for home improvement, office, and school usage.
GREAT PAINTING TOOL. For better paint results. Make sure the surface is clean, dry, and dust-free so that the tape sticks properly. Apply tapes onto surface, wait for 30 to 60 minutes before painting.
SAFE & NON-TOXIC. Natural rubber adhesive, acid-free. Easily mask off wall, carpet and decks before using paint or caulk. Good adhesion on most surfaces, removal without surface damage.
EASY TO USE. Can be written on with pen, pencil, marker, etc. BAZIC provides you variety choice of masking tape from 0.71 to 2 inch. Also available in bulk pack to save your costs.
",https://www.bazic.com/cdn/shop/files/954.jpg?v=1758849605&width=1920,https://www.bazic.com/products/1-41-x-2160-60-yards-general-purpose-masking-tape?_pos=1&_sid=5b76a631e&_ss=r,,,
764608033524,2 Oz. Pastel Colors Air Dry Modeling Clay,"PRODUCT DETAILS

ENDLESS FUN. Modeling dough is specially developed for early learning. Soft and easy for small fingers so younger children can create simple objects. Sticks to itself with minimal pressure
DEVELOPS CREATIVITY. Be creatively engaged with your kids with our safe to use dough. Help kids enhance their logical thinking ability, confidence, and sensory development
EASY TO MOLD & CLEAN. This fine soft and light air clay dries solid. Leave no residue on your hands or surfaces so there's no need to worry about crumbs or a time-consuming clean up because this modeling clay is mess-free
IMPROVED TECHNIQUES. Air Dry Modeling Clay is smoother, finer, and less sticky than traditional clay. Comes out the package fluffy and ready to use. Best gift for children and a must have for party, classroom, art projects
SAFE & NON-TOXIC. Ideal for adults and kids ages 3 and up. Specially developed for early learning. Kid-friendly product that approved by parents and teachers
",https://www.bazic.com/cdn/shop/files/3354.jpg?v=1758862577&width=1920,https://www.bazic.com/products/2-oz-pastel-colors-air-dry-modeling-clay?_pos=1&_sid=8755165d8&_ss=r,,,
764608033500,2 Oz. Pastel Colors Air Dry Modeling Clay,"PRODUCT DETAILS

ENDLESS FUN. Modeling dough is specially developed for early learning. Soft and easy for small fingers so younger children can create simple objects. Sticks to itself with minimal pressure
DEVELOPS CREATIVITY. Be creatively engaged with your kids with our safe to use dough. Help kids enhance their logical thinking ability, confidence, and sensory development
EASY TO MOLD & CLEAN. This fine soft and light air clay dries solid. Leave no residue on your hands or surfaces so there's no need to worry about crumbs or a time-consuming clean up because this modeling clay is mess-free
IMPROVED TECHNIQUES. Air Dry Modeling Clay is smoother, finer, and less sticky than traditional clay. Comes out the package fluffy and ready to use. Best gift for children and a must have for party, classroom, art projects
SAFE & NON-TOXIC. Ideal for adults and kids ages 3 and up. Specially developed for early learning. Kid-friendly product that approved by parents and teachers
",https://www.bazic.com/cdn/shop/files/3354.jpg?v=1758862577&width=1920,https://www.bazic.com/products/2-oz-pastel-colors-air-dry-modeling-clay?_pos=1&_sid=0b43f8037&_ss=r,,,
764608050453,"30 Ct. 8.5"" X 11"" Side Bound Spiral Sketch Book","PRODUCT DETAILS
ECONOMY DESIGN. 30 Sheets. Made of 20 lbs, 75 gsm paper. 8. 5 x 11 inch provide plenty of room for poetry, creative writing, sketches, drawing, scrapbooks, calligraphy and more.
MULTIPURPOSE. Ideal for artists, writers, illustrators, beginners, or professionals. Can also be used as a journal, diary, or watercolor canvas. Spiral binding for easy removal to display artwork.
SAFE TO USE. Acid-free. Smooth surface. Great for sketching in a variety of media: pen, pencil, color pencils, marker, ink, charcoal, soft pastel, oil pastel, and crayon.
IDEAL FOR CLASS. Great painting tool for children. Allow kids to explore and discover their creativity, hands-on learning, stay engaged and entertained at school and home.
FOR ALL AGES. A perfect gift for artists, adults, and your little one. Explore their creativity with this drawing pad. Available in bulk packs to save costs for school and teacher.
",https://www.bazic.com/cdn/shop/files/5045_ffc0eade-769d-40a2-98a2-0155c652cc46.jpg?v=1759287340&width=1920,https://www.bazic.com/products/30-ct-8-5-x-11-side-bound-spiral-sketch-book?_pos=1&_sid=db7cfe8c3&_ss=r,5,11,
764608051719,"25 Ct. 1"" x 1.7"" Yellow Color Printed Sign Here Flags w/ Dispenser (2/Pack)","PRODUCT DETAILS
BRILLIANT DESIGN. Self-stick notepad allow you to reposition with ease and are perfect for any message needs fast attention. Easily marks in books, folders, directories, and charts as you need.
PREMIUM MATERIAL. Made of plastic PET. Smooth surface, easy to apply and peel. Keep track of documents and chores with colorful reminders.
REUSABLE. Stick it on and removes cleanly from many different surfaces without leaving any mark/residue. Use for school, office, home. Leaving colored notes on walls, doors, or kitchen.
COLORS CODE. Stick on monitor, window, notebook, personal scrapbook, bulletin board, table, wall, refrigerator, whiteboard, computer message boards, books, folders, and more!
UNLIMITED USES. Express yourself in color for your communication needs. BAZIC offer variety of sticky note, from large to small, include yellow square postits, lined post, neon color, printed arrow flags, etc.
",https://www.bazic.com/cdn/shop/files/5174.jpg?v=1758857891&width=1920,https://www.bazic.com/products/25-ct-1-x-1-7-yellow-color-printed-sign-here-flags-w-dispenser-2-pack?_pos=1&_sid=6f99125b5&_ss=r,,,
764608050545,"180 Ct. 4"" X 5.5"" Spiral Fat Book","PRODUCT DETAILS

PACKAGE INCLUDES. Memo fat books come with durable covers with white back boards. Each set comes with 4 college-ruled books with 180 micro perforated sheets for easy removal; Size: 4"" x 5.5"" inches.
DIFFERENT COLORS. Memo fat books have 4 different colors; Purple, Green, Blue and Pink. You can distinguish different subjects by color coding. Actual Colors May Vary!
PORTABLE Size. Conveniently sized for note taking on the go. It fits comfortably in a backpack, purse, your car, or even your pocket. These notepads are great for wherever you need them.
DESIGN. These small memo books won't lose its shape in your back pocket or backpack. They are spiral bounded so your work stays in place and stays fully open on its own when in use.
USES. Can be used for daily writing, drawing, note-taking and more. Also, a great gift for anyone that needs a handy mini notepad to help with quick access to write down what they need when they need it.
",https://www.bazic.com/cdn/shop/files/518.jpg?v=1758854380&width=1920,https://www.bazic.com/products/180-ct-4-x-5-5-spiral-fat-book?_pos=1&_sid=bd8ec06c7&_ss=r,4,5.5,
764608051023,"100 Ct. 1.5"" X 2"" Sticky Notes (4/Pack)","PRODUCT DETAILS
BRILLIANT DESIGN. Self-stick notepad allow you to reposition with ease and are perfect for any message needs fast attention. Easily marks in books, folders, directories, and charts as you need.
PREMIUM MATERIAL. Made of wood pulp paper. Safe and environmentally friendly. Smooth surface, easy to apply and peel. Keep track of documents and chores with colorful reminders.
REUSABLE. Stick it on and removes cleanly from many different surfaces without leaving any mark/residue. Use for school, office, home. Leaving colored notes on walls, doors, or kitchen.
COLOR CODE. Stick on monitor, window, notebook, personal scrapbook, bulletin board, table, wall, refrigerator, whiteboard, computer message boards, and more!
UNLIMITED USES. Express yourself in color for your communication needs. BAZIC offer variety of sticky note, from large to small, include yellow square postits, lined post, neon color, printed arrow flags, etc.
",https://www.bazic.com/cdn/shop/files/5131.jpg?v=1758941257&width=1920,https://www.bazic.com/products/100-ct-1-5-x-2-sticky-notes-4-pack?_pos=1&_sid=634ab4df1&_ss=r,,,
764608051054,"100 Ct. 1.5"" X 2"" Sticky Notes (4/Pack)","PRODUCT DETAILS
BRILLIANT DESIGN. Self-stick notepad allow you to reposition with ease and are perfect for any message needs fast attention. Easily marks in books, folders, directories, and charts as you need.
PREMIUM MATERIAL. Made of wood pulp paper. Safe and environmentally friendly. Smooth surface, easy to apply and peel. Keep track of documents and chores with colorful reminders.
REUSABLE. Stick it on and removes cleanly from many different surfaces without leaving any mark/residue. Use for school, office, home. Leaving colored notes on walls, doors, or kitchen.
COLOR CODE. Stick on monitor, window, notebook, personal scrapbook, bulletin board, table, wall, refrigerator, whiteboard, computer message boards, and more!
UNLIMITED USES. Express yourself in color for your communication needs. BAZIC offer variety of sticky note, from large to small, include yellow square postits, lined post, neon color, printed arrow flags, etc.
",https://www.bazic.com/cdn/shop/files/5131.jpg?v=1758941257&width=1920,https://www.bazic.com/products/100-ct-1-5-x-2-sticky-notes-4-pack?_pos=1&_sid=320e7e6c5&_ss=r,,,
764608054949,100 Ct. Primary Marble Composition Book,"PRODUCT DETAILS

PRIMARY COMPOSITION. Primary composition books comes with 100 sheets of paper. Our kids composition books are recommended for Pre-School through 2nd Grades. Size: 9.75"" x 7.5""inches.
BEST WRITING NOTEBOOK FOR KIDS. The pages are crafted with primary-ruled lines to easily position letters by following the red baseline. These notebooks are great for learning how to write.
A+ TEACHER APPROVED. Conforms to most popular handwriting methods; Mcdougal-Littell, Zaner-Bloser, and DNealian handwriting methods, making them ideal for school or homeschool use.
DESIGN. Durable covers with secure sewn binding and stitched-in sheets, Sewn binding keeps notes securely held together and creates a smooth edge that wont catch on your clothing or backpack.
USES. These marbled primary composition books include a writing guide of the alphabet inside front cover. They make the perfect gift for kids to practice and hone their writing skills progressively.
",https://www.bazic.com/cdn/shop/files/5087_eb8f8c62-9921-4a69-b225-7fb6cb06fdd5.jpg?v=1759292224&width=1920,https://www.bazic.com/products/100-ct-primary-marble-composition-book?_pos=1&_sid=0cfb93b1c&_ss=r,9.75,7.5,
764608005194,"50 Ct. Spiral Bound 3"" X 5"" Ruled Colored Index Card","PRODUCT DETAILS
PACKAGE INCLUDES. Spiral bound ruled white index cards come in an assortment of colors with 50sheets in total per pack. Index cards have a ruled front and plain back.Size: 3""x5""inch- 7.6cm x 12.7cm
STAY ORGANIZED. Index cards are great at helping you stay organized whether it's at home, school or the office! They will always be convenient to have on hand. Different color for different occasions.
QUALITY. Made out of GSM Paper. Index cards are a great tool for studying and enhancing memorization! Even color code index cards by subject. They're easy to write on using pens, markers, pencils.
DESIGN. Spiral bound is designed by a shape of small book and spiral binding keeps cards in place. These index cards are ruled on one side while the blank back is great for flash cards for studying.
WIDE APPLICATION. Perfect for home, school and office use. Ideal for creating to-do lists, studying cards, personal statement, presentation cards, quick reminders, receipt cards, and much more!
",https://www.bazic.com/cdn/shop/files/511.jpg?v=1758854206&width=1920,https://www.bazic.com/products/50-ct-spiral-bound-3-x-5-ruled-colored-index-card?_pos=1&_sid=55d02895e&_ss=r,3,5,
764608051313,"100 Ct. 1.5"" X 2"" Sticky Notes (4/Pack)","PRODUCT DETAILS
BRILLIANT DESIGN. Self-stick notepad allow you to reposition with ease and are perfect for any message needs fast attention. Easily marks in books, folders, directories, and charts as you need.
PREMIUM MATERIAL. Made of wood pulp paper. Safe and environmentally friendly. Smooth surface, easy to apply and peel. Keep track of documents and chores with colorful reminders.
REUSABLE. Stick it on and removes cleanly from many different surfaces without leaving any mark/residue. Use for school, office, home. Leaving colored notes on walls, doors, or kitchen.
COLOR CODE. Stick on monitor, window, notebook, personal scrapbook, bulletin board, table, wall, refrigerator, whiteboard, computer message boards, and more!
UNLIMITED USES. Express yourself in color for your communication needs. BAZIC offer variety of sticky note, from large to small, include yellow square postits, lined post, neon color, printed arrow flags, etc.
",https://www.bazic.com/cdn/shop/files/5131.jpg?v=1758941257&width=1920,https://www.bazic.com/products/100-ct-1-5-x-2-sticky-notes-4-pack?_pos=1&_sid=634ab4df1&_ss=r,,,
764608054604,Big Print Find-A-Word Digest Puzzle Books,"PRODUCT DETAILS
Offer contains ONLY 2 titles regardless of the order quantity placed for this listing. Set of volumes may vary. Ordering in multiples will not change the volume received. Image is meant to display the type of book you will be receiving only.
BRAIN TEASING. 8x5 inch Digest size. Perfect Puzzle Book for all ages to learn. Enjoy puzzles, maze, word search, or crosswords! This puzzle book is ideal for people on the go and will provide hours of entertainment.
FUN & CHALLENGING. Exercise your brains long-term memory, working memory, executive functioning, attention to detail, multitasking, and processing speed. Perfect gifting item for those who love word search puzzles!
RELAX, RECHARGE, & REFOCUS. Puzzle word finds book is great for both kids, adults, and senior for learning, practicing, and having fun time. Challenge for everyone from beginners to pros.
OFFICIALLY LICENSED. High-resolution printing. Perfect for family and children activities at home, classroom, or travel. Offer your little one an interesting, educating and significant book.
",https://www.bazic.com/cdn/shop/files/72321.jpg?v=1758860547&width=1920,https://www.bazic.com/products/big-print-find-a-word-digest-puzzle-books?_pos=1&_sid=cffdf2fdb&_ss=r,8,5,
764608050743,"50 Sets 7 1/2"" x 2 3/4"" 2-Part Carbonless Cash or Rent Receipt Book","PRODUCT DETAILS
VALUE PACK. Contains 50 sets per book. Sheet contains areas for recipient, customer information, received from, for rent, dollar amount, balance due, payment method: check, credit, money order.
TWO PART CARBONLESS FORMS. White & Canary 2 parts paper. Customers get the perforated white top copy; Retain the yellow copy for your records.
CONSECUTIVELY NUMBERED. The unique large 6-digit receipt numbers printed in red helps you easily locate orders. Easily customize by using the extra space for your company stamp.
DESIGNED FOR CONVENIENCE. Wrap around cover. Fold the back cover between sets to keep invoices record neat and legible. Perforated pages. Easy tear-away pages.
BAZIC provides a variety of professional forms: Invoice Book, Cash or Rent Receipt Book, Sales Order Book, Purchase Order Book. Great for company needs quotation, invoice, rental, billing, and more.
",https://www.bazic.com/cdn/shop/files/5074.jpg?v=1758854027&width=1920,https://www.bazic.com/products/50-sets-7-1-2-x-2-3-4-2-part-carbonless-cash-or-rent-receipt-book?_pos=1&_sid=566e5fd0f&_ss=r,,,
764608051047,"100 Ct. 1.5"" X 2"" Sticky Notes (4/Pack)","PRODUCT DETAILS
BRILLIANT DESIGN. Self-stick notepad allow you to reposition with ease and are perfect for any message needs fast attention. Easily marks in books, folders, directories, and charts as you need.
PREMIUM MATERIAL. Made of wood pulp paper. Safe and environmentally friendly. Smooth surface, easy to apply and peel. Keep track of documents and chores with colorful reminders.
REUSABLE. Stick it on and removes cleanly from many different surfaces without leaving any mark/residue. Use for school, office, home. Leaving colored notes on walls, doors, or kitchen.
COLOR CODE. Stick on monitor, window, notebook, personal scrapbook, bulletin board, table, wall, refrigerator, whiteboard, computer message boards, and more!
UNLIMITED USES. Express yourself in color for your communication needs. BAZIC offer variety of sticky note, from large to small, include yellow square postits, lined post, neon color, printed arrow flags, etc.
",https://www.bazic.com/cdn/shop/files/5131.jpg?v=1758941257&width=1920,https://www.bazic.com/products/100-ct-1-5-x-2-sticky-notes-4-pack?_pos=1&_sid=634ab4df1&_ss=r,,,
764608054765,"100 Ct. 5"" X 7"" Poly Cover Personal / Assignment Spiral Notebook","PRODUCT DETAILS

SIMPLY NOTETAKING. Colored poly-cover personal composition notebooks come with 100 sheets of college-ruled paper. Each set comes with assorted color covers. Size: 5"" x 7"" inches.
PORTABLE SIZE. Conveniently sized for note taking on the go. It fits comfortably in a backpack, purse, car, or even your pocket. These notepads are great for wherever you need them.
QUALITY. College-ruled format fits more lines per page and promotes neat, even lines of legible writing, and its double-sided feature provides plenty of notetaking space.
DESIGN. Durable covers with secure spiral binding. Keeps notes securely and easy to tear off individually.
USES. Great for students to take this notebook to their schools, colleges, and universities. Perfect for writing all important notes, assignments, information, and other similar things.
",https://www.bazic.com/cdn/shop/files/5476_ccd070fe-d9c6-4205-9d2d-1cc6340de418.jpg?v=1759293704&width=1920,https://www.bazic.com/products/100-ct-5-x-7-poly-cover-personal-assignment-spiral-notebook?_pos=1&_sid=bbfc6dd77&_ss=r,5,7,
764608051320,"100 Ct. 1.5"" X 2"" Sticky Notes (4/Pack)","PRODUCT DETAILS
BRILLIANT DESIGN. Self-stick notepad allow you to reposition with ease and are perfect for any message needs fast attention. Easily marks in books, folders, directories, and charts as you need.
PREMIUM MATERIAL. Made of wood pulp paper. Safe and environmentally friendly. Smooth surface, easy to apply and peel. Keep track of documents and chores with colorful reminders.
REUSABLE. Stick it on and removes cleanly from many different surfaces without leaving any mark/residue. Use for school, office, home. Leaving colored notes on walls, doors, or kitchen.
COLOR CODE. Stick on monitor, window, notebook, personal scrapbook, bulletin board, table, wall, refrigerator, whiteboard, computer message boards, and more!
UNLIMITED USES. Express yourself in color for your communication needs. BAZIC offer variety of sticky note, from large to small, include yellow square postits, lined post, neon color, printed arrow flags, etc.
",https://www.bazic.com/cdn/shop/files/5131.jpg?v=1758941257&width=1920,https://www.bazic.com/products/100-ct-1-5-x-2-sticky-notes-4-pack?_pos=1&_sid=634ab4df1&_ss=r,,,
764608054703,Kids Lap Tray,"PRODUCT DETAILS
MULTI-FUNCTIONAL. This lap tray desk is equipped with three side compartments, perfect for holding pencils, crayons, notebooks, and small items, ensuring all essentials are organized and within reach
COMFORT. Lap desk provides ample space for various activities while its comfortable height promotes good posture and reducing discomfort during extended use; Desk measures 23"" x 11.88"" x 8.38""
EASY TO CLEAN. The smooth surface makes it easy to wipe down and clean after meals or art projects; channeled border catches spills and prevents items from rolling off to keep desk tidy and hygienic
PORTABLE & LIGHTWEIGHT. Designed for easy portability, the trays are lightweight yet sturdy, making it ideal for use at home, classroom or on the go; stackable for convenient storing and moving around
VERSATILE. This portable tray desk with its three side storage pockets can be used on various activities such as homework, drawing, reading, or snack time.
",https://www.bazic.com/cdn/shop/files/860.jpg?v=1758939742&width=1920,https://www.bazic.com/products/kids-lap-tray?_pos=1&_sid=3cd6033be&_ss=r,23,11.88,8.38
764608060155,8 oz White Board Cleaner,"PRODUCT DETAILS
VERSATILE. Apply on dry-erase surfaces such as white board, glass, porcelain, melamine, and most non-porous surfaces. Removes ghosting, stubborn marks, shadowing from whiteboards effortless.
EASY TO CLEAN. Spray bottle for maximum board coverage. Let sit for 2-3 minutes. Use soft cloth or board eraser to wipe the surface of the boards. Repeat if necessary.
ENGINEERED TO REMOVE TOUGH STAINS. Tough on stains but gentle formula that will not harm whiteboard. This item is non-toxic under normal usage and conforms to  ASTM  D-4236
MULTIPURPOSE. For school, classroom, teacher, and office. Leaves your writing surface fresh and clean.
Try other great BAZIC Products. We offer a wide range of stationery products for all your school and office needs.
",https://www.bazic.com/cdn/shop/files/6001.jpg?v=1758854961&width=1920,https://www.bazic.com/products/8-oz-white-board-cleaner?_pos=1&_sid=9d2d6b847&_ss=r,,,
764608005187,"150 Ct. 4"" X 5.5"" Poly Cover Spiral Fat Book","PRODUCT DETAILS

PACKAGE INCLUDES. Memo fat books come with a front poly cover and white back boards. Each set comes with 8 wide-ruled books with 150 micro perforated sheets for easy removal; Size: 4"" x 5.5"" inches.
DIFFERENT COLORS. Memo fat books have 8 different colors; Black, Yellow, Green, Purple, White, Orange, Pink and Blue. You can distinguish different subjects by color coding. Actual Colors May Vary!
PORTABLE Size. Conveniently Sized for note taking on the go. It fits comfortably in a backpack, purse, your car, or even your pocket. These notepads are great for wherever you need them.
DESIGN. These small memo books won't lose its shape in your back pocket or backpack. They are spiral bounded so your work stays in place and stays fully open on its own when in use.
USES. Can be used for daily writing, drawing, note-taking and more. Also, a great gift for anyone that needs a handy mini notepad to help with quick access to write down what they need when they need it.
",https://www.bazic.com/cdn/shop/files/5460.jpg?v=1758856065&width=1920,https://www.bazic.com/products/150-ct-4-x-5-5-poly-cover-spiral-fat-book?_pos=1&_sid=7a3e0edc2&_ss=r,4,5.5,
764608050767,"50 Sets 5 9/16"" x 8 7/16"" 2-Part Carbonless Invoice Book","PRODUCT DETAILS
VALUE PACK. Contains 50 sets per book. Sheet contains areas for customer information, order number, date, shipping information, salesperson. Columns include quantity, description, price, and amount.
TWO PART CARBONLESS FORMS. White & Canary 2 parts paper. Customers get the perforated white top copy; Retain the yellow copy for your records.
CONSECUTIVELY NUMBERED. The unique large 6-digit receipt numbers printed in red helps you easily locate orders. Easily customize by using the extra space for your company stamp.
DESIGNED FOR CONVENIENCE. Wrap around cover. Fold the back cover between sets to keep invoices record neat and legible. Perforated pages. Easy tear-away pages.
BAZIC provides a variety of professional forms: Invoice Book, Cash or Rent Receipt Book, Sales Order Book, Purchase Order Book. Great for company needs quotation, invoice, rental, billing, and more.
",https://www.bazic.com/cdn/shop/files/5076.jpg?v=1758855961&width=1920,https://www.bazic.com/products/50-sets-5-9-16-x-8-7-16-2-part-carbonless-invoice-book?_pos=1&_sid=192f2856c&_ss=r,,,
764608050880,"4-1"" Quad-Ruled 100 Ct. Composition Book","PRODUCT DETAILS
GRID GENIUS. Perfect 4 squares per inch grid layout provides precise spacing for math equations, technical drawings, and detailed notes, making complex work simple and organized.
SIZE SMART. Standard 9.75 x 7.5 inch dimensions fit perfectly in backpacks, desks, and binders while offering ample writing space for all your projects and assignments.
PAPER POWER. High-quality ruled pages resist bleed-through and provide smooth writing surface that handles pencils, pens, and markers beautifully for lasting results.
USAGE UNLIMITED. Ideal for mathematics homework, engineering sketches, and art projects in multiple color options, plus perfect for bullet journaling with grid precision.
VALUE VICTORY. These composition books offer durable construction, generous 200-page capacity, and reliable performance, making them essential tools at an unbeatable price.
",https://www.bazic.com/cdn/shop/files/5530.jpg?v=1769126189&width=1920,https://www.bazic.com/products/4-1-quad-ruled-100-ct-composition-book?_pos=1&_sid=50354153b&_ss=r,9.75,7.5,
764608054925,100 Ct. Primary Marble Composition Book,"PRODUCT DETAILS

PRIMARY COMPOSITION. Primary composition books comes with 100 sheets of paper. Our kids composition books are recommended for Pre-School through 2nd Grades. Size: 9.75"" x 7.5""inches.
BEST WRITING NOTEBOOK FOR KIDS. The pages are crafted with primary-ruled lines to easily position letters by following the red baseline. These notebooks are great for learning how to write.
A+ TEACHER APPROVED. Conforms to most popular handwriting methods; Mcdougal-Littell, Zaner-Bloser, and DNealian handwriting methods, making them ideal for school or homeschool use.
DESIGN. Durable covers with secure sewn binding and stitched-in sheets, Sewn binding keeps notes securely held together and creates a smooth edge that wont catch on your clothing or backpack.
USES. These marbled primary composition books include a writing guide of the alphabet inside front cover. They make the perfect gift for kids to practice and hone their writing skills progressively.
",https://www.bazic.com/cdn/shop/files/5087_eb8f8c62-9921-4a69-b225-7fb6cb06fdd5.jpg?v=1759292224&width=1920,https://www.bazic.com/products/100-ct-primary-marble-composition-book?_pos=1&_sid=8b580b5a2&_ss=r,9.75,7.5,
764608005040,"100 Ct. 3"" X 5"" Top Bound Poly Spiral Memo Books","PRODUCT DETAILS
POLY COVER. Memo books come with durable PP front covers with paperboard white back covers. Measure 3x 5 inches perfectly fit in pockets for nurses, students, office, and travel. 100 sheets per book.
PASTEL COLOR. Features a smooth finished high-quality look. Perfect for decorating your shelves, tables, and general office area. You can distinguish different subjects or notes by color-coding.
POCKET SIZE. Mini size is perfect for small hands and small bags. Conveniently portable size for note taking on the go. It fits comfortably in a backpack, purse, car, or even your pocket.
COLLEGE RULED. Great for daily writing, drawing, and note-taking. A great gift for anyone that needs a handy mini notepad to help with quick access to writing down what they need when they need it.
DESIGN. Double wires-bound memo book keeps pages open aligned and intact. Suitable for both right-handed and left-handed users.  They are small and cute for school, classroom, and teacher supplies.
",https://www.bazic.com/cdn/shop/files/504.jpg?v=1758860581&width=1920,https://www.bazic.com/products/100-ct-3-x-5-top-bound-poly-spiral-memo-books?_pos=1&_sid=96a1391c1&_ss=r,3,5,
764608038734,Alphabet Sticker Book,"PRODUCT DETAILS
VARIOUS DESIGNS. Over 600 assorted stickers per pack. Approved by teachers and parents. Variety of font format with rainbow color, you will find the right sticker for everyone!
QUALITY PRINTING. Fun designs suitable for every occasion! All girls, boys, and you will also love it too! Form letter, words or sentence: Happy Birthday, Merry Christmas or other sentences.
SAFE TO USE. Non Toxic. Easily apply mini stickers on pencil case, calendar, notebooks, scrapbook, etc. Made with quality paper, featuring bright colors, high definition printing.
FUN LEARNING. Practical interactive manner of keeping your classroom interested and enthusiastic. Keep your kids paying attention and make learning fun with amazing motivational stickers for students!
MULTIPURPOSE. For children to study alphabet, stick on scrapbooking, craft projects. Decorations for your home and classroom, thank you card, greeting or holiday cards, gift box, or envelope.
",https://www.bazic.com/cdn/shop/files/3872.jpg?v=1758855539&width=1920,https://www.bazic.com/products/alphabet-sticker-book?_pos=1&_sid=31b25a4ec&_ss=r,,,
764608005071,C/R 70 Ct. 1-Subject Spiral Notebook,"PRODUCT DETAILS

SIMPLY NOTETAKING. 1-subject spiral notebooks come with 70 sheets of college-ruled paper. Each set comes with 6 assorted colored covers, 3-hole punched to fit in binder. Size: 10.5"" x 8""inches.
DIFFERENT COLORS. Notebooks have 6 different colors; Black, Purple, Red, Blue, Yellow and Green. You can distinguish different subjects by color coding. Actual Colors May Vary!
QUALITY. College-ruled format fits more lines per page and promotes neat, even lines of legible writing and its double-sided feature provides plenty of notetaking space.
DESIGN. Spiral bindings are created to keep your notes together by being resistant to uncoiling and snagging on objects. Sheets are perforated pages for easy tear out with clean edges.
USES. It is great for students to take this notebook to their schools, colleges and universities. Perfect product for writing all important notes, assignments, information and other similar things.
",https://www.bazic.com/cdn/shop/files/558_26e0aad9-ae70-44ea-8877-c48814f2b04f.jpg?v=1758854666&width=1920,https://www.bazic.com/products/c-r-70-ct-1-subject-spiral-notebook?_pos=1&_sid=1090fbca2&_ss=r,10.5,8,
764608005774,"80 Ct. 6"" X 9"" White Paper Gregg Ruled Steno Book","PRODUCT DETAILS

SIMPLY NOTETAKING. White Color. 80 sheets per pad. 5/16 spacing between lines. Gregg ruled. Standard and smooth 56 gsm/15lb paper. Tear-out size is 9"" x 6""

EASY TO USE. Perforated top part ensures easy removal of sheets and clean tears without messy ripping. Enjoy smooth writing paper in a reliable everyday writing notebooks.
SMART DESIGN. Pads includes title space and pages split in the middle into two columns. Gives you quick access to notes and lists; flip to a fresh page and continue writing. Perfect for taking notes during meetings or in class

STURDY BACKING. The notepad feature strong cardboard backing provides structure and a sturdy writing surface for taking notes on the go.
BULK QUANITY. Gregg ruled lines allows your ballpoints and ink gel pens to glide across the page. Available in bulk packs for school and office supplies to save your costs.
",https://www.bazic.com/cdn/shop/files/577.jpg?v=1758857969&width=1920,https://www.bazic.com/products/80-ct-6-x-9-white-paper-gregg-ruled-steno-book?_pos=1&_sid=31f2c68f7&_ss=r,9,6,
764608050965,100 Ct. Primary Marble Composition Book,"PRODUCT DETAILS

PRIMARY COMPOSITION. Primary composition books comes with 100 sheets of paper. Our kids composition books are recommended for Pre-School through 2nd Grades. Size: 9.75"" x 7.5""inches.
BEST WRITING NOTEBOOK FOR KIDS. The pages are crafted with primary-ruled lines to easily position letters by following the red baseline. These notebooks are great for learning how to write.
A+ TEACHER APPROVED. Conforms to most popular handwriting methods; Mcdougal-Littell, Zaner-Bloser, and DNealian handwriting methods, making them ideal for school or homeschool use.
DESIGN. Durable covers with secure sewn binding and stitched-in sheets, Sewn binding keeps notes securely held together and creates a smooth edge that wont catch on your clothing or backpack.
USES. These marbled primary composition books include a writing guide of the alphabet inside front cover. They make the perfect gift for kids to practice and hone their writing skills progressively.
",https://www.bazic.com/cdn/shop/files/5087_eb8f8c62-9921-4a69-b225-7fb6cb06fdd5.jpg?v=1759292224&width=1920,https://www.bazic.com/products/100-ct-primary-marble-composition-book?_pos=1&_sid=2d27ccc78&_ss=r,9.75,7.5,
764608038659,Reward Sticker Book,"PRODUCT DETAILS
VARIOUS DESIGNS. Over 700 assorted stickers per pack. Approved by teachers and parents. From emojis, rainbow, dog, animal, star, to encouraging messages, you will find the right sticker for everyone!
FUN LEARNING. Practical interactive manner of keeping your classroom interested and enthusiastic. Keep your kids paying attention and make learning fun with amazing motivational stickers for students!
QUALITY PRINTING. Made with quality durable paper, featuring bright colors, high definition printing, and fun designs suitable for every occasion! All girls, boys, and you will also love it too!
SAFE TO USE. Non Toxic. Easily apply mini stickers on all sorts of surfaces such as pencil case, calendar, notebooks, scrapbook, or backpack. Perfect for birthday gift and party favorite rewards.
BEST PRIZES. Whether in school, kindergarten, first or second graders, sticker is a great way to encourage and motivate young children for chores, potty training, homework or good deeds!
",https://www.bazic.com/cdn/shop/files/3871.jpg?v=1758855528&width=1920,https://www.bazic.com/products/reward-sticker-book?_pos=1&_sid=0ef640c14&_ss=r,,,
764608038741,Reward Sticker Book,"PRODUCT DETAILS
VARIOUS DESIGNS. Over 700 assorted stickers per pack. Approved by teachers and parents. From emojis, rainbow, dog, animal, star, to encouraging messages, you will find the right sticker for everyone!
FUN LEARNING. Practical interactive manner of keeping your classroom interested and enthusiastic. Keep your kids paying attention and make learning fun with amazing motivational stickers for students!
QUALITY PRINTING. Made with quality durable paper, featuring bright colors, high definition printing, and fun designs suitable for every occasion! All girls, boys, and you will also love it too!
SAFE TO USE. Non Toxic. Easily apply mini stickers on all sorts of surfaces such as pencil case, calendar, notebooks, scrapbook, or backpack. Perfect for birthday gift and party favorite rewards.
BEST PRIZES. Whether in school, kindergarten, first or second graders, sticker is a great way to encourage and motivate young children for chores, potty training, homework or good deeds!
",https://www.bazic.com/cdn/shop/files/3871.jpg?v=1758855528&width=1920,https://www.bazic.com/products/reward-sticker-book?_pos=1&_sid=cf95e62ee&_ss=r,,,
764608038710,Reward Sticker Book,"PRODUCT DETAILS
VARIOUS DESIGNS. Over 700 assorted stickers per pack. Approved by teachers and parents. From emojis, rainbow, dog, animal, star, to encouraging messages, you will find the right sticker for everyone!
FUN LEARNING. Practical interactive manner of keeping your classroom interested and enthusiastic. Keep your kids paying attention and make learning fun with amazing motivational stickers for students!
QUALITY PRINTING. Made with quality durable paper, featuring bright colors, high definition printing, and fun designs suitable for every occasion! All girls, boys, and you will also love it too!
SAFE TO USE. Non Toxic. Easily apply mini stickers on all sorts of surfaces such as pencil case, calendar, notebooks, scrapbook, or backpack. Perfect for birthday gift and party favorite rewards.
BEST PRIZES. Whether in school, kindergarten, first or second graders, sticker is a great way to encourage and motivate young children for chores, potty training, homework or good deeds!
",https://www.bazic.com/cdn/shop/files/3871.jpg?v=1758855528&width=1920,https://www.bazic.com/products/reward-sticker-book?_pos=1&_sid=93ba76c51&_ss=r,,,
764608054901,"4-1"" Quad-Ruled 100 Ct. Composition Book","PRODUCT DETAILS
GRID GENIUS. Perfect 4 squares per inch grid layout provides precise spacing for math equations, technical drawings, and detailed notes, making complex work simple and organized.
SIZE SMART. Standard 9.75 x 7.5 inch dimensions fit perfectly in backpacks, desks, and binders while offering ample writing space for all your projects and assignments.
PAPER POWER. High-quality ruled pages resist bleed-through and provide smooth writing surface that handles pencils, pens, and markers beautifully for lasting results.
USAGE UNLIMITED. Ideal for mathematics homework, engineering sketches, and art projects in multiple color options, plus perfect for bullet journaling with grid precision.
VALUE VICTORY. These composition books offer durable construction, generous 200-page capacity, and reliable performance, making them essential tools at an unbeatable price.
",https://www.bazic.com/cdn/shop/files/5530.jpg?v=1769126189&width=1920,https://www.bazic.com/products/4-1-quad-ruled-100-ct-composition-book?_pos=1&_sid=357401a59&_ss=r,9.75,7.5,
764608054932,"4-1"" Quad-Ruled 100 Ct. Composition Book","PRODUCT DETAILS
GRID GENIUS. Perfect 4 squares per inch grid layout provides precise spacing for math equations, technical drawings, and detailed notes, making complex work simple and organized.
SIZE SMART. Standard 9.75 x 7.5 inch dimensions fit perfectly in backpacks, desks, and binders while offering ample writing space for all your projects and assignments.
PAPER POWER. High-quality ruled pages resist bleed-through and provide smooth writing surface that handles pencils, pens, and markers beautifully for lasting results.
USAGE UNLIMITED. Ideal for mathematics homework, engineering sketches, and art projects in multiple color options, plus perfect for bullet journaling with grid precision.
VALUE VICTORY. These composition books offer durable construction, generous 200-page capacity, and reliable performance, making them essential tools at an unbeatable price.
",https://www.bazic.com/cdn/shop/files/5530.jpg?v=1769126189&width=1920,https://www.bazic.com/products/4-1-quad-ruled-100-ct-composition-book?_pos=1&_sid=357401a59&_ss=r,9.75,7.5,
764608051535,"25 Ct. 1"" x 1.7"" Yellow Color Printed Sign Here Flags w/ Dispenser (2/Pack)","PRODUCT DETAILS
BRILLIANT DESIGN. Self-stick notepad allow you to reposition with ease and are perfect for any message needs fast attention. Easily marks in books, folders, directories, and charts as you need.
PREMIUM MATERIAL. Made of plastic PET. Smooth surface, easy to apply and peel. Keep track of documents and chores with colorful reminders.
REUSABLE. Stick it on and removes cleanly from many different surfaces without leaving any mark/residue. Use for school, office, home. Leaving colored notes on walls, doors, or kitchen.
COLORS CODE. Stick on monitor, window, notebook, personal scrapbook, bulletin board, table, wall, refrigerator, whiteboard, computer message boards, books, folders, and more!
UNLIMITED USES. Express yourself in color for your communication needs. BAZIC offer variety of sticky note, from large to small, include yellow square postits, lined post, neon color, printed arrow flags, etc.
",https://www.bazic.com/cdn/shop/files/5174.jpg?v=1758857891&width=1920,https://www.bazic.com/products/25-ct-1-x-1-7-yellow-color-printed-sign-here-flags-w-dispenser-2-pack?_pos=1&_sid=d17e4dfeb&_ss=r,,,
764608007655,Next 12 Colored Pencils,"PRODUCT DETAILS

READY TO USE. Each pack comes with 12 pre-sharpened colored pencils ready for all your coloring needs; crafted with recycled plastic materials for long-lasting performance, perfect for all your creative needs
ECO-FRIENDLY. Made from plastic, wood-free pencils means no splinters for uninterrupted coloring sessions and safe hands especially for younger users; non-toxic and safe for all ages

HEXAGONAL BARREL. Color pencils are made with a hexagonal barrel for more comfortable, ergonomic grip; also prevents pencils from rolling off of your desk, table and getting lost
VIVID COLORS. Richly pigmented pencils deliver vibrant, consistent color with smooth application on various surfaces; ensures vibrant colors for fun doodles or art pieces in the classroom

QUALITY. Featuring a strong core, these pencils are great for drawing, coloring, shading, layering, and sketching; Glides smoothly with less breakage even with regular use; Perfect for beginner and professional artists, students, teachers
",https://www.bazic.com/cdn/shop/files/785.jpg?v=1758862852&width=1920,https://www.bazic.com/products/next-12-colored-pencils?_pos=1&_sid=b5bcdf4fb&_ss=r,,,
764608039212,0.17 FL OZ (5 mL) 18 Color Kid's Paint w/ Brush,"PRODUCT DETAILS
POSTER PAINTS w/ BRUSH. Assorted Washable Poster Paints come in variety of colors and is great embellishment for painting posters, signs, banners and more. Paint brush is included.
WASHABLE. No need to worry about getting your hands and clothes dirty the washable paint makes itself easy to wash off! However, it is best to keep it away from materials that can't be laundered.
EARLY LEARNING. These paints help with color recognition and spark creativity, making them a perfect fit for introducing the joys of painting and self-expression in a fun, engaging way!
NON-TOXIC AND SAFE. This paint set is made with natural ingredients, ensuring no irritation or harm to the skin, providing a safe and enjoyable creative experience
USES. Poster paints can be used on almost any surface including construction, posters, and drawing paper. Excellent for having fun, coloring, drawing, DIY card, creativity development and more.
",https://www.bazic.com/cdn/shop/files/3921A.jpg?v=1758853222&width=1920,https://www.bazic.com/products/0-17-fl-oz-5-ml-18-color-kids-paint-w-brush?_pos=1&_sid=e71b73f2e&_ss=r,,,
764608015025,Assorted Color & Shape Gel Pencil / Pen Grip (8/Pack),"PRODUCT DETAILS
GEL GRIPS. There is no need to worry about losing or breaking your pencil grip, enough quantity and multiple colors for you to choose and use for quite a long time, also suitable for classroom spare.
ASSORTED BRIGHT COLOR. These gel grips come in a various of vibrant colors, pretty colors will put you in a good mood and makes writing fun for young learners.
MATERIAL. Soft material provides tactile sensation, helps reduce muscle strain while ensuring a comfortable writing experience. They're not easy to change its shape and can be applied for a long time.
EASY USE. The soft gel grips are not easy to fall off from the pen or out of shape, ergonomic design helps prevent writing fatigue, soreness, blisters and protect fingers from being rubbed heavily.
WIDE APPLICATION. Fits on many standardSize pencils, pens, crayons, and many drawing and writing tools. They're very useful in schools or offices. Suitable for both left-handed and right-handed use.
",https://www.bazic.com/cdn/shop/files/1502.jpg?v=1758858625&width=1920,https://www.bazic.com/products/assorted-color-shape-gel-pencil-pen-grip-8-pack?_pos=1&_sid=f8539f905&_ss=r,,,
764608039809,Round Natural Hair Paint Brush (5/Pack),"PRODUCT DETAILS
ASSORTEDSize PAINT BRUSH. Round natural hair set includes 5 brushes. Soft pony brushes are ideal for watercolor and acrylic paint for detailed work as they form a sharp point allowing precision painting.
ROUND BRUSH. This rounded brush has pointed tips for superior control. Painted wood handle fits comfortably in your hand. Offers endless creativity and color blending possibilities.
EASY TO CLEAN. Simply clean it with warm soapy water, reshape the paintbrush tips, hang the brush in a tip-down position, and let the air dry for a few hours.
EMBRACE YOUR CREATIVITY. Every artist needs the right set of tools to create and flourish. You can be sure to find the instruments you need to accomplish your artistic goals.
IDEAL USE. Perfect for school, home, and office. These paintbrushes are great for art projects, birthday parties, painting parties, and more. Suitable for a variety of creative activities.
",https://www.bazic.com/cdn/shop/files/3982_twmqze.jpg?v=1770053493&width=1920,https://www.bazic.com/products/round-natural-hair-paint-brush-5-pack?_pos=1&_sid=0a96c88d4&_ss=r,,,
764608034095,Flat Natural Bristle Paint Brush (9/Pack),"PRODUCT DETAILS

ASSORTEDSize PAINT BRUSH. Flat natural bristle set includes 9 brushes. Hog bristle is strong and robust, suitable for heavy paints and rough canvas. Ideal for oil and acrylic painting.
FLAT TIPS. Flat bristle brush maintain their stiffness and shape over a long period of time. Each brush comes with high quality of natural hog hair, white tin ferrule and painted wood handle.
NATURAL BRISTLES. The natural bristles are flexible to make beautiful shading, while keeping their shape through projects that require continuous pouncing.
EASY TO CLEAN. Simply clean it with warm soapy water, reshape the paintbrush tips, hang the brush in a tip-down position, and let the air dry for a few hours.
IDEAL USE. Ideal for school, home and office. These paintbrushes can be used for kid's school projects, birthday parties, painting party, art party, paintings and more.
",https://www.bazic.com/cdn/shop/files/3984.jpg?v=1758858851&width=1920,https://www.bazic.com/products/flat-natural-bristle-paint-brush-9-pack?_pos=1&_sid=47d2ccaa6&_ss=r,,,
764608039113,12 Ct. Watercolor w/ Brush & Mixing Palette,"PRODUCT DETAILS
VALUE SET. Includes bonus wooden handles paint brush. Watercolors offer the smoothest and brightest painting experience. Brilliant colors blend smoothly for more color-mixing opportunities.
QUALITY. This portable watercolor paint set for comes with awesome solid water color paints, packed in a plastic box, which is convenient for storage and carrying.
EMBRACE YOUR CREATIVITY. Water based colors that dissolve and blend easily. Every artist needs the right set of tools to create and flourish. Great for school projects in the classroom and at home!
GREAT GIFT. Beautifully packaged kit, perfect for birthday presents. Non-toxic and safe for users of all ages, ideal for arts, crafts, beginners, students, and artists.
BAZIC Washable Products can wash away from skin and most washable clothing types. However, it is best to keep it away from non-glossy table surfaces, finished & unfinished wood products, upholstered seats, vinyl, carpeting, wallpaper, painted walls and other materials that can not be laundered.
",https://www.bazic.com/cdn/shop/files/3910A.jpg?v=1758853233&width=1920,https://www.bazic.com/products/12-ct-watercolor-w-brush-mixing-palette?_pos=1&_sid=a849622d9&_ss=r,,,
764608017531,12 Pastel Color Collorelli Gel Pen,"PRODUCT DETAILS

COLLORELLI PASTEL GEL PENS. Pastel Gel Pens come in an assortment of 12 colors; Actual Colors May Vary! Fulfill all your coloring and writing needs! They're great for taking the dullness out of classroom notes.
SMOOTH APPLICATION. The durable 0.8mm tip can produce fine lines which allows for smooth and precise color application, you could easily get the coloring done without too much effort.
SMEAR-FREE. We know you don't want the ink to smear, the smear-free ink flow means you can put these versatile pens to good use for superior writing quality.
PACKAGING. Clear plastic pouch offers portable, on-the-go storage for gel pens. Bring with you anywhere and everywhere these pens are the perfect traveling companion!

IDEAL USE. These pastel gel pens are fun to use for coloring books, drawing, notes, home-made invitations, greeting cards and so much more. Great gift idea for kids and adults who love to color!
",https://www.bazic.com/cdn/shop/files/17083_feature.jpg?v=1759288131&width=1920,https://www.bazic.com/products/12-pastel-color-collorelli-gel-pen?_pos=1&_sid=dbde3443f&_ss=r,,,
764608039007,6 Colors Washable Dot Markers,"PRODUCT DETAILS
VIBRANT COLORS. Washable dot markers (60ml each) come in 6 different colors; Green, Blue, Purple, Red, Yellow and Orange. It's really a good art supply for toddlers and kids. Actual Colors May Vary!
WASHABLE & NON-LEAK. Dot markers are made of water-based and quick-drying ink that prevents bleeding. Have so much fun with them as they are super easy to wash off with just a little bit of soap.
EASY GRIP. The dot markers are nice and chunky and is the perfect marker for small hands with big plans. Its ideal shape andSize makes painting easy and fun for young children and even grownups.
HAND-EYE COORDINATION. The dot marker set is great for kids to create their artworks. It can develop kids hand-eye coordination and creativity on color exploration.
NON-TOXIC & SAFE. Safety is our priority, thus making our markers washable with non-toxic water-based paint, washable with soap and water and with a quick drying ink to prevent staining or leaking.
",https://www.bazic.com/cdn/shop/files/1227.jpg?v=1758859676&width=1920,https://www.bazic.com/products/6-colors-washable-dot-markers?_pos=1&_sid=6f68d6877&_ss=r,,,
764608039830,Flat Natural Bristle Paint Brush (9/Pack),"PRODUCT DETAILS

ASSORTEDSize PAINT BRUSH. Flat natural bristle set includes 9 brushes. Hog bristle is strong and robust, suitable for heavy paints and rough canvas. Ideal for oil and acrylic painting.
FLAT TIPS. Flat bristle brush maintain their stiffness and shape over a long period of time. Each brush comes with high quality of natural hog hair, white tin ferrule and painted wood handle.
NATURAL BRISTLES. The natural bristles are flexible to make beautiful shading, while keeping their shape through projects that require continuous pouncing.
EASY TO CLEAN. Simply clean it with warm soapy water, reshape the paintbrush tips, hang the brush in a tip-down position, and let the air dry for a few hours.
IDEAL USE. Ideal for school, home and office. These paintbrushes can be used for kid's school projects, birthday parties, painting party, art party, paintings and more.
",https://www.bazic.com/cdn/shop/files/3984.jpg?v=1758858851&width=1920,https://www.bazic.com/products/flat-natural-bristle-paint-brush-9-pack?_pos=1&_sid=47d2ccaa6&_ss=r,,,
764608039847,Flat Natural Bristle Paint Brush (9/Pack),"PRODUCT DETAILS

ASSORTEDSize PAINT BRUSH. Flat natural bristle set includes 9 brushes. Hog bristle is strong and robust, suitable for heavy paints and rough canvas. Ideal for oil and acrylic painting.
FLAT TIPS. Flat bristle brush maintain their stiffness and shape over a long period of time. Each brush comes with high quality of natural hog hair, white tin ferrule and painted wood handle.
NATURAL BRISTLES. The natural bristles are flexible to make beautiful shading, while keeping their shape through projects that require continuous pouncing.
EASY TO CLEAN. Simply clean it with warm soapy water, reshape the paintbrush tips, hang the brush in a tip-down position, and let the air dry for a few hours.
IDEAL USE. Ideal for school, home and office. These paintbrushes can be used for kid's school projects, birthday parties, painting party, art party, paintings and more.
",https://www.bazic.com/cdn/shop/files/3984.jpg?v=1758858851&width=1920,https://www.bazic.com/products/flat-natural-bristle-paint-brush-9-pack?_pos=1&_sid=47d2ccaa6&_ss=r,,,
764608170618,Spyder FUSE Tech Ink Retractable Pen (4/Pack),"PRODUCT DETAILS

SPYDER BLACK INK OIL-GEL PENS. Each pack includes 4-Retractable Pens with Black Ink, Barrels come in assorted colors. Actual Colors May Vary! Medium point spreads ink evenly, offering dependable performance.
SMOOTH APPLICATION. The 1.0mm medium tip can produce crisp, clean lines which allows for smooth and precise writing application. You could easily get your writing done without too much effort.
DESIGN. Retractable pen is designed with convenient pocket clip allows for quick and easy access. Each pen is fitted with cushion grip making it very comfortable for users when using the product.
SMEAR-FREE. We know you don't want ink to smear. The smear-free ink flow means you can put these versatile pens to good use for superior writing quality.
IDEAL USE. Suitable for a variety of everyday writing applications, making this oil-gel pen the perfect addition to your home, school, or office supplies.
",https://www.bazic.com/cdn/shop/files/17061.jpg?v=1758851913&width=1920,https://www.bazic.com/products/spyder-fuse-tech-ink-retractable-pen-4-pack?_pos=1&_sid=f656999de&_ss=r,,,
764608170519,12 Pastel Color Collorelli Gel Pen,"PRODUCT DETAILS

COLLORELLI PASTEL GEL PENS. Pastel Gel Pens come in an assortment of 12 colors; Actual Colors May Vary! Fulfill all your coloring and writing needs! They're great for taking the dullness out of classroom notes.
SMOOTH APPLICATION. The durable 0.8mm tip can produce fine lines which allows for smooth and precise color application, you could easily get the coloring done without too much effort.
SMEAR-FREE. We know you don't want the ink to smear, the smear-free ink flow means you can put these versatile pens to good use for superior writing quality.
PACKAGING. Clear plastic pouch offers portable, on-the-go storage for gel pens. Bring with you anywhere and everywhere these pens are the perfect traveling companion!

IDEAL USE. These pastel gel pens are fun to use for coloring books, drawing, notes, home-made invitations, greeting cards and so much more. Great gift idea for kids and adults who love to color!
",https://www.bazic.com/cdn/shop/files/17083_feature.jpg?v=1759288131&width=1920,https://www.bazic.com/products/12-pastel-color-collorelli-gel-pen?_pos=1&_sid=f0308ff5f&_ss=r,,,
764608025079,12 Color Twist-Up Propelling Crayons,"PRODUCT DETAILS
COLORFUL CRAFT. Measure 6"" long. Feature durable clear plastic barrel. Easy to hold, hard to break. Perfect for little hands and great for parents to spark creativity and fun!
TWISTY. Twistable pen design never need sharpening or peeling. Simply twist the barrel end and it's ready. Twist up to color, twist down to protect the color core.
SAFE & NON-TOXIC. Made from paraffin wax, with vibrant rainbow colors to bring your drawings to life. Helps develop fine motor skills while adding bold, bright colors to projects.
CREATIVE PROJECTS. Introduce colors, writing, drawing and inspires your little to explore, discover, play, create & dream. Perfect gift for birthday, holiday, Christmas.
FUN GAME. You can write letters, numbers, practice spelling with your little one, play a game of tic tac toe, or scribble and draw on coloring book. Colored crayons will add hours of creativity.
",https://www.bazic.com/cdn/shop/files/2507A.jpg?v=1769726374&width=1920,https://www.bazic.com/products/12-color-twist-up-propelling-crayons?_pos=1&_sid=0f830b509&_ss=r,,,
764608031834,Asst. Color 8-Pocket Folder,"PRODUCT DETAILS
FILE ORGANIZER. 8 pocket portfolios come come in assorted colors. An extremely useful product for presentations, organizing or arranging papers, files or other similar items.
DESIGN. Each portfolio has 8 pockets and each has a die-cut slot to hold a business card or label, keep your important files safe; store all your important assignments in one place.
COMPATIBLE: Folders are 11.5"" x 9.5"", fits standardSized documents, stationery, and classwork. Being of the idealSize, the use of the product is even more convenient for the users.
ORGANIZED EFFICIENTLY. Easy book flip-design folders so customer will not miss any information from your proposal. Great for interview, introducing products to new customers or demo.
IDEAL USE. Perfect for school, documents, music students, homework assignments, office workplace, presentations, project organization and any other storage use.
",https://www.bazic.com/cdn/shop/files/3161_575e7bc5-4457-4dce-88ce-8246bcc47f02.jpg?v=1759292751&width=1920,https://www.bazic.com/products/asst-color-8-pocket-folder?_pos=1&_sid=9d817b947&_ss=r,11.5,9.5,
764608031452,Asst. Color 2-Pocket Portfolios w/ 3-Prong Fastener,"PRODUCT DETAILS

FILE ORGANIZER. 2 pocket portfolios with metal 3 prong fastener come in assorted colors; An extremely useful product for organizing or arranging papers, files or other similar items.
DESIGN. Each portfolio has two interior pockets and a die-cut slot to hold a business card or label, keep your important files safe; store all your important assignments in one place.
COMPATIBLE: Folders are 11.5"" x 9.5"", fits standard-size documents, stationery, and classwork. Being of the ideal size, the use of the product is even more convenient for the users.
QUALITY. The 2 pocket portfolio folders feature 3 prong fastener enabling punched documents to be secured inside the folder effortlessly and efficiently.
IDEAL USE. Perfect for school, documents, music students, homework assignments, office workplace, presentations, project organization and any other storage use.
",https://www.bazic.com/cdn/shop/files/3145-set10_5ef405f8-1408-419e-b451-cf331476f43b.jpg?v=1759292087&width=1920,https://www.bazic.com/products/asst-color-2-pocket-portfolios-w-3-prong-fastener?_pos=1&_sid=e4f3db364&_ss=r,11.5,9.5,
764608031599,Asst. Color 2-Pocket Portfolios w/ 3-Prong Fastener,"PRODUCT DETAILS

FILE ORGANIZER. 2 pocket portfolios with metal 3 prong fastener come in assorted colors; An extremely useful product for organizing or arranging papers, files or other similar items.
DESIGN. Each portfolio has two interior pockets and a die-cut slot to hold a business card or label, keep your important files safe; store all your important assignments in one place.
COMPATIBLE: Folders are 11.5"" x 9.5"", fits standard-size documents, stationery, and classwork. Being of the ideal size, the use of the product is even more convenient for the users.
QUALITY. The 2 pocket portfolio folders feature 3 prong fastener enabling punched documents to be secured inside the folder effortlessly and efficiently.
IDEAL USE. Perfect for school, documents, music students, homework assignments, office workplace, presentations, project organization and any other storage use.
",https://www.bazic.com/cdn/shop/files/3145-set10_5ef405f8-1408-419e-b451-cf331476f43b.jpg?v=1759292087&width=1920,https://www.bazic.com/products/asst-color-2-pocket-portfolios-w-3-prong-fastener?_pos=1&_sid=d40bb3cc7&_ss=r,11.5,9.5,
764608031797,13-Pocket Check Size Poly Expanding File,"PRODUCT DETAILS
FILE ORGANIZER. Made from high quality Polypropylene (PP) Plastic material. Safe & Non Toxic. Measure: 10.4"" x 5.25"" x 1.25"". Expandable with 13 pockets. 5 colors insert card included for categories.
COLORED TABS. Along with small color labels which help classify. Organized your vouchers, cards, coupons, index card, business cards, notes, flashcard, addresses, photos, receipt, checks, bills.
EXPANDING DESIGN. Large capacity bill folder with dividers is your good assistant in your office life. This folder is more widely, more practical, suit for checkSize or ticketSize
IDEAL STORAGE. Lightweight, flexible, tear resistant, and waterproof poly files. Holder features elastic band closure for quick access and secure your documents. Suitable for office, school, and home.
PORTABLE. Simple elegant design with fashion, adding much fun to your work, study, and travel! Suitable for daily filing and storing of document.
",https://www.bazic.com/cdn/shop/files/3179.jpg?v=1758855846&width=1920,https://www.bazic.com/products/13-pocket-check-size-poly-expanding-file?_pos=1&_sid=c76c2a735&_ss=r,10.4,5.25,1.25
764608050170,Key Tag with Label Window (8/Pack),"PRODUCT DETAILS
ASSORTED COLORS. Key tags come in 5 assorted colors of Red, Yellow, Green, Blue and Black. Great colors for identifying different keys for different locks.
QUALITY. These tags are very useable and the plastic cover is very flexible and durable. The plastic cover protects the insert inside from getting wet and dirty.
EASY USE. 2 ways to remove paper; Remove the metal key ring, slide the label and plastic cover out. You can also just bend the slit on the back, slide the label and plastic cover out with your thumb.
DESIGN. Each tag comes with a white label so you can write on and there is a plastic cover so ink doesn't fade. Key ring blocks label and plastic cover from slipping out.
WIDE APPLICATION. These tags are perfect for labeling keys, backpacks, lunchboxes, jackets, luggage, USB drives, and more—ideal for organizing and identifying personal items easily.
",https://www.bazic.com/cdn/shop/files/4003_es52s0.jpg?v=1771448595&width=1920,https://www.bazic.com/products/key-tag-with-label-window-8-pack?_pos=1&_sid=b8ecf890d&_ss=r,,,
764608050255,Key Tag with Label Window (8/Pack),"PRODUCT DETAILS
ASSORTED COLORS. Key tags come in 5 assorted colors of Red, Yellow, Green, Blue and Black. Great colors for identifying different keys for different locks.
QUALITY. These tags are very useable and the plastic cover is very flexible and durable. The plastic cover protects the insert inside from getting wet and dirty.
EASY USE. 2 ways to remove paper; Remove the metal key ring, slide the label and plastic cover out. You can also just bend the slit on the back, slide the label and plastic cover out with your thumb.
DESIGN. Each tag comes with a white label so you can write on and there is a plastic cover so ink doesn't fade. Key ring blocks label and plastic cover from slipping out.
WIDE APPLICATION. These tags are perfect for labeling keys, backpacks, lunchboxes, jackets, luggage, USB drives, and more—ideal for organizing and identifying personal items easily.
",https://www.bazic.com/cdn/shop/files/4003_es52s0.jpg?v=1771448595&width=1920,https://www.bazic.com/products/key-tag-with-label-window-8-pack?_pos=1&_sid=b8ecf890d&_ss=r,,,
764608005699,"100 Ct. 4-1"" Quad-Ruled Filler Paper","PRODUCT DETAILS

QUAD RULED FILLER PAPER – Features evenly spaced grid layout for structured writing and diagram alignment.
MATH AND TECHNICAL NOTES – Supports organized problem solving, graphing, and step-by-step calculations.
CONSISTENT PAGE STRUCTURE – Keeps numbers and figures aligned for clearer layouts during writing.
STANDARD 3-HOLE PUNCHED FORMAT – Fits most binders for easy insertion and rearranging.
100 SHEET COUNT – Provides steady supply for ongoing coursework and daily note taking.
",https://www.bazic.com/cdn/shop/files/569.jpg?v=1758854790&width=1920,https://www.bazic.com/products/100-ct-4-1-quad-ruled-filler-paper?_pos=1&_sid=02d8f674d&_ss=r,,,
764608050217,Key Tag with Label Window (8/Pack),"PRODUCT DETAILS
ASSORTED COLORS. Key tags come in 5 assorted colors of Red, Yellow, Green, Blue and Black. Great colors for identifying different keys for different locks.
QUALITY. These tags are very useable and the plastic cover is very flexible and durable. The plastic cover protects the insert inside from getting wet and dirty.
EASY USE. 2 ways to remove paper; Remove the metal key ring, slide the label and plastic cover out. You can also just bend the slit on the back, slide the label and plastic cover out with your thumb.
DESIGN. Each tag comes with a white label so you can write on and there is a plastic cover so ink doesn't fade. Key ring blocks label and plastic cover from slipping out.
WIDE APPLICATION. These tags are perfect for labeling keys, backpacks, lunchboxes, jackets, luggage, USB drives, and more—ideal for organizing and identifying personal items easily.
",https://www.bazic.com/cdn/shop/files/4003_es52s0.jpg?v=1771448595&width=1920,https://www.bazic.com/products/key-tag-with-label-window-8-pack?_pos=1&_sid=b8ecf890d&_ss=r,,,
764608050231,Key Tag with Label Window (8/Pack),"PRODUCT DETAILS
ASSORTED COLORS. Key tags come in 5 assorted colors of Red, Yellow, Green, Blue and Black. Great colors for identifying different keys for different locks.
QUALITY. These tags are very useable and the plastic cover is very flexible and durable. The plastic cover protects the insert inside from getting wet and dirty.
EASY USE. 2 ways to remove paper; Remove the metal key ring, slide the label and plastic cover out. You can also just bend the slit on the back, slide the label and plastic cover out with your thumb.
DESIGN. Each tag comes with a white label so you can write on and there is a plastic cover so ink doesn't fade. Key ring blocks label and plastic cover from slipping out.
WIDE APPLICATION. These tags are perfect for labeling keys, backpacks, lunchboxes, jackets, luggage, USB drives, and more—ideal for organizing and identifying personal items easily.
",https://www.bazic.com/cdn/shop/files/4003_es52s0.jpg?v=1771448595&width=1920,https://www.bazic.com/products/key-tag-with-label-window-8-pack?_pos=1&_sid=b8ecf890d&_ss=r,,,
764608031001,1/3 Cut Letter Size Manila File Folder (100/Box),"PRODUCT DETAILS

Letter Size MANILA FILE FOLDER. Each pack includes 100 Letter Size (11-5/8"" W x 9-1/2"" H) manila file folders with assorted position 1/3-cut tabs. Perfect solution for everyday filing needs
1/3-CUT TABS IN ASSORTED POSITIONS. The folders provide 1/3-cut assorted-position tabs from left to right for perfect visibility in your vertical or lateral file cabinet.
QUALITY. Each folder is scored for expansion to accept even thick sheets of correspondence. Label your filing system and locate documents at a glance with assorted durable tabs.
DESIGN. The ideal size makes the product ideally suited for the intended purpose of use thereby making it even more convenient for the users. Very useful products for organizing important papers.
FUNCTIONAL & VERSATILE. Sort and store your office paperwork with confidence by using these sturdy file folders. Crafted from standard thickness paper stock to stand up to everyday filing.
",https://www.bazic.com/cdn/shop/files/3184_9ab0f3d0-45a2-4655-a354-9978cd702b80.jpg?v=1759285041&width=1920,https://www.bazic.com/products/1-3-cut-letter-size-manila-file-folder-100-box?_pos=1&_sid=fd784f1a8&_ss=r,,,
764608050194,Key Tag with Label Window (8/Pack),"PRODUCT DETAILS
ASSORTED COLORS. Key tags come in 5 assorted colors of Red, Yellow, Green, Blue and Black. Great colors for identifying different keys for different locks.
QUALITY. These tags are very useable and the plastic cover is very flexible and durable. The plastic cover protects the insert inside from getting wet and dirty.
EASY USE. 2 ways to remove paper; Remove the metal key ring, slide the label and plastic cover out. You can also just bend the slit on the back, slide the label and plastic cover out with your thumb.
DESIGN. Each tag comes with a white label so you can write on and there is a plastic cover so ink doesn't fade. Key ring blocks label and plastic cover from slipping out.
WIDE APPLICATION. These tags are perfect for labeling keys, backpacks, lunchboxes, jackets, luggage, USB drives, and more—ideal for organizing and identifying personal items easily.
",https://www.bazic.com/cdn/shop/files/4003_es52s0.jpg?v=1771448595&width=1920,https://www.bazic.com/products/key-tag-with-label-window-8-pack?_pos=1&_sid=b8ecf890d&_ss=r,,,
764608005149,"100 Ct. 4-1"" Quad-Ruled Filler Paper","PRODUCT DETAILS

QUAD RULED FILLER PAPER – Features evenly spaced grid layout for structured writing and diagram alignment.
MATH AND TECHNICAL NOTES – Supports organized problem solving, graphing, and step-by-step calculations.
CONSISTENT PAGE STRUCTURE – Keeps numbers and figures aligned for clearer layouts during writing.
STANDARD 3-HOLE PUNCHED FORMAT – Fits most binders for easy insertion and rearranging.
100 SHEET COUNT – Provides steady supply for ongoing coursework and daily note taking.
",https://www.bazic.com/cdn/shop/files/569.jpg?v=1758854790&width=1920,https://www.bazic.com/products/100-ct-4-1-quad-ruled-filler-paper?_pos=1&_sid=79981c81c&_ss=r,,,
764608021729,Two Tone 2-Pocket Poly Portfolio,"PRODUCT DETAILS
FILE ORGANIZER. 2 pocket poly portfolios come in assorted two tone colors An extremely useful product for organizing or arranging papers, files or other similar items.
DESIGN. Each portfolio has two interior pockets and a die-cut slot to hold a business card or label, keep your important files safe; store all your important assignments in one place.
COMPATIBLE: Folders are 11.5"" x 9.5"", fits standardSized documents, stationery, and classwork. Being of the idealSize, the use of the product is even more convenient for the users.
DURABLE POLY FOLDER. Durable Folders Made from high quality Polypropylene (PP) Plastic material. Reinforced border to increase the usability, durability, and life-span of the plastic folder.
IDEAL USE. Perfect for school, documents, music students, homework assignments, office workplace, presentations, project organization and any other storage use.
",https://www.bazic.com/cdn/shop/files/3183.jpg?v=1758852996&width=1920,https://www.bazic.com/products/two-tone-2-pocket-poly-portfolio?_pos=1&_sid=3d079a958&_ss=r,11.5,9.5,
764608031575,2-Pocket Poly Portfolio w/ View Cover,"PRODUCT DETAILS
FILE ORGANIZER. 2 pocket portfolios come with a view cover for personal customization. An extremely useful product for presentations, organizing or arranging papers, files or other similar items.
DESIGN. Each portfolio has two interior pockets and a die-cut slot to hold a business card or label, keep your important files safe; store all your important assignments in one place.
COMPATIBLE: Folders are 11.5"" x 9.5"", fits standardSized documents, stationery, and classwork. Being of the idealSize, the use of the product is even more convenient for the users.
QUALITY. The 2 pocket portfolio folders are made of supreme quality and are appropriately designed by the manufacturers so that they are perfectly suitable for use.
IDEAL USE. Perfect for school, documents, music students, homework assignments, office workplace, presentations, project organization and any other storage use.
",https://www.bazic.com/cdn/shop/files/3157_1a8b3b7a-f20a-48b9-8cdd-cf54c068cc0a.jpg?v=1761933317&width=1920,https://www.bazic.com/products/2-pocket-poly-portfolio-w-view-cover?_pos=1&_sid=40a48113a&_ss=r,11.5,9.5,
764608050163,Key Tag with Label Window (8/Pack),"PRODUCT DETAILS
ASSORTED COLORS. Key tags come in 5 assorted colors of Red, Yellow, Green, Blue and Black. Great colors for identifying different keys for different locks.
QUALITY. These tags are very useable and the plastic cover is very flexible and durable. The plastic cover protects the insert inside from getting wet and dirty.
EASY USE. 2 ways to remove paper; Remove the metal key ring, slide the label and plastic cover out. You can also just bend the slit on the back, slide the label and plastic cover out with your thumb.
DESIGN. Each tag comes with a white label so you can write on and there is a plastic cover so ink doesn't fade. Key ring blocks label and plastic cover from slipping out.
WIDE APPLICATION. These tags are perfect for labeling keys, backpacks, lunchboxes, jackets, luggage, USB drives, and more—ideal for organizing and identifying personal items easily.
",https://www.bazic.com/cdn/shop/files/4003_es52s0.jpg?v=1771448595&width=1920,https://www.bazic.com/products/key-tag-with-label-window-8-pack?_pos=1&_sid=b8ecf890d&_ss=r,,,
764608050248,Key Tag with Label Window (8/Pack),"PRODUCT DETAILS
ASSORTED COLORS. Key tags come in 5 assorted colors of Red, Yellow, Green, Blue and Black. Great colors for identifying different keys for different locks.
QUALITY. These tags are very useable and the plastic cover is very flexible and durable. The plastic cover protects the insert inside from getting wet and dirty.
EASY USE. 2 ways to remove paper; Remove the metal key ring, slide the label and plastic cover out. You can also just bend the slit on the back, slide the label and plastic cover out with your thumb.
DESIGN. Each tag comes with a white label so you can write on and there is a plastic cover so ink doesn't fade. Key ring blocks label and plastic cover from slipping out.
WIDE APPLICATION. These tags are perfect for labeling keys, backpacks, lunchboxes, jackets, luggage, USB drives, and more—ideal for organizing and identifying personal items easily.
",https://www.bazic.com/cdn/shop/files/4003_es52s0.jpg?v=1771448595&width=1920,https://www.bazic.com/products/key-tag-with-label-window-8-pack?_pos=1&_sid=b8ecf890d&_ss=r,,,
764608005101,100 Ct. Pastel Color Multipurpose Paper,"LIMITLESS PAPER
Be sure to fulfill all your paper needs with our line of notebooks, filler paper, copy paper, composition books, sketchbooks, and many more. Our paper products provide quality and value for your office, school, and personal needs.

SAFE & NON-TOXIC. Acid-Free which preserves the paper and prevents it from becoming brittle and looking faded and yellow.
SUSTAINABLY. 100% recyclable. Thickness: 3ply, 75gsm. Size: 11x8.5 inch. Adorable pastel colors will make any art projects stand out.


PRINTER COMPATIBLE. Recommended for copiers, plain paper, fax machines, laser printers, inkjet printers, and typing machines.

VERSATILE. Multipurpose Paper is the right paper for everyday use: reports, documents, memos, proofing, and general printing.
GREAT FOR TONS OF CRAFTS. Available in bulk packs of teacher supplies, classroom, school, and office supplies to save your costs.

Try other great BAZIC Products. We offer a wide range of stationery products for all your school and office needs.",https://www.bazic.com/cdn/shop/files/5191.jpg?v=1758860795&width=1920,https://www.bazic.com/products/100-ct-pastel-color-multipurpose-paper?_pos=1&_sid=aedd91543&_ss=r,11,8,
764608050224,Key Tag with Label Window (8/Pack),"PRODUCT DETAILS
ASSORTED COLORS. Key tags come in 5 assorted colors of Red, Yellow, Green, Blue and Black. Great colors for identifying different keys for different locks.
QUALITY. These tags are very useable and the plastic cover is very flexible and durable. The plastic cover protects the insert inside from getting wet and dirty.
EASY USE. 2 ways to remove paper; Remove the metal key ring, slide the label and plastic cover out. You can also just bend the slit on the back, slide the label and plastic cover out with your thumb.
DESIGN. Each tag comes with a white label so you can write on and there is a plastic cover so ink doesn't fade. Key ring blocks label and plastic cover from slipping out.
WIDE APPLICATION. These tags are perfect for labeling keys, backpacks, lunchboxes, jackets, luggage, USB drives, and more—ideal for organizing and identifying personal items easily.
",https://www.bazic.com/cdn/shop/files/4003_es52s0.jpg?v=1771448595&width=1920,https://www.bazic.com/products/key-tag-with-label-window-8-pack?_pos=1&_sid=b8ecf890d&_ss=r,,,
764608005477,"30 Ct. 9"" X 12"" Tracing Paper Pad","PRODUCT DETAILS


TRACING & DRAWING PAPER. Ideal for drawings, sketches and other creations with this artist tracing paper. Translucent paper meets different needs for art tracing and creation.
SAFE FOR KIDS. Made of 41 gsm paper. Approve by teacher and parents for school projects in classroom and home.

CONVENIENT TO USE. Each sheets is bound together with an adhesive, easy to tear.

ACID-FREE. It is acid free, recyclable, and environmentally friendly.
VARIANT MEDIA. Papers accept most drawing media such as crayons, markers, pencils, oil pastels, and more. Available in bulk packs school and office supples to save costs.
",https://www.bazic.com/cdn/shop/files/547.jpg?v=1758854588&width=1920,https://www.bazic.com/products/30-ct-9-x-12-tracing-paper-pad?_pos=1&_sid=5f830d3aa&_ss=r,,,
764608050200,Key Tag with Label Window (8/Pack),"PRODUCT DETAILS
ASSORTED COLORS. Key tags come in 5 assorted colors of Red, Yellow, Green, Blue and Black. Great colors for identifying different keys for different locks.
QUALITY. These tags are very useable and the plastic cover is very flexible and durable. The plastic cover protects the insert inside from getting wet and dirty.
EASY USE. 2 ways to remove paper; Remove the metal key ring, slide the label and plastic cover out. You can also just bend the slit on the back, slide the label and plastic cover out with your thumb.
DESIGN. Each tag comes with a white label so you can write on and there is a plastic cover so ink doesn't fade. Key ring blocks label and plastic cover from slipping out.
WIDE APPLICATION. These tags are perfect for labeling keys, backpacks, lunchboxes, jackets, luggage, USB drives, and more—ideal for organizing and identifying personal items easily.
",https://www.bazic.com/cdn/shop/files/4003_es52s0.jpg?v=1771448595&width=1920,https://www.bazic.com/products/key-tag-with-label-window-8-pack?_pos=1&_sid=b8ecf890d&_ss=r,,,
764608050187,Key Tag with Label Window (8/Pack),"PRODUCT DETAILS
ASSORTED COLORS. Key tags come in 5 assorted colors of Red, Yellow, Green, Blue and Black. Great colors for identifying different keys for different locks.
QUALITY. These tags are very useable and the plastic cover is very flexible and durable. The plastic cover protects the insert inside from getting wet and dirty.
EASY USE. 2 ways to remove paper; Remove the metal key ring, slide the label and plastic cover out. You can also just bend the slit on the back, slide the label and plastic cover out with your thumb.
DESIGN. Each tag comes with a white label so you can write on and there is a plastic cover so ink doesn't fade. Key ring blocks label and plastic cover from slipping out.
WIDE APPLICATION. These tags are perfect for labeling keys, backpacks, lunchboxes, jackets, luggage, USB drives, and more—ideal for organizing and identifying personal items easily.
",https://www.bazic.com/cdn/shop/files/4003_es52s0.jpg?v=1771448595&width=1920,https://www.bazic.com/products/key-tag-with-label-window-8-pack?_pos=1&_sid=b8ecf890d&_ss=r,,,
764608050262,Key Tag with Label Window (8/Pack),"PRODUCT DETAILS
ASSORTED COLORS. Key tags come in 5 assorted colors of Red, Yellow, Green, Blue and Black. Great colors for identifying different keys for different locks.
QUALITY. These tags are very useable and the plastic cover is very flexible and durable. The plastic cover protects the insert inside from getting wet and dirty.
EASY USE. 2 ways to remove paper; Remove the metal key ring, slide the label and plastic cover out. You can also just bend the slit on the back, slide the label and plastic cover out with your thumb.
DESIGN. Each tag comes with a white label so you can write on and there is a plastic cover so ink doesn't fade. Key ring blocks label and plastic cover from slipping out.
WIDE APPLICATION. These tags are perfect for labeling keys, backpacks, lunchboxes, jackets, luggage, USB drives, and more—ideal for organizing and identifying personal items easily.
",https://www.bazic.com/cdn/shop/files/4003_es52s0.jpg?v=1771448595&width=1920,https://www.bazic.com/products/key-tag-with-label-window-8-pack?_pos=1&_sid=b8ecf890d&_ss=r,,,
764608005163,"100 Ct. 4"" X 6"" Ruled White Index Card","PRODUCT DETAILS
PACKAGE INCLUDES. Ruled white index cards come with 100 sheets in total per pack. Index cards have a ruled front and plain back. Size: 4"" x 6"" inch - 10.16 cm x 15.24 cm
STAY ORGANIZED. Index cards are great at helping you stay organized whether it's at home, school or the office! They will always be convenient to have on hand.
QUALITY. Made out of GSM Paper. Index cards are a great tool for studying and enhancing memorization! They're easy to write on using pens, markers, pencils.
DESIGN. These white index cards are ruled on one side making it easy to write in neat, straight rows for note-taking. While the blank back is great for flash cards for studying.
WIDE APPLICATION. Perfect for home, school and office use. Ideal for creating to-do lists, studying cards, personal statement, presentation cards, quick reminders, receipt cards, and much more!
",https://www.bazic.com/cdn/shop/files/1-557.jpg?v=1762382088&width=1920,https://www.bazic.com/products/100-ct-4-x-6-ruled-white-index-card?_pos=1&_sid=822ca1dbc&_ss=r,4,6,
764608005781,"100 Ct. 4-1"" Quad-Ruled Filler Paper","PRODUCT DETAILS

QUAD RULED FILLER PAPER – Features evenly spaced grid layout for structured writing and diagram alignment.
MATH AND TECHNICAL NOTES – Supports organized problem solving, graphing, and step-by-step calculations.
CONSISTENT PAGE STRUCTURE – Keeps numbers and figures aligned for clearer layouts during writing.
STANDARD 3-HOLE PUNCHED FORMAT – Fits most binders for easy insertion and rearranging.
100 SHEET COUNT – Provides steady supply for ongoing coursework and daily note taking.
",https://www.bazic.com/cdn/shop/files/569.jpg?v=1758854790&width=1920,https://www.bazic.com/products/100-ct-4-1-quad-ruled-filler-paper?_pos=1&_sid=02d8f674d&_ss=r,,,
764608021385,2-Pocket Poly Portfolio w/ Side Loading View Cover,"PRODUCT DETAILS
BOLD & BRIGHT ORGANIZATION. Poly construction resists water and tearing, keeping documents safe and crisp, while vibrant colors make sorting easy and fun, boosting your daily productivity.
POCKET POWER-UP. Dual inside pockets with business card holders offer quick access and professional presentation, making meetings, classes, and interviews a breeze.
BUILT TO LAST. High-quality, flexible poly material stands up to daily use, ensuring your important papers stay protected and neat, day after day, semester after semester.
ALL-AROUND ESSENTIAL. Ideal for reports, homework, and presentations, this folder keeps projects organized and accessible, helping students and professionals shine every time.
SMART VALUE CHOICE. These folders deliver reliable durability, water resistance, and binder compatibility, making them a smart, budget-friendly pick for organized peace of mind.
",https://www.bazic.com/cdn/shop/files/3155.jpg?v=1764105110&width=1920,https://www.bazic.com/products/2-pocket-poly-portfolio-w-side-loading-view-cover?_pos=1&_sid=518ca322f&_ss=r,,,
764608029015,"17.5"" X 5' Clear Self Adhesive Book Cover","PRODUCT DETAILS
Each roll features an easy-to-peel liner and an adhesive that allows it to be repositioned during installation. Simply place the book on the sheet and wrap!
SAFE TO USE. BPA Free. Sheet Measure: 17.5 x 60 Inch. Protective self-adhesive liner for books, textbooks, papers, poster, and document. Protects against spills, stains, wear and tear. Create a gloss finish surface.
PROTECT YOUR BOOKS. Keep your book safe from those unfortunate tears and damages with our clear bookcover.
EASY & DURABLE. No tape or ruler needed. Film lining guidelines for easy measuring and cutting to ensure straight lines. Alternative lamination for paper.
BRILLIANT DESIGN. This stylish adhesive covering smoothly lays over existing surfaces without any fuss. Simply measure your coverage area and cut using the provided guidelines.
",https://www.bazic.com/cdn/shop/files/2901.jpg?v=1759282010&width=1920,https://www.bazic.com/products/17-5-x-5-clear-self-adhesive-book-cover?_pos=1&_sid=0e2758b9b&_ss=r,17.5,60,
764608050576,Key Tag with Label Window (8/Pack),"PRODUCT DETAILS
ASSORTED COLORS. Key tags come in 5 assorted colors of Red, Yellow, Green, Blue and Black. Great colors for identifying different keys for different locks.
QUALITY. These tags are very useable and the plastic cover is very flexible and durable. The plastic cover protects the insert inside from getting wet and dirty.
EASY USE. 2 ways to remove paper; Remove the metal key ring, slide the label and plastic cover out. You can also just bend the slit on the back, slide the label and plastic cover out with your thumb.
DESIGN. Each tag comes with a white label so you can write on and there is a plastic cover so ink doesn't fade. Key ring blocks label and plastic cover from slipping out.
WIDE APPLICATION. These tags are perfect for labeling keys, backpacks, lunchboxes, jackets, luggage, USB drives, and more—ideal for organizing and identifying personal items easily.
",https://www.bazic.com/cdn/shop/files/4003_es52s0.jpg?v=1771448595&width=1920,https://www.bazic.com/products/key-tag-with-label-window-8-pack?_pos=1&_sid=229b19b54&_ss=r,,,
764608021323,Standard Weight Top Loading Sheet Protectors (100/Box),"PRODUCT DETAILS

STANDARD WEIGHT. Holds 11"" x 8.5"" paper sheet. Thickness: 0.05mm. Premium Protection provides maximum performance. Designed for durability and frequent daily use at home, school and office
ARCHIVE SAFE. Documents can be inserted from the top allows quick adding or removing. Clear design offers complete transparency. Perfect for showcasing and makes presentations appear bold and bright.
MULTI USE. Consists of 11 pre-punched holes which fits into various types of ring binders. Non-stick and clear poly sheet protectors protects portfolio, projects, receipt, class work, or any business need.
SAFE & ACID-FREE. Great for organizing reports, manuals, medical records, financial document, presentations. Available in bulk school and office supplies to save you costs.
KEEP DESK NEAT. Made of thick & durable PVC-free polypropylene. Waterproof plastic page protector preserves papers from wear and tear. Provides for you a clean and professional look.
",https://www.bazic.com/cdn/shop/files/2131.jpg?v=1758857980&width=1920,https://www.bazic.com/products/standard-weight-top-loading-sheet-protectors-100-box?_pos=1&_sid=e2645ff21&_ss=r,11,8.5,
764608031971,Clear Front Report Covers w/ Sliding Bar (3/Pack),"PRODUCT DETAILS
CLEAR FRONT REPORT COVERS W/ SLIDING BAR. Clear Front Report Covers come in assorted colors; Actual Colors May Vary! Useful product for presentations, files or other similar items.
DESIGN. Easy-to-use sliding bar features conveniently and securely holds and tightens papers together in cover to achieve a presentable and professional look. Slide on binding is made for multiple uses.
TRANSPARENT. Transparent Report Cover is a perfectly suitable product for the purpose of keeping all important reports, papers or documents properly arranged and covered at the same time.
FUNCTIONAL & VERSATILE. Secure book reports, theses, and other essays for formal submission in the classroom or secure business proposals and financial reports in the office.
IDEAL USE. Perfect for school, documents, music students, homework assignments, office workplace, presentations, project organization and any other storage use.
",https://www.bazic.com/cdn/shop/files/3197.jpg?v=1758853165&width=1920,https://www.bazic.com/products/clear-front-report-covers-w-sliding-bar-3-pack?_pos=1&_sid=e209db459&_ss=r,,,
764608006221,Metal Full Strip Stapler,"PRODUCT DETAILS
FULL STRIP DESKTOPSize. Staplers measure 6.25"" x 2.25"" x 1.5"". All-metal black stapler is designed for durability.
EFFICIENT. Crafted inner rail delivers jam-resistant. Fasten up to 20-25 sheets of 80 gsm paper. Opens 180 degrees for tacking or crafting use.
SHARP CHISEL POINT. Precision engineered chisel point staples easily penetrate papers and reduces miss-staples. Strong and accurate stapling to secure paper documents
JAM-FREE. Lightweight, smooth surface with round edges. Designed for handheld stapling. Curved, ergonomic shape fits comfortably in the palm of your hand
BUILT TO LAST. Suitable for school, home, office. Keep finger away from where staples are coming out. Available in bulk supplies to save your costs.
",https://www.bazic.com/cdn/shop/files/681.jpg?v=1758857664&width=1920,https://www.bazic.com/products/metal-full-strip-stapler?_pos=1&_sid=36356f1e1&_ss=r,6.25,2.25,1.5
764608006047,Mini Pastel Color Standard (26/6) Stapler w/ 500 Ct. Staples,"PRODUCT DETAILS
MINI SIZE. Cute portable size: 2.5 x 1.75 x 0.9 inch. Includes 500-count silver standards staples (26/6) in a storage box. Fits easily on desk, in backpack, handbag, or briefcase
SMALL YET EFFICIENT. Built-in staple remover for convenient staples removal. Fasten up to 20 sheets of 80 gsm paper. It opens 90 degrees for tacking or crafting use.
SHARP CHISEL POINT. Precision-engineered chisel point staples easily penetrate papers and reduce miss-staples. Leg length is 1/4 inch.
BRIGHT COLOR. Available in 6 vibrant colors, perfect for school, home, office, travel, or as a gift. Keep fingers away from the staple area; contains small parts.
BULK FOR OFFICE. Available in bulk packs for school and business supplies to save your costs.
",https://www.bazic.com/cdn/shop/files/602A.jpg?v=1758860649&width=1920,https://www.bazic.com/products/mini-pastel-color-standard-26-6-stapler-w-500-ct-staples?_pos=1&_sid=0ec5ae725&_ss=r,2.5,1.75,0.9
764608006016,Mini Pastel Color Standard (26/6) Stapler w/ 500 Ct. Staples,"PRODUCT DETAILS
MINI SIZE. Cute portable size: 2.5 x 1.75 x 0.9 inch. Includes 500-count silver standards staples (26/6) in a storage box. Fits easily on desk, in backpack, handbag, or briefcase
SMALL YET EFFICIENT. Built-in staple remover for convenient staples removal. Fasten up to 20 sheets of 80 gsm paper. It opens 90 degrees for tacking or crafting use.
SHARP CHISEL POINT. Precision-engineered chisel point staples easily penetrate papers and reduce miss-staples. Leg length is 1/4 inch.
BRIGHT COLOR. Available in 6 vibrant colors, perfect for school, home, office, travel, or as a gift. Keep fingers away from the staple area; contains small parts.
BULK FOR OFFICE. Available in bulk packs for school and business supplies to save your costs.
",https://www.bazic.com/cdn/shop/files/602A.jpg?v=1758860649&width=1920,https://www.bazic.com/products/mini-pastel-color-standard-26-6-stapler-w-500-ct-staples?_pos=1&_sid=dbab97f20&_ss=r,2.5,1.75,0.9
764608006801,Metal Full Strip Stapler Set,"PRODUCT DETAILS

FULL STRIP METAL DESKTOP SIZE. Includes: 1 Stapler, 1 Staple remover, and 1250-count staples (26/6) in a storage box. Staplers measure 6.5"" x 2.6"" x 1.8"". Staples remover measures 2.1 x 1.5 inches.
EFFICIENT. All-metal black stapler is designed for durability. Crafted inner rail delivers jam-resistant. Fasten up to 20-25 sheets of 80 gsm paper. Opens 180 degrees for tacking or crafting use.
SHARP CHISEL POINT. Precision engineered chisel point staples easily penetrate papers and reduces miss-staples. Leg length is 1/4-inch. Offers an accurate stapling you can count on.
DURABLE. Removers made of high-impact plastic & stainless steel jaws. Advanced mechanism lifts staples easily without tearing paper. Built-in safety lock for neat and safe storing
BUILT TO LAST. Suitable for school, home, and office. Fit easily on desk and in drawer. Keep finger away from where staples are coming out. Available in bulk supplies to save your costs.
",https://www.bazic.com/cdn/shop/files/680.jpg?v=1758936585&width=1920,https://www.bazic.com/products/metal-full-strip-stapler-set?_pos=1&_sid=475807a9e&_ss=r,6.5,2.6,1.8
764608006009,Mini Pastel Color Standard (26/6) Stapler w/ 500 Ct. Staples,"PRODUCT DETAILS
MINI SIZE. Cute portable size: 2.5 x 1.75 x 0.9 inch. Includes 500-count silver standards staples (26/6) in a storage box. Fits easily on desk, in backpack, handbag, or briefcase
SMALL YET EFFICIENT. Built-in staple remover for convenient staples removal. Fasten up to 20 sheets of 80 gsm paper. It opens 90 degrees for tacking or crafting use.
SHARP CHISEL POINT. Precision-engineered chisel point staples easily penetrate papers and reduce miss-staples. Leg length is 1/4 inch.
BRIGHT COLOR. Available in 6 vibrant colors, perfect for school, home, office, travel, or as a gift. Keep fingers away from the staple area; contains small parts.
BULK FOR OFFICE. Available in bulk packs for school and business supplies to save your costs.
",https://www.bazic.com/cdn/shop/files/602A.jpg?v=1758860649&width=1920,https://www.bazic.com/products/mini-pastel-color-standard-26-6-stapler-w-500-ct-staples?_pos=1&_sid=dbab97f20&_ss=r,2.5,1.75,0.9
764608006993,Office Desktop Stapler Set,"PRODUCT DETAILS
STANDARD DESKTOPSize. Includes: 1 Stapler, 1 Staple remover, and 1250-count staples (26/6) in a storage box. Stapler measure 5.5"" x 2.5"" x 1.5"". Staples remover measures 2.1 x 1.5 inches.
EFFICIENT. Fasten up to 20 sheets of 80 gsm paper. Opens 180 degrees for tacking or crafting use. Fit easily on desk and in drawer. Available in bulk for school and office supplies to save your costs.
SHARP CHISEL POINT. Precision engineered chisel point staples easily penetrate papers and reduces miss-staples. Leg length is 1/4-inch. Offer an accurate stapling you can count on.
DURABLE. Removers made of high-impact plastic & stainless steel jaws. Advanced mechanism lifts staples easily without tearing paper. Built-in safety lock for neat and safe storing
BRIGHT COLOR. Available in 3 colors is suitable for school, home, office. Keep finger away from where staples are coming out. Made of premium plastic and sturdy metal.
",https://www.bazic.com/cdn/shop/files/699.jpg?v=1758849043&width=1920,https://www.bazic.com/products/office-desktop-stapler-set?_pos=1&_sid=a40b473e8&_ss=r,5.5,2.5,1.5
764608006214,Two Tone Standard (26/6) Stapler,"PRODUCT DETAILS
STANDARD DESKTOPSize. Feature 50-count staples (26/6) in staplers. Accommodate 26/6 or 24-6 staple. Staplers measure 4.1"" x 2"" x 1"". Available in 3 complimentary contrast colors.
EFFICIENT. Made of premium plastic and sturdy metal designed for durability. Fasten up to 15 sheets of 80 gsm paper. Opens 180 degrees for tacking or crafting use.
SHARP CHISEL POINT. Precision engineered chisel point staples easily penetrate papers and reduces miss-staples. Leg length is 1/4-inch. Strong and accurate stapling to secure paper documents
JAM-FREE. Lightweight, smooth surface with round edges. Designed for handheld stapling. Curved, ergonomic shape fits comfortably in the palm of your hand
BUILT TO LAST. Suitable for school, home, office or travel. Fits on backpack, handbag, or briefcase. Keep finger away from where staples are coming out. Available in bulk supplies to save your costs.
",https://www.bazic.com/cdn/shop/files/623.jpg?v=1758848991&width=1920,https://www.bazic.com/products/two-tone-standard-26-6-stapler?_pos=1&_sid=2bce45e00&_ss=r,4.1,2,1
764608006238,Metal Full Strip Stapler,"PRODUCT DETAILS
FULL STRIP DESKTOPSize. Staplers measure 6.25"" x 2.25"" x 1.5"". All-metal black stapler is designed for durability.
EFFICIENT. Crafted inner rail delivers jam-resistant. Fasten up to 20-25 sheets of 80 gsm paper. Opens 180 degrees for tacking or crafting use.
SHARP CHISEL POINT. Precision engineered chisel point staples easily penetrate papers and reduces miss-staples. Strong and accurate stapling to secure paper documents
JAM-FREE. Lightweight, smooth surface with round edges. Designed for handheld stapling. Curved, ergonomic shape fits comfortably in the palm of your hand
BUILT TO LAST. Suitable for school, home, office. Keep finger away from where staples are coming out. Available in bulk supplies to save your costs.
",https://www.bazic.com/cdn/shop/files/681.jpg?v=1758857664&width=1920,https://www.bazic.com/products/metal-full-strip-stapler?_pos=1&_sid=36356f1e1&_ss=r,6.25,2.25,1.5
764608006979,Office Desktop Stapler Set,"PRODUCT DETAILS
STANDARD DESKTOPSize. Includes: 1 Stapler, 1 Staple remover, and 1250-count staples (26/6) in a storage box. Stapler measure 5.5"" x 2.5"" x 1.5"". Staples remover measures 2.1 x 1.5 inches.
EFFICIENT. Fasten up to 20 sheets of 80 gsm paper. Opens 180 degrees for tacking or crafting use. Fit easily on desk and in drawer. Available in bulk for school and office supplies to save your costs.
SHARP CHISEL POINT. Precision engineered chisel point staples easily penetrate papers and reduces miss-staples. Leg length is 1/4-inch. Offer an accurate stapling you can count on.
DURABLE. Removers made of high-impact plastic & stainless steel jaws. Advanced mechanism lifts staples easily without tearing paper. Built-in safety lock for neat and safe storing
BRIGHT COLOR. Available in 3 colors is suitable for school, home, office. Keep finger away from where staples are coming out. Made of premium plastic and sturdy metal.
",https://www.bazic.com/cdn/shop/files/699.jpg?v=1758849043&width=1920,https://www.bazic.com/products/office-desktop-stapler-set?_pos=1&_sid=b4ef1cfb9&_ss=r,5.5,2.5,1.5
764608006085,5000 Ct. Standard (26/6) Staples,"PRODUCT DETAILS
PREMIUM MATERIAL. Capacity up to 20 sheets of 80 gsm papers. Fit any standard full-strip stapler and mini staplers. Come with storage box for better storing for a long time.
SHARP CHISEL POINT. 5000 count per pack. Leg length is 1/4-inch. Precision engineered chisel point staples easily penetrate papers and reduces miss-staples.
CLASSIC SILVER COLOR. This stapler refills Provides a clean and gorgeous look to your paper work.
MULTIPURPOSE. Great for office, school, home, business, book, report, newspaper, magazine, journal, carton.
BUY BULK. Available in bulk packs for school and office supplies to save your costs.
",https://www.bazic.com/cdn/shop/files/608.jpg?v=1758848931&width=1920,https://www.bazic.com/products/5000-ct-standard-26-6-staples?_pos=1&_sid=f58bbf5a1&_ss=r,,,
764608032022,Portable 3-Hole Paper Punch,"PRODUCT DETAILS
PORTABLE 3-HOLE PAPER PUNCH. These 3-hole punchers provide reliable performance and our metal designs deliver superior performance. They come in various translucent colors. Actual Colors May Vary!
3-SHEET CAPACITY. 3-Hole Puncher can punch up to three sheets of standard 20-lb paper at a time. The punch produces 1/4"" inch holes that cut crisply and cleanly, which accommodates most binding devices.
FIT 3-RING BINDER. Save space with our flat 3-hole puncher that features 2 hanging holes designed to fit most standard 3-ring binders. Keeps students organized without weighing their backpacks down.
BUILT-IN RULER. Not only is this a three-hole puncher but it also includes a built-in 10"" inch ruler and a built-in paper guide. Double function makes your work easy and efficient!
USES. Ideal for school, home and office. Perfect for ?elementary, middle and high school kids. ?It is very slim and has a smooth grip for an easy squeeze, even for small students.
",https://www.bazic.com/cdn/shop/files/3202.jpg?v=1758847845&width=1920,https://www.bazic.com/products/portable-3-hole-paper-punch?_pos=1&_sid=358d22d51&_ss=r,,,
764608032008,Single Hole Paper Punch,"PRODUCT DETAILS
SINGLE HOLE PAPER PUNCH. BAZIC is proud to help you get the job done. These hole punchers provides reliable performance and our metal designs deliver superior performance.
5-SHEET CAPACITY. Single hole puncher can punch up to five sheets at a time. The punch produces 1/4"" inch holes that cut crisply and cleanly, which accommodates most binding devices.
COMPACT. Steel construction is strong and durable for for long-term use. Fits easily in pockets and backpacks. Compact enough to take along to work, school or anywhere you need it.
EASY TO CLEAN. The outside of the puncher is a built-in waste clip holder for collecting the debris after punching, and then dumping it into the trash can; it saves time cleaning up.
USES. Ideal for school, home and office. Use on paper, plastics, cardboard and more! Great for scrapbooks, card making, confetti, invitations and all paper crafts.
",https://www.bazic.com/cdn/shop/files/3201.jpg?v=1758847834&width=1920,https://www.bazic.com/products/single-hole-paper-punch?_pos=1&_sid=5c3987de1&_ss=r,,,
764608044414,"8"" Duo Grip Stainless Steel Scissors","PRODUCT DETAILS
STRAIGHT HANDELS. Item measure 7.75 x 3.1"". Cutting edge stays sharper longer, offer you clean and precise cuts. Available in 3 bright colors.
DURABLE. Superior-quality scissors with comfortable cushioned handles to reduce finger fatigue. Made of lightweight stainless steel blade. Highly resistant to corrosion.
ERGONOMIC DESIGN. Right or left handed. Smooth opening and closing. Work perfectly for school, sewing, cutting patterns, alterations, hand craft, photos, album, fabric, and more.
FUN & EASY. Perfect for encouraging creativity for student at home, in classroom. Inspire their creativity with art works, DIY scrapbook, cards, cardboard, or paper arts projects.
PRECISE CUTTING. Suitable for office, adults, teachers, college, middle or high school students. Available in bulk for office and school supplies to save your costs.
",https://www.bazic.com/cdn/shop/files/4441.jpg?v=1758858820&width=1920,https://www.bazic.com/products/8-duo-grip-stainless-steel-scissors?_pos=1&_sid=01688a9b2&_ss=r,7.75,3.1,
764608032039,Desktop 3-Hole Paper Punch,"PRODUCT DETAILS
DESKTOP 3-HOLE PAPER PUNCH. BAZIC is proud to help you get the job done. These 3-hole punchers provide reliable performance and our metal designs deliver superior performance.
10-SHEET CAPACITY. 3-Hole Puncher can punch up to ten sheets at a time. The punch produces 1/4"" inch holes that cut crisply and cleanly, which accommodates most binding devices.
EASY CLEAN. The puncher features a built-in waste clip tray for collecting the debris after punching, and then dumping it into the trash can; it saves clean up time and maintains a clean work environment.
STEEL CONSTRUCTION. Boasting a durable, all-metal design, this three-hole punch can stand up to the toughest tasks and provide reliable performance for years to come.
USES. Ideal for school, home and office. Use small stacks of paper or card stock paper, such like documents, college papers, syllabuses, handouts, power point presentations, children's books and more!
",https://www.bazic.com/cdn/shop/files/3203.jpg?v=1758847854&width=1920,https://www.bazic.com/products/desktop-3-hole-paper-punch?_pos=1&_sid=196bc8269&_ss=r,,,
764608006207,Mini Standard (26/6) Stapler w/ 500 Ct. Staples,"PRODUCT DETAILS
MINISize. Cute portableSize: 2.5 x 1.75 x 0.9 inch. Includes 500-count silver standards staples (26/6) in a storage box. Fits easily on desk, in backpack, handbag, or briefcase
SMALL YET EFFICIENT. Built-in staple remover for convenient staples removal. Fasten up to 12 sheets of 80 gsm paper. It opens 90 degrees for tacking or crafting use.
SHARP CHISEL POINT. Precision engineered chisel point staples easily penetrate papers and reduces miss-staples. Leg length is 1/4-inch.
BRIGHT COLOR. Available in 6 colors is suitable for school, home, office, travel use, and as a gift. Keep finger away from where staples are coming out; contain small parts, not for children under 3.
EXTRA STORAGE. Feature a compartment on the bottom for storage an extra roll of staples. Available in bulk packs for school and office supplies to save your costs.
",https://www.bazic.com/cdn/shop/files/601.jpg?v=1758848850&width=1920,https://www.bazic.com/products/mini-standard-26-6-stapler-w-500-ct-staples?_pos=1&_sid=927c2f83e&_ss=r,2.5,1.75,0.9
764608006092,5000 Ct. Standard (26/6) Staples,"PRODUCT DETAILS
PREMIUM MATERIAL. Capacity up to 20 sheets of 80 gsm papers. Fit any standard full-strip stapler and mini staplers. Come with storage box for better storing for a long time.
SHARP CHISEL POINT. 5000 count per pack. Leg length is 1/4-inch. Precision engineered chisel point staples easily penetrate papers and reduces miss-staples.
CLASSIC SILVER COLOR. This stapler refills Provides a clean and gorgeous look to your paper work.
MULTIPURPOSE. Great for office, school, home, business, book, report, newspaper, magazine, journal, carton.
BUY BULK. Available in bulk packs for school and office supplies to save your costs.
",https://www.bazic.com/cdn/shop/files/608.jpg?v=1758848931&width=1920,https://www.bazic.com/products/5000-ct-standard-26-6-staples?_pos=1&_sid=457535f5c&_ss=r,,,
764608044421,"7"" Classic Grip Stainless Steel Scissor","PRODUCT DETAILS
DURABLE. Superior-quality scissors with comfortable cushioned handles to reduce finger fatigue. Made of lightweight stainless steel blade. Highly resistant to corrosion. Item measures: 6.75"" x 2.5""
FUN & EASY. Perfect for encouraging creativity for students at home, in classroom. Inspire their creativity with art works, DIY scrapbook, cards, cardboard, or paper arts projects.
SAFE & NON TOXIC. Feature safety blunt tip cutter. The soft rubberized grip handle with rounded point is designed for comfortable use. Straight-handle. Available in 4 bright colors.
ERGONOMIC DESIGN. Left or Right Handed. Smooth opening and closing. Work perfectly for school, sewing, cutting patterns, alterations, hand craft, photos, album, fabric, and more.
PRECISE CUTTING. Suitable for office, teacher, mid or high school student. Available in bulk for office and school supplies to save your costs.
",https://www.bazic.com/cdn/shop/files/4411_18969ae1-7383-4e40-809e-46554c315518.jpg?v=1758848410&width=1920,https://www.bazic.com/products/7-classic-grip-stainless-steel-scissor?_pos=1&_sid=e386ad27a&_ss=r,6.75,2.5,
764608044100,"5"" Kids Training Scissors","PRODUCT DETAILS

FUNCTIONALITY. Training lever opens the blade automatically after each cut, Train little ones on their fine motor skills. Safely teach preschool children how to properly open and close the scissors worry-free.

BLUNT BLADE. BAZIC safety scissors are designed for little hands with rounded tips and plastic blades to safely cut paper only - not hair, skin, or fingers. Item measure: 5.25"" x 2.5"". Available in 6 bright colors.
ERGONOMIC. These scissors have an ergonomic handle to maximize comfort for small hands use. Enjoy fun artwork with these kid-friendly scissors.  Made of Polystyrene (PS) plastic.

ENCOURAGE CREATIVITY. Perfect to train fine motor skills and encourage creativity with these scissors. Inspire their creativity with art works, DIY scrapbook, or cards without the fear of injuries.
CUT PERFECTION. Make it fun and easy for young children to create wonderful decorations! Ideal for beginners, kindergarten kid, and preschooler. Bulk school supplies for classroom available.
",https://www.bazic.com/cdn/shop/files/4403_7c7fef16-d9a9-4cd2-a0fc-141cc8086aa3.jpg?v=1758861105&width=1920,https://www.bazic.com/products/5-kids-training-scissors?_pos=1&_sid=471be79f8&_ss=r,5.25,2.5,
764608044148,"5"" Kids Training Scissors","PRODUCT DETAILS

FUNCTIONALITY. Training lever opens the blade automatically after each cut, Train little ones on their fine motor skills. Safely teach preschool children how to properly open and close the scissors worry-free.

BLUNT BLADE. BAZIC safety scissors are designed for little hands with rounded tips and plastic blades to safely cut paper only - not hair, skin, or fingers. Item measure: 5.25"" x 2.5"". Available in 6 bright colors.
ERGONOMIC. These scissors have an ergonomic handle to maximize comfort for small hands use. Enjoy fun artwork with these kid-friendly scissors.  Made of Polystyrene (PS) plastic.

ENCOURAGE CREATIVITY. Perfect to train fine motor skills and encourage creativity with these scissors. Inspire their creativity with art works, DIY scrapbook, or cards without the fear of injuries.
CUT PERFECTION. Make it fun and easy for young children to create wonderful decorations! Ideal for beginners, kindergarten kid, and preschooler. Bulk school supplies for classroom available.
",https://www.bazic.com/cdn/shop/files/4403_7c7fef16-d9a9-4cd2-a0fc-141cc8086aa3.jpg?v=1758861105&width=1920,https://www.bazic.com/products/5-kids-training-scissors?_pos=1&_sid=471be79f8&_ss=r,5.25,2.5,
764608044117,"7"" Classic Grip Stainless Steel Scissor","PRODUCT DETAILS
DURABLE. Superior-quality scissors with comfortable cushioned handles to reduce finger fatigue. Made of lightweight stainless steel blade. Highly resistant to corrosion. Item measures: 6.75"" x 2.5""
FUN & EASY. Perfect for encouraging creativity for students at home, in classroom. Inspire their creativity with art works, DIY scrapbook, cards, cardboard, or paper arts projects.
SAFE & NON TOXIC. Feature safety blunt tip cutter. The soft rubberized grip handle with rounded point is designed for comfortable use. Straight-handle. Available in 4 bright colors.
ERGONOMIC DESIGN. Left or Right Handed. Smooth opening and closing. Work perfectly for school, sewing, cutting patterns, alterations, hand craft, photos, album, fabric, and more.
PRECISE CUTTING. Suitable for office, teacher, mid or high school student. Available in bulk for office and school supplies to save your costs.
",https://www.bazic.com/cdn/shop/files/4411_18969ae1-7383-4e40-809e-46554c315518.jpg?v=1758848410&width=1920,https://www.bazic.com/products/7-classic-grip-stainless-steel-scissor?_pos=1&_sid=e386ad27a&_ss=r,6.75,2.5,
636160117519,Reusable Dry Erase Pockets with Marker Holder,"PRODUCT DETAILS

PORTABLE PAD. Dry-erase pocket sleeves are 10x14 inches. Fit most of your activity sheets. Keep your papers neat and clean. Accepts most drawing media such as crayons, dry erase marker, glitter.
PREMIUM QUALITY MATERIALS. Made quality PET. Great for daily usage of classroom, office, and work. Ideal for turning any kind of printed material into a reusable sheet.
BRILLIANT DESIGN. Centered metal eyelet for easy hanging and convenient marker holder. Can be used to practice writing words, letters, math, doodling game, coloring. Clean with board eraser or microfiber cleaning cloth.
ECO-FRIENDLY. This is a perfect product to save paper, save cost, and contribute to the sustainability of our community! Great educational toy and a fun painting pads.
ENDORSED BY TEACHER & PARENTS. Ideal for kids and students to use at home and school with dry erase markers. Great educational toy and a fun drawing board. Perfect holiday gift for children!
",https://www.bazic.com/cdn/shop/files/6091.jpg?v=1758856717&width=1920,https://www.bazic.com/products/reusable-dry-erase-pockets-with-marker-holder?_pos=1&_sid=f3dec053f&_ss=r,10,14,
764608038130,"8.5"" X 5.5"" Shipping Labels (20/Pack)","PRODUCT DETAILS
VERSATILE. Each label measure 8.5"" X 5.5"". Total 20 labels per pack. Perfect for mailing address, manila file folders, organize office, priority messaging, etc.
SHIP WITH CONFIDENCE. Strong self adhesive backing resists peeling, tearing, or slipping. Permanent adhesive holds fast to envelopes, cardboard, paper, plastic, glass, tin, metal, and polybags.
RELIABLE. Preventing misalignments and jams. Compatible with laser & inkjet printer. Print clear text and crisp graphics without smearing or smudging. Compatible Avery template 5126.
EASY TO USE. Template download at https://bit.ly/3S0qdwM . Easy to peel. Simply bend the sticker sheet to expose the Pop-up Edge, peel off your stickers and apply.
MULTIPURPOSE. White matte surface, perfect for printing Name, Address, UPC Code. Suitable for business, shipping, mailing, postage, office, school, and home.
",https://www.bazic.com/cdn/shop/files/3816.jpg?v=1758860510&width=1920,https://www.bazic.com/products/8-5-x-5-5-shipping-labels-20-pack?_pos=1&_sid=26772ee1f&_ss=r,8.5,5.5,
764608038093,Gold Foil Number Label (378/Pack),"PRODUCT DETAILS

NUMBERS STICKER. Gold foil color with black printed numbers 0-9 & 00. Also feature symbol: dollar sign, period, and hyphen. Permanent Adhesive. Measure: 1/2"" x 5/8"". Total 378 labels per pack.
STICK ON MOST SURFACES. Smooth gloss finish sticker paper sticks to metal, plastic, glass, tin, paper, cardboard, cards, laminated documents, or any flat surface.
RELIABLE. There are an infinite amount of uses for our multi-purpose labels. Highly customizable labels allow you to showcase a professional presentation for any purpose.
CODING. Ideal for applying prices on items in office, retail store, warehouse, food service, home, school, classroom, and more.
BULK DEAL. Available in bulk packs for office and school supplies to save you costs.
",https://www.bazic.com/cdn/shop/files/3809.jpg?v=1758847961&width=1920,https://www.bazic.com/products/gold-foil-number-label-378-pack?_pos=1&_sid=54cf42d7c&_ss=r,2,5,
764608018064,"Push Pin, Paper Clip, Binder Clip, Magnetic Button Combo Sets","PRODUCT DETAILS
VALUE SET. One pack include: 80 Colored Push Pins (0.9 inch), 15 Magnetic Button (0.78""), 50 Jumbo Paper Clips (2""), 100 Regular Paper Clips (1.3""), 12 Black 3/4"" Binder Clips, 12 Colored mini 3/4"" Binder Clips
HIGH QUALITY. Made from premium metal with a smooth colorful powder coat finish and nickel-plated handles. Rust-resistant & durable. Ideal for home, office, school, or classroom to keep desk organized
MULTIUSE. Binderclips and Paperclips are ideal for holding files, documents, papers, notes, receipt, tickets. Magnetic Button leaving No Holes for photo or paper when holding.
TACKLE ANY TASK. Pushpins to secure documents on walls, bulletin board, cork boards, calendars, foam board, and marking locations on the map, with decorative colorful pins.
SECURE PAPERWORK. Binding work/document, keeps large or small stacks of loose paper securely fastened together with our wide assorted of fastener, paperclip, clamp, pin, magnetic.
",https://www.bazic.com/cdn/shop/files/290-_1.jpg?v=1758858647&width=1920,https://www.bazic.com/products/push-pin-paper-clip-binder-clip-magnetic-button-combo-sets?_pos=1&_sid=f2b22e5ac&_ss=r,,,
764608060100,"8.5"" X 11"" Dry Erase Board w/ Marker","PRODUCT DETAILS
PORTABLE PAD. White board is great for practicing writing words, letters, math, drawing, doodling, game, coloring, and more! Quality and Sturdy Frame.
USER FRIENDLY. This lightweight whiteboards is made of standard paperboard. Its surface is smooth, makes it easy to write with. Perfect use in kitchen, office, and room for scheduling and taking note.
EASY TO CLEAN. Using boards eraser or microfiber cleaning cloth. Adding some water or dry erase cleaner can help to clean the lapboard easily.
FUN WAY TO LEARN. Quality and Sturdy Frame. Ideal for kids and students to use at home and school with dry erase markers. Makes for both an educational toy and a fun drawing board.
SUSTAINABLE. Can be used over and over again. Save teacher from wasting pages of paper. This dry erase whiteboard is endorsed by teachers and parents: a perfect holiday gift for children!
",https://www.bazic.com/cdn/shop/files/6010.jpg?v=1758848861&width=1920,https://www.bazic.com/products/8-5-x-11-dry-erase-board-w-marker?_pos=1&_sid=d41b7ac10&_ss=r,,,
764608060919,Reusable Dry Erase Pockets with Marker Holder,"PRODUCT DETAILS

PORTABLE PAD. Dry-erase pocket sleeves are 10x14 inches. Fit most of your activity sheets. Keep your papers neat and clean. Accepts most drawing media such as crayons, dry erase marker, glitter.
PREMIUM QUALITY MATERIALS. Made quality PET. Great for daily usage of classroom, office, and work. Ideal for turning any kind of printed material into a reusable sheet.
BRILLIANT DESIGN. Centered metal eyelet for easy hanging and convenient marker holder. Can be used to practice writing words, letters, math, doodling game, coloring. Clean with board eraser or microfiber cleaning cloth.
ECO-FRIENDLY. This is a perfect product to save paper, save cost, and contribute to the sustainability of our community! Great educational toy and a fun painting pads.
ENDORSED BY TEACHER & PARENTS. Ideal for kids and students to use at home and school with dry erase markers. Great educational toy and a fun drawing board. Perfect holiday gift for children!
",https://www.bazic.com/cdn/shop/files/6091.jpg?v=1758856717&width=1920,https://www.bazic.com/products/reusable-dry-erase-pockets-with-marker-holder?_pos=1&_sid=24430d09f&_ss=r,10,14,
764608003046,"Assorted Color Semicircular 6"" Protractor","PRODUCT DETAILS
MEASURING RAGE. 0 to 180 degree semicircular 6"" protractor. Measurement read clearly in both directions, from left to right / right to left to ease your work flow.
STURDY & ACCURACY. Protractors with Inch and Centimeter. Use the geometry protractors to get the angle and length quickly.
PERFECT ANGLES. Inch and centimeter. Perfect for precise drawings geometry tool. Trace and draw the perfect angle, circumferences, graphing, and design with our easy-to-use protractor.
IDEAL DRAFTING. Made of clear plastic material, transparent and durable. Not easy to snap and can serve for a long time. Great for drawing arcs, circles, painting, measuring, doing math homework.
ALL LEVELS DESIGNED. Excellent for use in school, office, studio, or at home. The best drawing tool for teacher, students, artist, mathematician, carpenter, engineers, architecture, and designer
",https://www.bazic.com/cdn/shop/files/303.jpg?v=1758849117&width=1920,https://www.bazic.com/products/assorted-color-semicircular-6-protractor?_pos=1&_sid=b7c72ea50&_ss=r,,,
764608005989,"50 Ct. 10.5"" X 8"" Cursive Writing Pad","PRODUCT DETAILS
HANDWRITING BOOKS. 50 sheets. Measure 10.5"" X 8"". Primary ruled (7 lines per page) to teach how to properly position block letter printing, manuscript, and cursive writing. 5/8 inch ruling, 5/16 inch midline, 5/16 inch skip space
LEARNING & TEACHING. Workbook is recommended for second to third grades. Block templates help to refine fine motor skills. Also for stroke patients that re-learning fine motor control
FUN EDUCATION. Practice alphabet with double-sided writing pads. Clear line ruled help maintain capital letters & lowercase position and creates a guide for writing straight sentences.
PERFECT GIFT. Amazing notepad for Birthdays, holidays, celebrations, school events and projects. This is a great creative writing and learning supplies that approved by teachers and parents.
SIMPLE DESIGN. Encourages focus on writing tasks without distractions. Helps maintain consistency in letter size, spacing, and straight lines, promoting neat and organized writing for learners of all ages.
",https://www.bazic.com/cdn/shop/files/542A.jpg?v=1758854545&width=1920,https://www.bazic.com/products/50-ct-10-5-x-8-cursive-writing-pad?_pos=1&_sid=ab54f4641&_ss=r,10.5,8,
764608018057,Standard Size Retro Hardboard Clipboard w/ Low Profile Clip,"PRODUCT DETAILS
EASE YOUR WORKFLOW. Product Measure: 12.5 x 9 Inch. Made of quality wood material. Conveniently holds forms and documents and provides a sturdy, portable writing surface. Feature hanging loop.
SECURE CLAMPING. Stainless-steel Low-profile metal clip and rubberized corners ensure a secure grip. Help your customers and patients fill out forms and get work done efficiently.
DURABLE & SMOOTH-FINISH. This functional clipboard with a strong clip and durable board is perfect for years usage. Portable and easy writing surface that you can take notes anywhere.
ALL-PURPOSE CLIPBOARD. Hold your papers together without the fear of losing important documents. Easy stacking multiple clipboards together.
BRILLIANT DESIGN. Smooth surfaces, rounded edges and corners provide a comfortable hold. Great for daily use in office, work, warehouse, and school. Safe for kids too!
",https://www.bazic.com/cdn/shop/files/1816.jpg?v=1758859534&width=1920,https://www.bazic.com/products/standard-size-retro-hardboard-clipboard-w-low-profile-clip?_pos=1&_sid=515d0cc9d&_ss=r,12.5,9,
764608023150,Yellow Desk Style Fluorescent Highlighters (12/Box),"PRODUCT DETAILS
DESIGN. The desk-style highlighter provides a thick barrel and wide chisel tip that's perfect for highlighting larger fonts and blocks of text. Non-rolling cap adds convenience.
VERSATILE CHISEL TIP. Highlighter has a molded narrow chisel tip which allows two line widths. Broad-line for highlighting and Fine-line for underlining details with just a twist of the wrist.
VIVID COLOR. The vivid fluorescent highlighters provide maximum impact and instantly draws your eye to the key details and important information. Barrel color indicates ink color.
QUICK DRY & SMEAR FREE. Dries quickly and doesn't bleed through most paper including glossy and thin papers; smear and smudge free. Durable tip lasts even after highlighting on rough surfaces.
USES. Ideal for college students, teachers must haves, note taking, working, studying, highlight key points, underline text, artistic sketching, coloring books, doodling, and more.
",https://www.bazic.com/cdn/shop/files/2332.jpg?v=1758855425&width=1920,https://www.bazic.com/products/yellow-desk-style-fluorescent-highlighters-12-box?_pos=1&_sid=93b1c3c41&_ss=r,,,
764608051702,"25 Ct. 1"" x 1.7"" Yellow Color Printed Sign Here Flags w/ Dispenser (2/Pack)","PRODUCT DETAILS
BRILLIANT DESIGN. Self-stick notepad allow you to reposition with ease and are perfect for any message needs fast attention. Easily marks in books, folders, directories, and charts as you need.
PREMIUM MATERIAL. Made of plastic PET. Smooth surface, easy to apply and peel. Keep track of documents and chores with colorful reminders.
REUSABLE. Stick it on and removes cleanly from many different surfaces without leaving any mark/residue. Use for school, office, home. Leaving colored notes on walls, doors, or kitchen.
COLORS CODE. Stick on monitor, window, notebook, personal scrapbook, bulletin board, table, wall, refrigerator, whiteboard, computer message boards, books, folders, and more!
UNLIMITED USES. Express yourself in color for your communication needs. BAZIC offer variety of sticky note, from large to small, include yellow square postits, lined post, neon color, printed arrow flags, etc.
",https://www.bazic.com/cdn/shop/files/5174.jpg?v=1758857891&width=1920,https://www.bazic.com/products/25-ct-1-x-1-7-yellow-color-printed-sign-here-flags-w-dispenser-2-pack?_pos=1&_sid=d17e4dfeb&_ss=r,,,
764608170663,Assorted Color & Shape Foam Pencil / Pen Grip (8/Pack),"PRODUCT DETAILS

FOAM GRIPS. There is no need to worry about losing or breaking your pencil grip, enough quantity and multiple colors for you to choose and use for quite a long time, also suitable for classroom spare.
ASSORTED BRIGHT COLOR. These foam grips come in a various of vibrant colors, pretty colors will put you in a good mood and makes writing fun for young learners.
MATERIAL. Soft material provides tactile sensation, helps reduce muscle strain while ensuring a comfortable writing experience. They're not easy to change its shape and can be applied for a long time.
EASY USE. The soft cushion grip is not easy to fall off from the pen or out of shape, ergonomic design helps prevent writing fatigue, soreness, blisters and protect fingers from being rubbed heavily.
WIDE APPLICATION. Fits on many standard size pencils, pens, crayons, and many drawing and writing tools. They're very useful in schools or offices. Suitable for both left-handed and right-handed use.
",https://www.bazic.com/cdn/shop/files/1501copy.jpg?v=1758858616&width=1920,https://www.bazic.com/products/assorted-color-shape-foam-pencil-pen-grip-8-pack?_pos=1&_sid=effc1adca&_ss=r,,,
764608007471,Paisley Multi-Point Pencil (8/Pack),"PRODUCT DETAILS
MULTI-POINT PENCIL. These pencils come in different designs; Paisley, Sport, and Dazzle just pick which best suits you! Stronger than normal mechanical pencils and no fuss dealing with sharpeners.
FLEXIBLY REPLACEABLE. Multipoint pencils can be flexibly replaceable, so you don't need to worry about broken leads or blunt tips. These are equal to #2 pencils giving you smooth and clear text.
EASY USE. When the pencil gets blunt simply pull the plastic nib out and push it into the back of the pencil. A new, sharp, ready to use lead will come out of the front.
MATCHING ERASER. Each plastic pencil is matched with a eraser for you to easily erase unwanted marks or wrong spelling without leaving any residue behind, bringing you in a delightful mood.
WIDE APPLICATION: Perfect use for party favors, gifts in goody bags, students, teachers, office staff and so on, regardless gender or ages. Ideal for brain storming, sketching, drawing and drafting.
",https://www.bazic.com/cdn/shop/files/746_8pencil.jpg?v=1758857625&width=1920,https://www.bazic.com/products/paisley-multi-point-pencil-8-pack?_pos=1&_sid=ff321525a&_ss=r,,,
764608012093,Black Fine Tip Permanent Markers w/ Pocket Clip (8/Pack),"PRODUCT DETAILS
PERFECT FOR YOUR CREATIVE. Durable tip lasts even after writing on rough surfaces. Perfect for all uses: executives, teachers, kids, students at home, work, and school
VERSATILE FINE TIP. These fine point markers are able to create thin lines for detailed works of art. Bright colors can create eye-popping and vibrant impression
NO MORE SMEARS. Our ink pigment is made with smear-proof and quick-drying. This item is safe for use for the intended purposes and conforms to ASTM D-4236
FAST DRYING ON DIFFERENT SURFACE. Can be used on paper, metal, glass, wood, photos, coated paper, and even on rough surfaces
UNLIMITED USES. Ideal for drawing, writing, coloring, scrap booking, doodling, detailed marks, and more. Ink is waterproof, smear-proof, and fade-resistant
",https://www.bazic.com/cdn/shop/files/1295.jpg?v=1758858940&width=1920,https://www.bazic.com/products/black-fine-tip-permanent-markers-w-pocket-clip-8-pack?_pos=1&_sid=b042afa95&_ss=r,,,
764608012376,6 Metallic Colors Markers,"PRODUCT DETAILS
PERFECT FOR YOUR CREATIVE. Durable tip lasts even after writing on rough surfaces. Perfect for all uses: executives, teachers, kids, students at home, work, and school
VERSATILE FINE TIP. These fine point markers are able to create thin lines for detailed works of art. Bright colors can create eye-popping and vibrant impression
NO MORE SMEARS. Our ink pigment is made with smear-proof and quick-drying. This item is safe for use for the intended purposes and conforms to ASTM D-4236
FAST DRYING ON DIFFERENT SURFACE. Can be used on paper, metal, glass, wood, photos, coated paper, and even on rough surfaces
UNLIMITED USES. Ideal for drawing, writing, coloring, scrap booking, doodling, detailed marks, and more. Ink is waterproof, smear-proof, and fade-resistant
",https://www.bazic.com/cdn/shop/files/1236.jpg?v=1758851379&width=1920,https://www.bazic.com/products/6-metallic-colors-markers?_pos=1&_sid=197d9ad46&_ss=r,,,
764608016152,Metal Tip Correction Pen & Correction Fluid (2/Pack),"PRODUCT DETAILS
PRECISE & WIDE CORRECTIONS. New needle-point tip that lets you precisely cover small areas, fine lines, and details. Foam brush applicator makes it easier to apply.
FAST-DRYING. Faster drying formula with bright white fluid that blends well with white paper and covers handwritten and printed ink-even permanent marker.
VERSATILE. Great for correcting most pen, markers, and ink from fax, computer, and photocopy printouts, photocopies, typewritten documents, and handwritten notes.
NO MORE MISTAKES! We've got you covered with our assortment of correction fluids, tape and pen. No need to worry about re-doing your work due to a minor mistake.
EASY TO USE. Fluid dries quickly to a smooth finish, so you can rewrite the mistake. Shake well before using and then stroke across paper without dabbing. Allow to dry before writing.
",https://www.bazic.com/cdn/shop/files/1614.jpg?v=1758847157&width=1920,https://www.bazic.com/products/metal-tip-correction-pen-correction-fluid-2-pack?_pos=1&_sid=5f54d2921&_ss=r,,,
764608019177,Chloe Sharpener + Eraser,"PRODUCT DETAILS

LEAD-SAVING DESIGN: This sharpener reduces lead breakage for sharper pencil points, helping you write and draw smoothly with less waste, fewer interruptions, and longer pencil life.
BUILT-IN ERASER: Features a handy eraser attached to the sharpener so you can fix mistakes quickly without extra tools, keeping your workspace neat and saving time during tasks.
STANDARD PENCIL FIT: Designed to sharpen standard-sized pencils easily and efficiently, so your pencils stay sharp and ready whether you’re at school, office, or working on art projects.
COLOR OPTIONS: Comes in orange, purple, green, and blue to add a stylish touch to your supplies, helping you express your style while keeping your desk organized.
COMPACT AND DURABLE: Small, sturdy design makes this sharpener easy to carry in your backpack or pencil case and built to last through daily use at school, office, or on the go.
",https://www.bazic.com/cdn/shop/files/1943_715l32.jpg?v=1765474841&width=1920,https://www.bazic.com/products/chloe-sharpener-eraser?_pos=1&_sid=6c6a6a143&_ss=r,,,
764608023303,Yellow Erasable Highlighters (3/Pack),"PRODUCT DETAILS
DOUBLE HEAD DESIGN. Dual tip allows highlighting from one end and erasing from the other. Glide the white eraser tip over unwanted highlights and they disappear instantly! Eraser works on all paper.
VERSATILE CHISEL TIP. Highlighter has a molded narrow chisel tip which allows two line widths. Broad-line for highlighting and Fine-line for underlining details with just a twist of the wrist.
VIVID COLOR. The vivid fluorescent highlighters provide maximum impact and instantly draws your eye to the key details and important information. Pocket clip adds style and convenience.
QUICK DRY & SMEAR FREE. Dries quickly and doesn't bleed through most paper; smear and smudge free. Barrel color indicates ink color. Durable tip lasts even after highlighting on rough surfaces.
JUST WHAT YOU NEED. No more damaged books! You can mark and erase repeatedly. Ideal for college students, nursing, teacher, studying, note taking, highlight key points, underline text, and more.
",https://www.bazic.com/cdn/shop/files/2330A_f234cd83-ff6e-404f-8e75-c709537c0019.jpg?v=1758847800&width=1920,https://www.bazic.com/products/yellow-erasable-highlighters-3-pack?_pos=1&_sid=7256241a6&_ss=r,,,
764608027110,"3"" Round 2x Handheld Magnifier & 4x Bifocal Inset","PRODUCT DETAILS
ROUND BIFOCAL MAGNIFIER. This magnifying glass provides 2X magnification, allowing users with low vision to read text, no matter the size. Magnifier comes with 3"" inch round sturdy frame.
BIFOCAL. Magnifier comes with bifocal glass lens, the large lens for distant vision (2X magnification) and the small lens for near vision (4X magnification). Perfect for your personal and professional tasks.
HIGH QUALITY LENS. Our sturdy magnifying glass is made with a scratch resistant and shatterproof acrylic lens so it's going to last you a long, long time!
DISTORTION FREE. Distortion free optical grade lens provide years of reliability. Optimal to enhance reading and viewing very fine details in books, newspapers, maps and more!
VARIOUS USAGE. Great for reading, close observation for items like insects, stamps, coins, coupons, prescriptions and also a great choice for those with low or impaired vision of most types.
",https://www.bazic.com/cdn/shop/files/2711_cdcfaa1e-2ce4-4fc4-bfbd-831f824ea902.jpg?v=1761148941&width=1920,https://www.bazic.com/products/3-round-2x-handheld-magnifier-4x-bifocal-inset?_pos=1&_sid=6df135188&_ss=r,,,
764608170496,10 Color Retractable Pen,"PRODUCT DETAILS
10 COLOR RETRACTABLE PEN. Each pack includes 10-Assorted Color Retractable Pens; Actual Colors May Vary! Bold point spreads ink evenly as you write, offering dependable performance for everyday use.
SMOOTH APPLICATION. The 1.0mm bold point tip can produce smoother ink flow and superior writing application, you could easily get your writing done without too much effort.
SMEAR-RESISTANT. We know you don't want the ink to smear, the ink is smear-resistant when it's dry and means you can put these versatile pens to good use for superior writing quality.
PACKAGING. Clear plastic pouch creates easy portability for gel pens to with you on-the-go. Bring with you anywhere and everywhere these pens are the perfect traveling companion!
USES. Suitable for a variety of everyday writing tasks, making this classic ballpoint pen the perfect addition to your home, school, or office supplies.
",https://www.bazic.com/cdn/shop/files/1720.jpg?v=1758851970&width=1920,https://www.bazic.com/products/10-color-retractable-pen?_pos=1&_sid=c142bd2ab&_ss=r,,,
764608002223,Magnetic Paper Clips Holder w/ Asst. Color No.1 Paper Clip,"PRODUCT DETAILS
RELIABLE & QUALITY. Each pack includes 1 magnetic case & 50 counts paper clips standardSizes (1.3 inch/33mm). Smooth vinyl-coated helps prevent tears and rips. Rust-resistant & durable.
MAGNETIC CONTAINER. Magnet keeps clip at the top and ready to use. Keep your paper clips neatly in one space. Eliminates tangled clips, messy desks or drawers.
TACKLE ANY TASK. Paperclip is ideal for holding files, documents, papers, notes, receipt, tickets. Ideal for home, office, school, or classroom. Making bookmarks, photo albums, business card holders.
SECURE PAPERWORK. Bind your work/document, keeps large or small stacks of loose paper securely fastened together with our assorted color of paperclips.
COLORFUL COLDING. Bright paper clip colors enable color-coded organization. Perfect addition to your office supplies, paper clips can be used for stationery, fasteners, envelopes, and more!
",https://www.bazic.com/cdn/shop/files/240.jpg?v=1758858506&width=1920,https://www.bazic.com/products/magnetic-paper-clips-holder-w-asst-color-no-1-paper-clip?_pos=1&_sid=97c2ccad3&_ss=r,,,
764608005125,"22"" X 28"" Orange Poster Board","PRODUCT DETAILS
LARGE 22 X 28 INCH. This colored poster board sold as 25 count. Acid-Free. Thickness: 3ply, 250gsm. Durable card stock easy to cut and trace. Suitable for any school or kindergarten project or presentation.
VERSATILE. Perfect for school projects, art & craft, displays, promotions, scrapbooking, 3D crafts, costumes, party decor, Christmas, holiday celebration, sporting events, sale signs for retail store.
PRESENT CREATIVELY. Serve as eye-catching display boards with a smooth, uniform finish and vivid colors on both sides. Colors have superior brilliance and fade-resistance. Smooth matte finish surface.
VISIBLE POSTERS. Great for making signs and posters that are sure to pop out from the group. The eye-popping colors definitely grab peoples attention. Accept a wide range of media: paints, chalk, marker, glue, glitter.
GREAT FOR TONS OF CRAFTS. Available in bulk packs of school and office supplies to save your costs. More than 10 colors for selection: white, black, blue, green, pink, purple, yellow, orange, red, and more.
",https://www.bazic.com/cdn/shop/files/5020.jpg?v=1763492853&width=1920,https://www.bazic.com/products/22-x-28-orange-poster-board?_pos=1&_sid=5d0e679e9&_ss=r,22,28,
764608012468,Black Fine Tip Permanent Markers w/ Pocket Clip (8/Pack),"PRODUCT DETAILS
PERFECT FOR YOUR CREATIVE. Durable tip lasts even after writing on rough surfaces. Perfect for all uses: executives, teachers, kids, students at home, work, and school
VERSATILE FINE TIP. These fine point markers are able to create thin lines for detailed works of art. Bright colors can create eye-popping and vibrant impression
NO MORE SMEARS. Our ink pigment is made with smear-proof and quick-drying. This item is safe for use for the intended purposes and conforms to ASTM D-4236
FAST DRYING ON DIFFERENT SURFACE. Can be used on paper, metal, glass, wood, photos, coated paper, and even on rough surfaces
UNLIMITED USES. Ideal for drawing, writing, coloring, scrap booking, doodling, detailed marks, and more. Ink is waterproof, smear-proof, and fade-resistant
",https://www.bazic.com/cdn/shop/files/1295.jpg?v=1758858940&width=1920,https://www.bazic.com/products/black-fine-tip-permanent-markers-w-pocket-clip-8-pack?_pos=1&_sid=675b103c1&_ss=r,,,
764608018033,"Push Pin, Paper Clip, Binder Clip, Magnetic Button Combo Sets","PRODUCT DETAILS
VALUE SET. One pack include: 80 Colored Push Pins (0.9 inch), 15 Magnetic Button (0.78""), 50 Jumbo Paper Clips (2""), 100 Regular Paper Clips (1.3""), 12 Black 3/4"" Binder Clips, 12 Colored mini 3/4"" Binder Clips
HIGH QUALITY. Made from premium metal with a smooth colorful powder coat finish and nickel-plated handles. Rust-resistant & durable. Ideal for home, office, school, or classroom to keep desk organized
MULTIUSE. Binderclips and Paperclips are ideal for holding files, documents, papers, notes, receipt, tickets. Magnetic Button leaving No Holes for photo or paper when holding.
TACKLE ANY TASK. Pushpins to secure documents on walls, bulletin board, cork boards, calendars, foam board, and marking locations on the map, with decorative colorful pins.
SECURE PAPERWORK. Binding work/document, keeps large or small stacks of loose paper securely fastened together with our wide assorted of fastener, paperclip, clamp, pin, magnetic.
",https://www.bazic.com/cdn/shop/files/290-_1.jpg?v=1758858647&width=1920,https://www.bazic.com/products/push-pin-paper-clip-binder-clip-magnetic-button-combo-sets?_pos=1&_sid=f2b22e5ac&_ss=r,,,
764608028070,4-Piece Geometry Ruler Combination Sets w/ Compass,"PRODUCT DETAILS

MATH GEOMETRY KIT 4 PIECES. 12"" (30 cm) ruler + 5.25"" (13.3 cm) 30 /60 degree Triangle ruler + 4.25"" (10.8 cm) 45 /90 degree Triangle ruler + 4"" 180 Protractor + Pencil Compass
STURDY & ACCURACY. Measures 0 to 180 degrees left to right and right to left. Protractors and rulers with inch and centimeter marks make measuring easy to read.
PERFECT ANGLES. Adjustment wheel with automatic locking mechanism. Perfect for precise drawings. Trace and draw the perfect angle, circle, circumferences, graphing, and interior design.
IDEAL DRAFTING. Durable, lightweight plastic material. Bright clear color makes you measure easier, and you can see the numbers and letters on-page through the protractor
ALL LEVELS DESIGNED. Excellent for use in school, office, studio, or at home. The best drawing tool for teacher, students, artist, mathematician, carpenter, engineers, architecture, and designer
",https://www.bazic.com/cdn/shop/files/332.jpg?v=1759282543&width=1920,https://www.bazic.com/products/4-piece-geometry-ruler-combination-sets-w-compass?_pos=1&_sid=b0b64eaee&_ss=r,,,
764608051559,"25 Ct. 0.5"" X 1.7"" Neon Color Arrow Flags (10/Pack)","PRODUCT DETAILS
BRILLIANT DESIGN. Self-stick notepad allow you to reposition with ease and are perfect for any message needs fast attention. Easily marks in books, folders, directories, and charts as you need.
PREMIUM PET MATERIAL. Smooth surface to with it with pen, pencil, or marker. Waterproof, non-toxic andodorless. Easy to apply and peel. Keep track of documents with colorful reminders.
REUSABLE. Stick it on and removes cleanly from many different surfaces without leaving any mark/residue. Use for school, office, home. Leaving colored notes on walls, doors, or kitchen.
COLOR CODE. Stick on monitor, window, notebook, bulletin board, table, refrigerator, whiteboard, books, files, folders, and binders. Transparent design allow you see though the tag.
UNLIMITED USES. Express yourself in color for your communication needs. BAZIC offer variety of sticky note, from large to small, include yellow square postits, lined post, neon color, printed arrow flags, etc.
",https://www.bazic.com/cdn/shop/files/5155.jpg?v=1758854284&width=1920,https://www.bazic.com/products/25-ct-0-5-x-1-7-neon-color-arrow-flags-10-pack?_pos=1&_sid=25e7a1a84&_ss=r,,,
764608002070,Assorted Translucent Color Push Pins (100/Pack),"PRODUCT DETAILS
RELIABLE & REUSABLE. 100-counts per pack. Measure 7/8 inch long. Made of stainless steel metal ensure sharp, durable, and long lasting use. Keep you desk neat and organize.
SIMPLE DESIGN. StandardSize pushpin with a strong 3/8-inch ground steel point. Flathead for easy insert and removal. Accompanying lightweight plastic container for storage.
TACKLE ANY TASK. Pushpins to tack documents, fastening papers, photos, message note on walls, bulletin board, cork boards, calendars, foam board, poster boards,
PROFESSIONAL. Clear or Assorted Color plastic heads help you maintain professionalism at work. Marking locations on the map, decorate on wall, calendars with decorative colorful pins.
PERFECT DEAL. Perfect addition to your thumbtack office accessories. Available in bulk school and office supplies, retail and wholesale to save your costs.
",https://www.bazic.com/cdn/shop/files/208.jpg?v=1758859606&width=1920,https://www.bazic.com/products/assorted-translucent-color-push-pins-100-pack?_pos=1&_sid=238b98dcc&_ss=r,,,
764608012260,Washable Dot Marker,"PRODUCT DETAILS
VIBRANT COLORS. Washable dot markers (60ml each) come in 6 different colors; Green, Blue, Purple, Red, Yellow and Orange. It's really a good art supply for toddlers and kids. Actual Colors May Vary!
WASHABLE & NON-LEAK. Dot markers are made of water-based and quick-drying ink that prevents bleeding. Have so much fun with them as they are super easy to wash off with just a little bit of soap.
EASY GRIP. The dot markers are nice and chunky and is the perfect marker for small hands with big plans. Its ideal shape andSize makes painting easy and fun for young children and even grownups.
HAND-EYE COORDINATION. The dot marker set is great for kids to create their artworks. It can develop kids hand-eye coordination and creativity on color exploration.
NON-TOXIC & SAFE. Safety is our priority, thus making our markers washable with non-toxic water-based paint, washable with soap and water and with a quick drying ink to prevent staining or leaking.
",https://www.bazic.com/cdn/shop/files/1226.jpg?v=1758859664&width=1920,https://www.bazic.com/products/washable-dot-marker?_pos=1&_sid=24d44295b&_ss=r,,,
764608015001,Frizz Black Erasable Gel Pen with Grip,"ERASABLE GEL INK. Enjoy erasable black gel ink with a built-in eraser for instant corrections. Write smoothly and erase cleanly so notes stay flawless, while ink becomes permanent over time for lasting results.
CUSHION GRIP COMFORT. Soft cushion grip ensures comfortable, fatigue-free writing for long study sessions, meetings, or creative projects, making every writing experience easy and enjoyable.
SMOOTH APPLICATION. Durable 0.7mm medium tip creates precise, consistent lines for clear writing. High-quality construction delivers smooth ink flow and reliable results for daily use.
SMEAR-FREE. Smear-free ink flow prevents unwanted smudges, so you can enjoy crisp, clean writing every time. Perfect for students and professionals who value neat, high-quality notes.
IDEAL USE. Perfect for schoolwork, office notes, journaling, and art projects, this erasable pen boosts productivity and creativity, making every writing task easier and more enjoyable.",https://www.bazic.com/cdn/shop/files/17104.jpg?v=1760111060&width=1920,https://www.bazic.com/products/frizz-black-erasable-gel-pen-with-grip?_pos=1&_sid=89820f442&_ss=r,,,
764608023198,Double Tip Fluorescent Highlighters (5/Pack),"PRODUCT DETAILS
DOUBLE TIP DESIGN. Double fluorescent color in one pen, more convenience to use. There is yellow color in each highlighter with chisel tip on both ends.
VERSATILE CHISEL TIP. Double tip highlighter has a molded narrow chisel tip which allows two line widths. Broad-line for highlighting and Fine-line for underlining details with just a twist of the wrist.
VIVID COLOR. The vivid fluorescent highlighters provide maximum impact and instantly draws your eye to the key details and important information. Pocket clip adds style and convenience.
QUICK DRY & SMEAR FREE. Dries quickly and doesn't bleed through most paper; smear and smudge free. Barrel color indicates ink color. Durable tip lasts even after highlighting on rough surfaces.
USES. Ideal for college students, teachers must haves, note taking, working, studying, highlight key points, underline text, artistic sketching, coloring books, doodling, and more.
",https://www.bazic.com/cdn/shop/files/2333.jpg?v=1758856629&width=1920,https://www.bazic.com/products/double-tip-fluorescent-highlighters-5-pack?_pos=1&_sid=31ba0b476&_ss=r,,,
764608002230,Magnetic Paper Clips Holder w/ Asst. Color No.1 Paper Clip,"PRODUCT DETAILS
RELIABLE & QUALITY. Each pack includes 1 magnetic case & 50 counts paper clips standardSizes (1.3 inch/33mm). Smooth vinyl-coated helps prevent tears and rips. Rust-resistant & durable.
MAGNETIC CONTAINER. Magnet keeps clip at the top and ready to use. Keep your paper clips neatly in one space. Eliminates tangled clips, messy desks or drawers.
TACKLE ANY TASK. Paperclip is ideal for holding files, documents, papers, notes, receipt, tickets. Ideal for home, office, school, or classroom. Making bookmarks, photo albums, business card holders.
SECURE PAPERWORK. Bind your work/document, keeps large or small stacks of loose paper securely fastened together with our assorted color of paperclips.
COLORFUL COLDING. Bright paper clip colors enable color-coded organization. Perfect addition to your office supplies, paper clips can be used for stationery, fasteners, envelopes, and more!
",https://www.bazic.com/cdn/shop/files/240.jpg?v=1758858506&width=1920,https://www.bazic.com/products/magnetic-paper-clips-holder-w-asst-color-no-1-paper-clip?_pos=1&_sid=97c2ccad3&_ss=r,,,
764608003039,"Assorted Color Semicircular 6"" Protractor","PRODUCT DETAILS
MEASURING RAGE. 0 to 180 degree semicircular 6"" protractor. Measurement read clearly in both directions, from left to right / right to left to ease your work flow.
STURDY & ACCURACY. Protractors with Inch and Centimeter. Use the geometry protractors to get the angle and length quickly.
PERFECT ANGLES. Inch and centimeter. Perfect for precise drawings geometry tool. Trace and draw the perfect angle, circumferences, graphing, and design with our easy-to-use protractor.
IDEAL DRAFTING. Made of clear plastic material, transparent and durable. Not easy to snap and can serve for a long time. Great for drawing arcs, circles, painting, measuring, doing math homework.
ALL LEVELS DESIGNED. Excellent for use in school, office, studio, or at home. The best drawing tool for teacher, students, artist, mathematician, carpenter, engineers, architecture, and designer
",https://www.bazic.com/cdn/shop/files/303.jpg?v=1758849117&width=1920,https://www.bazic.com/products/assorted-color-semicircular-6-protractor?_pos=1&_sid=14107161a&_ss=r,,,
764608005972,"50 Ct. 10.5"" X 8"" Cursive Writing Pad","PRODUCT DETAILS
HANDWRITING BOOKS. 50 sheets. Measure 10.5"" X 8"". Primary ruled (7 lines per page) to teach how to properly position block letter printing, manuscript, and cursive writing. 5/8 inch ruling, 5/16 inch midline, 5/16 inch skip space
LEARNING & TEACHING. Workbook is recommended for second to third grades. Block templates help to refine fine motor skills. Also for stroke patients that re-learning fine motor control
FUN EDUCATION. Practice alphabet with double-sided writing pads. Clear line ruled help maintain capital letters & lowercase position and creates a guide for writing straight sentences.
PERFECT GIFT. Amazing notepad for Birthdays, holidays, celebrations, school events and projects. This is a great creative writing and learning supplies that approved by teachers and parents.
SIMPLE DESIGN. Encourages focus on writing tasks without distractions. Helps maintain consistency in letter size, spacing, and straight lines, promoting neat and organized writing for learners of all ages.
",https://www.bazic.com/cdn/shop/files/542A.jpg?v=1758854545&width=1920,https://www.bazic.com/products/50-ct-10-5-x-8-cursive-writing-pad?_pos=1&_sid=ab54f4641&_ss=r,10.5,8,
764608007921,12 Ct. 0.9 mm Ceramics High-Quality Mechanical Pencil Lead (3/Pack),"PRODUCT DETAILS
0.9 MM CERAMIC HIGH-QUALITY LEAD REFILLS. Each pack comes with 3 tubes of 0.9mm ceramic high-quality lead refills, 12 pieces per tube. Works with any 0.9mm mechanical pencils.
AVAILABLE IN. Our ceramic leads are available in 0.5 mm, 0.7 mm and 0.9 mm lead, which provides the users with the choice of the leads that matches exactly with their requirements.
QUALITY. The pencil leads are of premium quality and the HB hardness lead is equivalent to a #2 wooden pencil. Therefore, these leads are perfectly suitable for various types of needs.
PHENOMENAL WRITING. The mechanical pencil leads produces smooth, crisp lines with dark imprint which makes it extremely easy to read. Leads don't break easily thereby making it ideal for a long time use.
WIDE APPLICATION. Suitable for all general writing applications such as notes, letters, and you can use it for office, classroom, home and other occasions.
",https://www.bazic.com/cdn/shop/files/791_main.jpg?v=1764029179&width=1920,https://www.bazic.com/products/12-ct-0-9-mm-ceramics-high-quality-mechanical-pencil-lead-3-pack?_pos=1&_sid=2f9b44dfb&_ss=r,,,
764608012178,Assorted Colors Double-Tip Permanent Markers (3/Pack),"PRODUCT DETAILS
PERFECT FOR YOUR CREATIVE. Durable tip lasts even after writing on rough surfaces. Perfect for all uses: executives, teachers, students at home, work, and school
VERSATILE CHISEL TIP. These chisel tip markers are able to create thick and thin lines for detailed works of art. Bright colors can create eye-popping and vibrant impression
NO MORE SMEARS. Our ink pigment is made with smear-proof and quick-drying. This item is safe for use for the intended purposes and conforms to ASTM D-4236
FAST DRYING ON DIFFERENT SURFACE. Can be used on paper, metal, glass, wood, photos, coated paper, and even on rough surfaces
UNLIMITED USES. Ideal for drawing, writing, coloring, scrap booking, doodling, detailed marks, and more. Ink is waterproof, smear-proof, and fade-resistant
",https://www.bazic.com/cdn/shop/files/1242A.jpg?v=1758851424&width=1920,https://www.bazic.com/products/assorted-colors-double-tip-permanent-markers-3-pack?_pos=1&_sid=e443c42e6&_ss=r,,,
764608012482,Black Fine Tip Permanent Markers w/ Pocket Clip (8/Pack),"PRODUCT DETAILS
PERFECT FOR YOUR CREATIVE. Durable tip lasts even after writing on rough surfaces. Perfect for all uses: executives, teachers, kids, students at home, work, and school
VERSATILE FINE TIP. These fine point markers are able to create thin lines for detailed works of art. Bright colors can create eye-popping and vibrant impression
NO MORE SMEARS. Our ink pigment is made with smear-proof and quick-drying. This item is safe for use for the intended purposes and conforms to ASTM D-4236
FAST DRYING ON DIFFERENT SURFACE. Can be used on paper, metal, glass, wood, photos, coated paper, and even on rough surfaces
UNLIMITED USES. Ideal for drawing, writing, coloring, scrap booking, doodling, detailed marks, and more. Ink is waterproof, smear-proof, and fade-resistant
",https://www.bazic.com/cdn/shop/files/1295.jpg?v=1758858940&width=1920,https://www.bazic.com/products/black-fine-tip-permanent-markers-w-pocket-clip-8-pack?_pos=1&_sid=b042afa95&_ss=r,,,
764608028087,"Scale-Arm Compass w/ #2 Wood Pencil & 6"" Protractor Set","PRODUCT DETAILS
STURDY & ACCURACY. 180 degree protractor semicircular 6"" ruler protractors feature pivoting arm for better measure for any angle. Clear color allow see the words, letters on page through the protractor
BRELLIENT DESIGN. Scale-arm, easy grip top control with two-sided 6-inch / 15-centimeter measuring. Metal point makes circles up to 12"" in diameter.
IDEAL DRAFTING. Includes 3 1/2 #2 HB golf pencil with secure lock allows quick adjustment as needed. Great for drawing arcs, circles, divide gauges, dividing line, line segments,Size measurement.
PERFECT ANGLES. Easy draw and adjust legs. Perfect for precise drawings. Trace and draw the perfect angle, circumferences, graphing, and design with our easy-to-use compasses.
MULTIPURPOSE. Excellent for use in school, office, studio, or at home. The best circle drawing tool for student, artist, mathematician, carpenter, engineers, architecture, and designer
",https://www.bazic.com/cdn/shop/files/2807.jpg?v=1758849093&width=1920,https://www.bazic.com/products/scale-arm-compass-w-2-wood-pencil-6-protractor-set?_pos=1&_sid=e31375fd8&_ss=r,,,
764608060025,8 oz White Board Cleaner,"PRODUCT DETAILS
VERSATILE. Apply on dry-erase surfaces such as white board, glass, porcelain, melamine, and most non-porous surfaces. Removes ghosting, stubborn marks, shadowing from whiteboards effortless.
EASY TO CLEAN. Spray bottle for maximum board coverage. Let sit for 2-3 minutes. Use soft cloth or board eraser to wipe the surface of the boards. Repeat if necessary.
ENGINEERED TO REMOVE TOUGH STAINS. Tough on stains but gentle formula that will not harm whiteboard. This item is non-toxic under normal usage and conforms to  ASTM  D-4236
MULTIPURPOSE. For school, classroom, teacher, and office. Leaves your writing surface fresh and clean.
Try other great BAZIC Products. We offer a wide range of stationery products for all your school and office needs.
",https://www.bazic.com/cdn/shop/files/6001.jpg?v=1758854961&width=1920,https://www.bazic.com/products/8-oz-white-board-cleaner?_pos=1&_sid=32d0d7445&_ss=r,,,
764608170632,Assorted Color & Shape Foam Pencil / Pen Grip (8/Pack),"PRODUCT DETAILS

FOAM GRIPS. There is no need to worry about losing or breaking your pencil grip, enough quantity and multiple colors for you to choose and use for quite a long time, also suitable for classroom spare.
ASSORTED BRIGHT COLOR. These foam grips come in a various of vibrant colors, pretty colors will put you in a good mood and makes writing fun for young learners.
MATERIAL. Soft material provides tactile sensation, helps reduce muscle strain while ensuring a comfortable writing experience. They're not easy to change its shape and can be applied for a long time.
EASY USE. The soft cushion grip is not easy to fall off from the pen or out of shape, ergonomic design helps prevent writing fatigue, soreness, blisters and protect fingers from being rubbed heavily.
WIDE APPLICATION. Fits on many standard size pencils, pens, crayons, and many drawing and writing tools. They're very useful in schools or offices. Suitable for both left-handed and right-handed use.
",https://www.bazic.com/cdn/shop/files/1501copy.jpg?v=1758858616&width=1920,https://www.bazic.com/products/assorted-color-shape-foam-pencil-pen-grip-8-pack?_pos=1&_sid=effc1adca&_ss=r,,,
764608008072,Double Zipper 3-Ring Pencil Pouch w/ Mesh Window,"PRODUCT DETAILS

PORTABLE Size measure: 9.5"" x 7"". Made of durable 420D polyester - scratch resist. 4 colors: Black, White, Red, Blue. Feature reinforce 3 rings hole on the bags to attached to binders.
SECURITY DESIGN. Safe & Non-toxic. Feature a quality zipper closure for easy access and secure your all items. One compartment. Mesh Clear window allows to see through and find things easily
MULTIPURPOSE. Ideal for organizing small items like pens, pencils box, crayon, markers, whiteout, highlighter, business card, checks, receipt, flash cards, charging cords, USB cables.
SIMPLE STORAGE. Great gift for young kids for organizing training. Keep everything in their own bag so they won't miss anything. Each children get a pouch to maintain health & hygiene without sharing
BRILLIANT DESIGN. Fun, colorful, and elegant. Perfect for teacher, student, adults, teens, and children. Available in bulk back to school and office supplies to save your costs.
",https://www.bazic.com/cdn/shop/files/807.jpg?v=1758858028&width=1920,https://www.bazic.com/products/double-zipper-3-ring-pencil-pouch-w-mesh-window?_pos=1&_sid=7164c60ba&_ss=r,9.5,7,
764608012109,Black Fine Tip Permanent Markers w/ Pocket Clip (8/Pack),"PRODUCT DETAILS
PERFECT FOR YOUR CREATIVE. Durable tip lasts even after writing on rough surfaces. Perfect for all uses: executives, teachers, kids, students at home, work, and school
VERSATILE FINE TIP. These fine point markers are able to create thin lines for detailed works of art. Bright colors can create eye-popping and vibrant impression
NO MORE SMEARS. Our ink pigment is made with smear-proof and quick-drying. This item is safe for use for the intended purposes and conforms to ASTM D-4236
FAST DRYING ON DIFFERENT SURFACE. Can be used on paper, metal, glass, wood, photos, coated paper, and even on rough surfaces
UNLIMITED USES. Ideal for drawing, writing, coloring, scrap booking, doodling, detailed marks, and more. Ink is waterproof, smear-proof, and fade-resistant
",https://www.bazic.com/cdn/shop/files/1295.jpg?v=1758858940&width=1920,https://www.bazic.com/products/black-fine-tip-permanent-markers-w-pocket-clip-8-pack?_pos=1&_sid=b042afa95&_ss=r,,,
764608012420,Black Double-Tip Permanent Markers (2/Pack),"PRODUCT DETAILS
PERFECT FOR YOUR CREATIVITY. Durable tip lasts even after writing on rough surfaces. Perfect for all uses: executives, teachers, students at home, work, and school
VERSATILE CHISEL TIP. These chisel tip markers are able to create thick and thin lines for detailed works of art. Bold colors can create eye-popping and vibrant impression
NO MORE SMEARS. Our ink pigment is made with smear-proof and quick-drying. This item is safe for use for the intended purposes and conforms to ASTM D-4236
FAST-DRYING ON DIFFERENT SURFACES. Can be used on paper, metal, glass, wood, photos, coated paper, and even on rough surfaces
UNLIMITED USES. Ideal for drawing, writing, coloring, scrapbooking, doodling, detailed marks, and more. Ink is waterproof, smear-proof, and fade-resistant
",https://www.bazic.com/cdn/shop/files/1241_5df86880-e274-4bc7-ace0-d1fe555a86d5.jpg?v=1761004925&width=1920,https://www.bazic.com/products/black-double-tip-permanent-markers-2-pack?_pos=1&_sid=12b19a460&_ss=r,,,
764608028063,4-Piece Geometry Ruler Combination Sets w/ Compass,"PRODUCT DETAILS

MATH GEOMETRY KIT 4 PIECES. 12"" (30 cm) ruler + 5.25"" (13.3 cm) 30 /60 degree Triangle ruler + 4.25"" (10.8 cm) 45 /90 degree Triangle ruler + 4"" 180 Protractor + Pencil Compass
STURDY & ACCURACY. Measures 0 to 180 degrees left to right and right to left. Protractors and rulers with inch and centimeter marks make measuring easy to read.
PERFECT ANGLES. Adjustment wheel with automatic locking mechanism. Perfect for precise drawings. Trace and draw the perfect angle, circle, circumferences, graphing, and interior design.
IDEAL DRAFTING. Durable, lightweight plastic material. Bright clear color makes you measure easier, and you can see the numbers and letters on-page through the protractor
ALL LEVELS DESIGNED. Excellent for use in school, office, studio, or at home. The best drawing tool for teacher, students, artist, mathematician, carpenter, engineers, architecture, and designer
",https://www.bazic.com/cdn/shop/files/332.jpg?v=1759282543&width=1920,https://www.bazic.com/products/4-piece-geometry-ruler-combination-sets-w-compass?_pos=1&_sid=e8ccc44c6&_ss=r,,,
764608031728,Document Holder Letter Size w/ Elastic Band,"PRODUCT DETAILS
FILE ORGANIZER. Made from high quality Polypropylene (PP) Plastic material folder. Safe & Non Toxic. Measure: 12.5"" x 9.25"" x 0.75"" max expanding. Fits both A4Size and Letter Size. Single pocket.
SECURITY & STYLISH. Protect your paperwork with waterproof and tear-resistant poly portfolio. Durable construction with 0.45 mm thickness spectrums for long lasting use.
MULTI STORAGE. Organized your paper, important files, contract, sales report, presentation, receipt, checks, bills, documents, book, vouchers, card, paint work, homework, assignments.
BRIGHT COLOR. Vivid and solid color folder bag provides privacy and security for confidential documents. Holder features snap closure for quick access.
PORTABLE. Simple elegant design with fashion, adding much fun to your work, study, travel, business trip, daily filing, and storing of papers. No need to worry important document get wet or scratched.
",https://www.bazic.com/cdn/shop/files/3172_main.jpg?v=1765220208&width=1920,https://www.bazic.com/products/letter-size-document-holder-w-elastic-band?_pos=1&_sid=42c704ab5&_ss=r,12.5,9.25,0.75
764608012062,Black Fine Tip Permanent Markers w/ Pocket Clip (8/Pack),"PRODUCT DETAILS
PERFECT FOR YOUR CREATIVE. Durable tip lasts even after writing on rough surfaces. Perfect for all uses: executives, teachers, kids, students at home, work, and school
VERSATILE FINE TIP. These fine point markers are able to create thin lines for detailed works of art. Bright colors can create eye-popping and vibrant impression
NO MORE SMEARS. Our ink pigment is made with smear-proof and quick-drying. This item is safe for use for the intended purposes and conforms to ASTM D-4236
FAST DRYING ON DIFFERENT SURFACE. Can be used on paper, metal, glass, wood, photos, coated paper, and even on rough surfaces
UNLIMITED USES. Ideal for drawing, writing, coloring, scrap booking, doodling, detailed marks, and more. Ink is waterproof, smear-proof, and fade-resistant
",https://www.bazic.com/cdn/shop/files/1295.jpg?v=1758858940&width=1920,https://www.bazic.com/products/black-fine-tip-permanent-markers-w-pocket-clip-8-pack?_pos=1&_sid=9d5f5f73c&_ss=r,,,
764608018132,Standard Size Retro Hardboard Clipboard w/ Low Profile Clip,"PRODUCT DETAILS
EASE YOUR WORKFLOW. Product Measure: 12.5 x 9 Inch. Made of quality wood material. Conveniently holds forms and documents and provides a sturdy, portable writing surface. Feature hanging loop.
SECURE CLAMPING. Stainless-steel Low-profile metal clip and rubberized corners ensure a secure grip. Help your customers and patients fill out forms and get work done efficiently.
DURABLE & SMOOTH-FINISH. This functional clipboard with a strong clip and durable board is perfect for years usage. Portable and easy writing surface that you can take notes anywhere.
ALL-PURPOSE CLIPBOARD. Hold your papers together without the fear of losing important documents. Easy stacking multiple clipboards together.
BRILLIANT DESIGN. Smooth surfaces, rounded edges and corners provide a comfortable hold. Great for daily use in office, work, warehouse, and school. Safe for kids too!
",https://www.bazic.com/cdn/shop/files/1816.jpg?v=1758859534&width=1920,https://www.bazic.com/products/standard-size-retro-hardboard-clipboard-w-low-profile-clip?_pos=1&_sid=0bc396330&_ss=r,12.5,9,
764608002056,Magnetic Paper Clips Holder w/ Asst. Color No.1 Paper Clip,"PRODUCT DETAILS
RELIABLE & QUALITY. Each pack includes 1 magnetic case & 50 counts paper clips standardSizes (1.3 inch/33mm). Smooth vinyl-coated helps prevent tears and rips. Rust-resistant & durable.
MAGNETIC CONTAINER. Magnet keeps clip at the top and ready to use. Keep your paper clips neatly in one space. Eliminates tangled clips, messy desks or drawers.
TACKLE ANY TASK. Paperclip is ideal for holding files, documents, papers, notes, receipt, tickets. Ideal for home, office, school, or classroom. Making bookmarks, photo albums, business card holders.
SECURE PAPERWORK. Bind your work/document, keeps large or small stacks of loose paper securely fastened together with our assorted color of paperclips.
COLORFUL COLDING. Bright paper clip colors enable color-coded organization. Perfect addition to your office supplies, paper clips can be used for stationery, fasteners, envelopes, and more!
",https://www.bazic.com/cdn/shop/files/240.jpg?v=1758858506&width=1920,https://www.bazic.com/products/magnetic-paper-clips-holder-w-asst-color-no-1-paper-clip?_pos=1&_sid=52dac9063&_ss=r,,,
764608002032,Magnetic Paper Clips Holder w/ Asst. Color No.1 Paper Clip,"PRODUCT DETAILS
RELIABLE & QUALITY. Each pack includes 1 magnetic case & 50 counts paper clips standardSizes (1.3 inch/33mm). Smooth vinyl-coated helps prevent tears and rips. Rust-resistant & durable.
MAGNETIC CONTAINER. Magnet keeps clip at the top and ready to use. Keep your paper clips neatly in one space. Eliminates tangled clips, messy desks or drawers.
TACKLE ANY TASK. Paperclip is ideal for holding files, documents, papers, notes, receipt, tickets. Ideal for home, office, school, or classroom. Making bookmarks, photo albums, business card holders.
SECURE PAPERWORK. Bind your work/document, keeps large or small stacks of loose paper securely fastened together with our assorted color of paperclips.
COLORFUL COLDING. Bright paper clip colors enable color-coded organization. Perfect addition to your office supplies, paper clips can be used for stationery, fasteners, envelopes, and more!
",https://www.bazic.com/cdn/shop/files/240.jpg?v=1758858506&width=1920,https://www.bazic.com/products/magnetic-paper-clips-holder-w-asst-color-no-1-paper-clip?_pos=1&_sid=9c77cafc0&_ss=r,,,
764608002063,Assorted Translucent Color Push Pins (100/Pack),"PRODUCT DETAILS
RELIABLE & REUSABLE. 100-counts per pack. Measure 7/8 inch long. Made of stainless steel metal ensure sharp, durable, and long lasting use. Keep you desk neat and organize.
SIMPLE DESIGN. StandardSize pushpin with a strong 3/8-inch ground steel point. Flathead for easy insert and removal. Accompanying lightweight plastic container for storage.
TACKLE ANY TASK. Pushpins to tack documents, fastening papers, photos, message note on walls, bulletin board, cork boards, calendars, foam board, poster boards,
PROFESSIONAL. Clear or Assorted Color plastic heads help you maintain professionalism at work. Marking locations on the map, decorate on wall, calendars with decorative colorful pins.
PERFECT DEAL. Perfect addition to your thumbtack office accessories. Available in bulk school and office supplies, retail and wholesale to save your costs.
",https://www.bazic.com/cdn/shop/files/208.jpg?v=1758859606&width=1920,https://www.bazic.com/products/assorted-translucent-color-push-pins-100-pack?_pos=1&_sid=f6d14a71a&_ss=r,,,
764608004531,Back To School Kit,"PRODUCT DETAILS
66 PIECE SET. Bulk pack for students grades K-12 needs to get organized & start the school year off right. *PRODUCT SPECIFICATIONS AND COLORS MAY VARY*
WHAT'S INCLUDE. 10 Wood pencil, 12 Colored Pencils, 1 Sharpener, 6 Oil Gel Pen, 4 Fiber Tip Pens, 3 Lead, 8 Mechanical Pencils, 4 Eraser, 5 Permanent Markers, 5 Highlighter, 3 Dry Erase Marker, 2 Glue Stick, 1 White Glue, 1 Correction Tape, 1 Ruler.
FIRST CHOICE FOR TEACHERS AND PARENTS. Ideal for elementary school to high school students, this school supply supports learning and growth at every stage.
PREMIUM QUALITY. Enjoy writing, coloring, sketch with our high-quality stationery. Get everything students need all at once, in one place! school supply box also make great gifts for teachers and friends.
BTS TEACHER LIST. Buying our writing instrument kits in bulk saves you time and money. Suitable for in classroom, learn from home, and hybrid learning.
",https://www.bazic.com/cdn/shop/files/8000A.jpg?v=1758860073&width=1920,https://www.bazic.com/products/back-to-school-kit?_pos=1&_sid=e1a33dad8&_ss=r,,,
764608005293,"22"" X 28"" Orange Poster Board","PRODUCT DETAILS
LARGE 22 X 28 INCH. This colored poster board sold as 25 count. Acid-Free. Thickness: 3ply, 250gsm. Durable card stock easy to cut and trace. Suitable for any school or kindergarten project or presentation.
VERSATILE. Perfect for school projects, art & craft, displays, promotions, scrapbooking, 3D crafts, costumes, party decor, Christmas, holiday celebration, sporting events, sale signs for retail store.
PRESENT CREATIVELY. Serve as eye-catching display boards with a smooth, uniform finish and vivid colors on both sides. Colors have superior brilliance and fade-resistance. Smooth matte finish surface.
VISIBLE POSTERS. Great for making signs and posters that are sure to pop out from the group. The eye-popping colors definitely grab peoples attention. Accept a wide range of media: paints, chalk, marker, glue, glitter.
GREAT FOR TONS OF CRAFTS. Available in bulk packs of school and office supplies to save your costs. More than 10 colors for selection: white, black, blue, green, pink, purple, yellow, orange, red, and more.
",https://www.bazic.com/cdn/shop/files/5020.jpg?v=1763492853&width=1920,https://www.bazic.com/products/22-x-28-orange-poster-board?_pos=1&_sid=5d0e679e9&_ss=r,22,28,
764608007020,Electra Noir 0.7 mm Mechanical Pencil (8/Pack),"PRODUCT DETAILS

ELECTRA NOIR 0.7MM MECHANICAL PENCIL. Each pack includes 8 pencils with 0.7mm lead. This mechanical pencil is a useful product for drawing or writing. Comes in assorted color; Actual Colors May Vary!
TIP SIZE. Features 0.7mm lead that creates ultra-precise, clean lines that support neat penmanship. Most importantly, the pencil never requires sharpening!
REFILLABLE & RETRACTABLE. Mechanical Pencil is refillable with standard 0.7mm HB lead. The retractable tip, minimizes the chance for accidental pokes and breaks while the pencil is not in use.
QUALITY. The mechanical pencils HB hardness lead is equivalent to a #2 wooden pencil. Therefore, these leads are perfectly suitable for various types of needs. Eraser top included for convenience.
WIDE APPLICATION. Designed to accommodate young writers of all ages, these mechanical pencils are great for student, school, college, beginners and more! Suitable for all general writing applications.

",https://www.bazic.com/cdn/shop/files/707.jpg?v=1758857715&width=1920,https://www.bazic.com/products/electra-noir-0-7-mm-mechanical-pencil-8-pack?_pos=1&_sid=a2c85f06c&_ss=r,,,
764608007556,Diamante 0.5 mm Mechanical Pencil w/ Grip (3/Pack),"PRODUCT DETAILS

DIAMANTE 0.5MM MECHANICAL PENCIL. Each pack includes 3 pencils with 0.5mm lead, cushion grip provides extra comfort. Useful product for drawing or writing. Comes in assorted color; Actual Colors May Vary!
TIPSize. Features 0.5mm lead that creates ultra-precise, clean lines that support neat penmanship. Most importantly, the pencil never requires sharpening which is highly beneficial for the users.
REFILLABLE & RETRACTABLE. Mechanical Pencil is refillable with standard 0.5mm HB Lead Refill. The retractable tip, minimizes the chance for accidental pokes and breaks while the pencil is not in use.
QUALITY. The mechanical pencils HB hardness lead is equivalent to a #2 wooden pencil. Therefore, these leads are perfectly suitable for various types of needs. Eraser top included for convenience.
WIDE APPLICATION. Designed to accommodate young writers of all ages, these mechanical pencils are great for student, school, college, beginners and more! Suitable for all general writing applications.
",https://www.bazic.com/cdn/shop/files/736.jpg?v=1758937417&width=1920,https://www.bazic.com/products/diamante-0-5-mm-mechanical-pencil-w-grip-3-pack?_pos=1&_sid=1ea53b573&_ss=r,,,
764608012161,Assorted Colors Chisel Tip Desk Style Permanent Markers (4/Pack),"PRODUCT DETAILS
PERFECT FOR YOUR CREATIVE. Durable tip lasts even after writing on rough surfaces. Perfect for all uses: executives, teachers, kids, students at home, work, and school
VERSATILE CHISEL TIP. These chisel tip markers are able to create thick and thin lines for detailed works of art. Bright colors can create eye-popping and vibrant impression
NO MORE SMEARS. Our ink pigment is made with smear-proof and quick-drying. This item is safe for use for the intended purposes and conforms to ASTM D-4236
FAST DRYING ON DIFFERENT SURFACE. Can be used on paper, metal, glass, wood, photos, coated paper, and even on rough surfaces
UNLIMITED USES. Ideal for drawing, writing, coloring, scrap booking, doodling, detailed marks, and more. Ink is waterproof, smear-proof, and fade-resistant
",https://www.bazic.com/cdn/shop/files/1260.jpg?v=1758863218&width=1920,https://www.bazic.com/products/assorted-colors-chisel-tip-desk-style-permanent-markers-4-pack?_pos=1&_sid=b008420cc&_ss=r,,,
764608012642,6 Colors Washable Scented Markers,"PRODUCT DETAILS
SCENTS. Open box to discover fun scents like Banana, Orange, Cherry, Grape, Fruit Punch, Kiwi, Chocolate, Blackberry, Blueberry and Raspberry. Wild collection of scents thats sure to stir creativity.
VERSATILE CHISEL TIP. Scented markers have a molded narrow chisel tip which allows two line widths. Broad-line and Fine-line with just a twist of the wrist. Excellent for color, draw and write.
QUICK DRY & SMEAR FREE. Dries quickly and doesn't bleed through most paper including thin papers; smear and smudge free. Durable tip lasts on rough surfaces.
WASH & CARE. These water color markers are water-based and safe for all ages. Most clothing can be washed in warm or hot water. Do not use pre-wash or chlorine bleach. Repeat laundering if necessary.
USES. Ideal for all to use; must haves, drawing, artistic sketching, coloring books, doodling, writing, note taking, underline text and more.
",https://www.bazic.com/cdn/shop/files/1285_tovmil.jpg?v=1769451612&width=1920,https://www.bazic.com/products/6-colors-washable-scented-markers?_pos=1&_sid=ca093ea00&_ss=r,,,
764608012802,6 Fluorescent Colors Dual Tip Sketch Markers,"PRODUCT DETAILS
CHISEL & BRUSH DOUBLE TIP. Double-ended design. You can use 3mm brush tip for sweeping, details, calligraphic, or the 6.5mm broad strokes chisel tip for quickly color in large areas.
EASY BLENDING. Alcohol brush markers are more durable and do not fray easily. *NOTE: Alcohol Based Markers like ALL other brand alcohol markers, will Bleed through regular coloring paper, except very thick paper.
VERSATILE. Perfect for card making, doodling, and hand-lettering. Excellent smudge-proof and waterproof qualities on most surfaces, work well on ceramics, plastic, or rock.
BEST GIFT. Creative art craft supplies present for teachers, friends, family, Christmas, Thanksgiving, and Birthdays. High-quality ink blends seamlessly to create beautiful coloring effects.
NON-TOXIC. SilverTriangle barrel design provides both a comfortable grip and conveniently prevents markers from rolling off desks and tables. Ideal for professional art and craft.
",https://www.bazic.com/cdn/shop/files/1230_8rhmh8.jpg?v=1770656217&width=1920,https://www.bazic.com/products/6-fluorescent-colors-dual-tip-sketch-markers?_pos=1&_sid=9b1046688&_ss=r,,,
764608017203,Palm Mini Ballpoint Pen w/ Key Ring (5/Pack),"PRODUCT DETAILS

PALM MINI BALLPOINT PEN w/ KEY RING. Each pack includes 5 Ballpoint Pens with Black Ink Bold point spreads ink evenly as you write, offering dependable performance.
DESIGN. Mini ballpoint pen features a key chain that adds style and convince. Attach it to your bag or your lanyard for easy access. The small Size allows it to fit in your pocket and purse.
SMOOTH APPLICATION. The 1.0mm medium  point tip can produce smoother ink flow and superior writing application, you could easily get your writing done without too much effort.
SMEAR-FREE. We know you don't want the ink to smear, the smear-free ink flow means you can put these versatile pens to good use for superior writing quality.
USES. Suitable for a variety of everyday writing tasks, making this classic ballpoint pen the perfect addition to your home, school, or office supplies.
",https://www.bazic.com/cdn/shop/files/1753.jpg?v=1758940175&width=1920,https://www.bazic.com/products/palm-mini-ballpoint-pen-w-key-ring-5-pack?_pos=1&_sid=ed20e739e&_ss=r,,,
764608017524,10 Pure Neon Color Stick Pen,"PRODUCT DETAILS
10 PURE NEON COLOR STICK PEN. Neon Stick Pens come in an assortment of 10 colors Fulfill all your coloring and writing needs! Great for taking the dullness out of classroom notes.
DESIGN. The Hexagonal barrel shape prevents rolling and comfortable to hold. Pens are non-refillable. Use cap to seal each tip for preventing ink from drying or leaking out.
SMOOTH APPLICATION. The 1.0mm medium tip can produce neat, accurate lines which allows for smooth and precise writing application, you could easily get your writing done without too much effort.
SMEAR-RESISTANT. We know you don't want the ink to smear, the ink is smear-resistant when it's dry and means you can put these versatile pens to good use for superior writing quality.
USES. Suitable for a variety of everyday writing tasks, making this classic ballpoint pen the perfect addition to your home, school, or office supplies.
",https://www.bazic.com/cdn/shop/files/1706A.jpg?v=1758851901&width=1920,https://www.bazic.com/products/10-pure-neon-color-stick-pen?_pos=1&_sid=0e726a606&_ss=r,,,
764608017883,Palm Mini Ballpoint Pen w/ Key Ring (5/Pack),"PRODUCT DETAILS

PALM MINI BALLPOINT PEN w/ KEY RING. Each pack includes 5 Ballpoint Pens with Black Ink Bold point spreads ink evenly as you write, offering dependable performance.
DESIGN. Mini ballpoint pen features a key chain that adds style and convince. Attach it to your bag or your lanyard for easy access. The small Size allows it to fit in your pocket and purse.
SMOOTH APPLICATION. The 1.0mm medium  point tip can produce smoother ink flow and superior writing application, you could easily get your writing done without too much effort.
SMEAR-FREE. We know you don't want the ink to smear, the smear-free ink flow means you can put these versatile pens to good use for superior writing quality.
USES. Suitable for a variety of everyday writing tasks, making this classic ballpoint pen the perfect addition to your home, school, or office supplies.
",https://www.bazic.com/cdn/shop/files/1753.jpg?v=1758940175&width=1920,https://www.bazic.com/products/palm-mini-ballpoint-pen-w-key-ring-5-pack?_pos=1&_sid=ed20e739e&_ss=r,,,
764608023235,Mini Desk Style Fluorescent Highlighters (4/Pack),"PRODUCT DETAILS

DESIGN. Mini highlighters come with a rib texture band for non-slip grip. These markers are great for travel as they fit nicely in any compartment or pocket. Pocket clip adds style and convenience.
VERSATILE CHISEL TIP. Highlighter has a molded narrow chisel tip which allows two line widths. Broad-line for highlighting and Fine-line for underlining details with just a twist of the wrist.
VIVID COLOR. Mini fluorescent highlighters provide maximum impact and instantly draws your eye to the key details and important information. Barrel color indicates ink color.
QUICK DRY & SMEAR FREE. Dries quickly and doesn't bleed through most paper including glossy and thin papers; smear and smudge free. Durable tip lasts even after highlighting on rough surfaces.
USES. Ideal for college students and teachers when note taking, working, studying, highlighting key points, underlining text, sketching, coloring books, doodling, and more.
",https://www.bazic.com/cdn/shop/files/2323.jpg?v=1758939237&width=1920,https://www.bazic.com/products/mini-desk-style-fluorescent-highlighters-4-pack?_pos=1&_sid=f32822590&_ss=r,,,
764608028056,Metal Ball Bearing Compass w/ #2 Wood Pencil,"PRODUCT DETAILS
STURDY & ACCURACY. Made of steel withstands bending under pressure to maintain accuracy. Metal construction for long lasting use. Exquisite mechanism provide smooth use. All Metal. Nickel plating.
EASY TO USE. Scale-arm, easy grip top control with two-sided 6-inch / 15-centimeter measuring. Metal point makes circles up to 12"" in diameter.
IDEAL DRAFTING. Includes 3 1/2 #2 HB golf pencil with secure lock allows quick adjustment as needed. Great for drawing arcs, circles, divide gauges, dividing line, line segments,Size measurement.
PERFECT ANGLES. Perfect for precise drawings. Trace and draw the perfect angle, circumferences, graphing, and design with our easy-to-use compasses.
MULTIPURPOSE. Excellent for use in school, office, studio, or at home. The best circle drawing tool for student, artist, mathematician, carpenter, engineers, architecture, and designer
",https://www.bazic.com/cdn/shop/files/2805.jpg?v=1758859131&width=1920,https://www.bazic.com/products/metal-ball-bearing-compass-w-2-wood-pencil?_pos=1&_sid=5471ce317&_ss=r,,,
764608031957,V-Flap Legal Size Document Holder,"PRODUCT DETAILS
FILE ORGANIZER. Made from high quality Polypropylene (PP) Plastic material. Safe & Non Toxic. Measure: 15.5"" x 10.1"". Expandable 2.5"" max. Single pocket. Fits A4, Letter, Legal Size, and 13"" laptop
SECURITY & STYLISH. V-flap snap closure design. Protect your paperwork with waterproof and tear-resistant poly portfolio. Durable construction with 0.5 mm thickness spectrums for long lasting use.
MULTI STORAGE. Organized your paper, important files, contract, sales report, presentation, receipt, checks, bills, documents, book, vouchers, card, paint work, homework, assignments.
VISIBLE IN TRANSLUCENT. Clear vivid and bright color folder bag allow checking the contents inside the file folders. Holder features snap closure for quick access.
PORTABLE. Simple elegant design with fashion, adding much fun to your work, study, travel, business trip, daily filing, and storing of papers. No need to worry important document get wet or scratched.
",https://www.bazic.com/cdn/shop/files/3104_fa314fd9-8c85-4e9c-8ad8-c619a6625622.jpg?v=1760744085&width=1920,https://www.bazic.com/products/v-flap-legal-size-document-holder?_pos=1&_sid=a4e4ec625&_ss=r,15.5,10.1,
764608050279,"22"" X 28"" Orange Poster Board","PRODUCT DETAILS
LARGE 22 X 28 INCH. This colored poster board sold as 25 count. Acid-Free. Thickness: 3ply, 250gsm. Durable card stock easy to cut and trace. Suitable for any school or kindergarten project or presentation.
VERSATILE. Perfect for school projects, art & craft, displays, promotions, scrapbooking, 3D crafts, costumes, party decor, Christmas, holiday celebration, sporting events, sale signs for retail store.
PRESENT CREATIVELY. Serve as eye-catching display boards with a smooth, uniform finish and vivid colors on both sides. Colors have superior brilliance and fade-resistance. Smooth matte finish surface.
VISIBLE POSTERS. Great for making signs and posters that are sure to pop out from the group. The eye-popping colors definitely grab peoples attention. Accept a wide range of media: paints, chalk, marker, glue, glitter.
GREAT FOR TONS OF CRAFTS. Available in bulk packs of school and office supplies to save your costs. More than 10 colors for selection: white, black, blue, green, pink, purple, yellow, orange, red, and more.
",https://www.bazic.com/cdn/shop/files/5020.jpg?v=1763492853&width=1920,https://www.bazic.com/products/22-x-28-orange-poster-board?_pos=1&_sid=5d0e679e9&_ss=r,22,28,
764608002292,Brass (Gold) Thumb Tack (200/Pack),"PRODUCT DETAILS
RELIABLE & REUSABLE. 200-counts per pack. Measure 3/8 inch long 0.35"" diameter head. Made of stainless steel ensure sharp, durable, and long lasting use. Keep your desk neat and organize.
TACKLE ANY TASK. Standard size pushpin with a strong 3/8-inch ground steel point. Flathead for easy insert and removal. Accompanying lightweight & convenient plastic container for storage.
SECURE PAPERWORK. Pushpins to tack documents, fastening papers, photos, message note on walls, bulletin board, cork boards, calendars, foam board, poster boards
PROFESSIONAL. Metal colors for eye-catching appeal. Adding fun to work environment, yet plain design maintains professionalism. Marking locations on the map, decorate on wall, calendars.
PERFECT DEAL. Metallic pins are perfect addition to your thumbtack office accessories. Available in bulk school and office supplies, retail and wholesale to save your costs.
",https://www.bazic.com/cdn/shop/files/229.jpg?v=1758851266&width=1920,https://www.bazic.com/products/brass-gold-thumb-tack-200-pack?_pos=1&_sid=7c72123f2&_ss=r,,,
764608017166,10 Color Retractable Pen,"PRODUCT DETAILS
10 COLOR RETRACTABLE PEN. Each pack includes 10-Assorted Color Retractable Pens; Actual Colors May Vary! Bold point spreads ink evenly as you write, offering dependable performance for everyday use.
SMOOTH APPLICATION. The 1.0mm bold point tip can produce smoother ink flow and superior writing application, you could easily get your writing done without too much effort.
SMEAR-RESISTANT. We know you don't want the ink to smear, the ink is smear-resistant when it's dry and means you can put these versatile pens to good use for superior writing quality.
PACKAGING. Clear plastic pouch creates easy portability for gel pens to with you on-the-go. Bring with you anywhere and everywhere these pens are the perfect traveling companion!
USES. Suitable for a variety of everyday writing tasks, making this classic ballpoint pen the perfect addition to your home, school, or office supplies.
",https://www.bazic.com/cdn/shop/files/1720.jpg?v=1758851970&width=1920,https://www.bazic.com/products/10-color-retractable-pen?_pos=1&_sid=c142bd2ab&_ss=r,,,
764608007464,Paisley Multi-Point Pencil (8/Pack),"PRODUCT DETAILS
MULTI-POINT PENCIL. These pencils come in different designs; Paisley, Sport, and Dazzle just pick which best suits you! Stronger than normal mechanical pencils and no fuss dealing with sharpeners.
FLEXIBLY REPLACEABLE. Multipoint pencils can be flexibly replaceable, so you don't need to worry about broken leads or blunt tips. These are equal to #2 pencils giving you smooth and clear text.
EASY USE. When the pencil gets blunt simply pull the plastic nib out and push it into the back of the pencil. A new, sharp, ready to use lead will come out of the front.
MATCHING ERASER. Each plastic pencil is matched with a eraser for you to easily erase unwanted marks or wrong spelling without leaving any residue behind, bringing you in a delightful mood.
WIDE APPLICATION: Perfect use for party favors, gifts in goody bags, students, teachers, office staff and so on, regardless gender or ages. Ideal for brain storming, sketching, drawing and drafting.
",https://www.bazic.com/cdn/shop/files/746_8pencil.jpg?v=1758857625&width=1920,https://www.bazic.com/products/paisley-multi-point-pencil-8-pack?_pos=1&_sid=e1821733c&_ss=r,,,
764608012208,10 Colors Broad Line Mini Washable Markers,"PRODUCT DETAILS
BROAD LINE WASHABLE MARKERS. Broad, durable tips are great for bold strokes of color and can sustain heavy pressure when coloring. Perfect for adding colors to posters or large artwork!
CONICAL TIP. This special conical tip allows you to draw fine lines with the point and broad strokes with the side. Excellent for coloring, drawing and writing.
QUICK DRY & SMEAR FREE. Dries quickly and doesn't bleed through most paper including thin papers; smear and smudge free. Durable tip lasts on rough surfaces.
WASH & CARE. These water color markers are water-based and safe for all ages. Most clothing can be washed in warm or hot water. Do not use pre-wash or chlorine bleach. Repeat laundering if necessary.
USES. Can be perfectly used for writing, drawing and coloring especially in schools and classrooms. The markers are also used in colleges, offices and several other different places.
",https://www.bazic.com/cdn/shop/files/1220A.jpg?v=1758851321&width=1920,https://www.bazic.com/products/10-colors-broad-line-mini-washable-markers?_pos=1&_sid=76cc568a4&_ss=r,,,
764608002308,Nickel (Silver) Thumb Tack (200/Pack),"PRODUCT DETAILS
RELIABLE & REUSABLE. 200-counts per pack. Measure 3/8 inch long 0.35"" diameter head. Made of stainless steel ensure sharp, durable, and long lasting use. Keep your desk neat and organize.
TACKLE ANY TASK. StandardSize pushpin with a strong 3/8-inch ground steel point. Flathead for easy insert and removal. Accompanying lightweight & convenient plastic container for storage.
SECURE PAPERWORK. Pushpins to tack documents, fastening papers, photos, message note on walls, bulletin board, cork boards, calendars, foam board, poster boards
PROFESSIONAL. Metal colors for eye-catching appeal. Adding fun to work environment, yet plain design maintains professionalism. Marking locations on the map, decorate on wall, calendars.
PERFECT DEAL. Metallic pins are perfect addition to your thumbtack office accessories. Available in bulk school and office supplies, retail and wholesale to save your costs.
",https://www.bazic.com/cdn/shop/files/230_j6pwm2.jpg?v=1761679950&width=1920,https://www.bazic.com/products/nickel-silver-thumb-tack-200-pack?_pos=1&_sid=0a1a56796&_ss=r,,,
764608017173,10 Color Retractable Pen,"PRODUCT DETAILS
10 COLOR RETRACTABLE PEN. Each pack includes 10-Assorted Color Retractable Pens; Actual Colors May Vary! Bold point spreads ink evenly as you write, offering dependable performance for everyday use.
SMOOTH APPLICATION. The 1.0mm bold point tip can produce smoother ink flow and superior writing application, you could easily get your writing done without too much effort.
SMEAR-RESISTANT. We know you don't want the ink to smear, the ink is smear-resistant when it's dry and means you can put these versatile pens to good use for superior writing quality.
PACKAGING. Clear plastic pouch creates easy portability for gel pens to with you on-the-go. Bring with you anywhere and everywhere these pens are the perfect traveling companion!
USES. Suitable for a variety of everyday writing tasks, making this classic ballpoint pen the perfect addition to your home, school, or office supplies.
",https://www.bazic.com/cdn/shop/files/1720.jpg?v=1758851970&width=1920,https://www.bazic.com/products/10-color-retractable-pen?_pos=1&_sid=c142bd2ab&_ss=r,,,
764608003022,20mm Size Lettering Stencil Ruler Sets (2/Pack),"PRODUCT DETAILS
VARIANT DESIGN. Each Letter Size measures 13/16"" (20mm). A-Z Uppercase, lowercase alphabet, 0-9 number, and math calculation symbols. Feature two-sided 8 inches / 22-centimeter measuring.
SAFE & NON-TOXIC STENCIL RULER SET – Made from high-quality PET material, durable and non-toxic. Perfect for hours of creative fun for all ages, ensuring safe and enjoyable crafting!
APPROVED BY TEACHERS AND PARENTS. A great educational tool. This stencil kit makes practicing ABCs and numbers fun at home or in the classroom.
COLORFUL SET. Bright colors to capture interest and help maintain focus. Ideal for birthday or holiday gifts. Perfect for drawing with pencils, coloring markers, and paintbrushes.
VERSATILITY. This cute plastic stencils template is practical tool for art and craft, journaling, scrapbooking, school art projects, DIY artwork, painting, tracing, indoor and outdoor creations.
",https://www.bazic.com/cdn/shop/files/305A.jpg?v=1758849137&width=1920,https://www.bazic.com/products/20mm-size-lettering-stencil-ruler-sets-2-pack?_pos=1&_sid=dc070255d&_ss=r,,,
764608017944,Optima Assorted Color FUSE Tech Ink Retractable Pen w/ Grip (3/Pack),"PRODUCT DETAILS

OPTIMA ASSORTED RETRACTABLE FUSE TECH PENS. Each pack includes 3-Assorted Colors; Red, Blue and Black. Medium point spreads ink evenly as you write, offering dependable performance.
SMOOTH APPLICATION. The 1.0mm medium tip can produce crisp, clean lines which allows for smooth and precise writing application. You could easily get your writing done without too much effort.
DESIGN. Retractable pen is designed with convenient pocket clip allows for quick and easy access. Each pen is fitted with cushion grip making it very comfortable for users when using the product.
SMEAR-FREE. We know you don't want ink to smear. The smear-free ink flow means you can put these versatile pens to good use for superior writing quality.
IDEAL USE. Suitable for a variety of everyday writing applications, making this oil-gel pen the perfect addition to your home, school, or office supplies.
",https://www.bazic.com/cdn/shop/files/1794A.jpg?v=1758852250&width=1920,https://www.bazic.com/products/optima-assorted-color-fuse-tech-ink-retractable-pen-w-grip-3-pack?_pos=1&_sid=6dc1ede81&_ss=r,,,
764608005521,75mm X 75mm 300 Ct. Color Paper Cube w/ Tray,"PRODUCT DETAILS

CUSTOMIZABLE. Each measure 3 x 3 inches. 300-sheet per pack. Colored notepads paper available in 5 colors. Come with a sturdy PVC cubes box for easy storage and access.
QUALITY CONSTRUCTION. Made of high quality 70 gsm acid free papers. Durable & Non Toxic. this square small pad is perfect tool to make your life effective.
PERFECT PLANNER. Various notepads for home, school, office. For organization, planning and taking/leaving notes. Write down messages, reminders, ideas, to-do list, appointments, special events.
SAFE TO USE. Made of wood pulp paper. Safe, recyclable, & environmentally friendly. Smooth surface, easy to write on. Perfect for any message that needs fast attention
EXCELLENT VALUE. Blank notepad with clear case. Stock up and save even more! Available in bulk office and school supplies to save your costs.
",https://www.bazic.com/cdn/shop/files/552_91de751f-52db-42e3-8a46-5a96947c9b64.jpg?v=1759288345&width=1920,https://www.bazic.com/products/75mm-x-75mm-300-ct-color-paper-cube-w-tray?_pos=1&_sid=c9be4a01d&_ss=r,3,3,
764608007372,Spinner Top Eraser 0.7 mm  Mechanical Pencil (3/Pack),"PRODUCT DETAILS
SPINNER 0.7MM MECHANICAL PENCIL. Each pack includes 3 pencils with 0.7mm lead. This mechanical pencil is a useful product for drawing or writing. Comes in assorted color
TIPSize. Features 0.7mm lead that creates ultra-precise, clean lines that support neat penmanship. Most importantly, the pencil never requires sharpening which is highly beneficial for the users.
REFILLABLE & RETRACTABLE. Mechanical Pencil is refillable with standard 0.7mm HB Lead Refill. The retractable tip, minimizes the chance for accidental pokes and breaks while the pencil is not in use.
DESIGN. Side-click lead advance lets you extend the lead without losing your grip on the pencil, so you can keep your thoughts flowing. Eraser top included for convenience.
WIDE APPLICATION. Designed to accommodate young writers of all ages, these mechanical pencils are great for student, school, college, beginners and more! Suitable for all general writing applications.
",https://www.bazic.com/cdn/shop/files/737A.jpg?v=1758857240&width=1920,https://www.bazic.com/products/spinner-top-eraser-0-7-mm-mechanical-pencil-3-pack?_pos=1&_sid=762b35995&_ss=r,,,
764608016213,Metal Tip Correction Pen & Correction Fluid (2/Pack),"PRODUCT DETAILS
PRECISE & WIDE CORRECTIONS. New needle-point tip that lets you precisely cover small areas, fine lines, and details. Foam brush applicator makes it easier to apply.
FAST-DRYING. Faster drying formula with bright white fluid that blends well with white paper and covers handwritten and printed ink-even permanent marker.
VERSATILE. Great for correcting most pen, markers, and ink from fax, computer, and photocopy printouts, photocopies, typewritten documents, and handwritten notes.
NO MORE MISTAKES! We've got you covered with our assortment of correction fluids, tape and pen. No need to worry about re-doing your work due to a minor mistake.
EASY TO USE. Fluid dries quickly to a smooth finish, so you can rewrite the mistake. Shake well before using and then stroke across paper without dabbing. Allow to dry before writing.
",https://www.bazic.com/cdn/shop/files/1614.jpg?v=1758847157&width=1920,https://www.bazic.com/products/metal-tip-correction-pen-correction-fluid-2-pack?_pos=1&_sid=5f54d2921&_ss=r,,,
764608023419,5 Fluorescent Gel Highlighters,"PRODUCT DETAILS

TWIST-UP DESIGN. Twist bottom to advance. Design reduces breakage of gel inside and remains clean under the protection of plastic shell and also facilitates use. Pocket clip adds style and convenience.
WON'T DRY. Highlighters are designed to not dry out, even when left uncapped for days. If you go through a couple of pages before you start highlighting, the color is still as strong and bright as ever.
VIVID COLOR. The vivid fluorescent gel highlighters provide maximum impact and instantly draws your eye to the key details and important information. Barrel color indicates ink color.
NON BLEED & SMEAR FREE. Smooth gliding gel highlighters are safe to use on thin pages. Smudge and bleed proof making them the best Bible highlighters.
USES. Ideal for Bible study, college students, note taking, working, studying, highlight key points, underline text, artistic sketching, coloring books, doodling, and more.
",https://www.bazic.com/cdn/shop/files/2341.jpg?v=1758847812&width=1920,https://www.bazic.com/products/5-fluorescent-gel-highlighters?_pos=1&_sid=84a5784af&_ss=r,,,
764608051436,"80 Ct. 1"" X 3"" Neon Page Markers (6/Pack)","PRODUCT DETAILS
BRILLIANT DESIGN. Self-stick notepad allow you to reposition with ease and are perfect for any message needs fast attention. Easily marks in books, folders, directories, and charts as you need.
PREMIUM MATERIAL. Made of wood pulp paper. Safe and environmentally friendly. Smooth surface, easy to apply and peel. Keep track of documents and chores with colorful reminders.
REUSABLE. Stick it on and removes cleanly from many different surfaces without leaving any mark/residue. Use for school, office, home. Leaving colored notes on walls, doors, or kitchen.
COLOR CODE. Stick on monitor, window, notebook, personal scrapbook, bulletin board, table, wall, refrigerator, whiteboard, computer message boards, and more!
UNLIMITED USES. Express yourself in color for your communication needs. BAZIC offer variety of sticky note, from large to small, include yellow square postits, lined post, neon color, printed arrow flags, etc.
",https://www.bazic.com/cdn/shop/files/5142.jpg?v=1758941482&width=1920,https://www.bazic.com/products/80-ct-1-x-3-neon-page-markers-6-pack?_pos=1&_sid=e6207f7b6&_ss=r,,,
764608170670,Frizz Blue Erasable Gel Pen (2/Pack),"PRODUCT DETAILS
ERASABLE GEL INK. Enjoy erasable blue gel ink with built-in erasers for instant corrections. Write smoothly and erase cleanly so notes stay flawless, while ink becomes permanent over time for lasting results.
EASY ERASING. Built-in eraser lets you correct mistakes instantly without damaging paper, making it simple to keep your work neat and organized in any setting.
SMOOTH APPLICATION. Durable 0.7mm medium tip creates precise, consistent lines for clear writing. High-quality construction delivers smooth ink flow and reliable results for daily use.
SMEAR-FREE. Smear-free ink flow prevents unwanted smudges, so you can enjoy crisp, clean writing every time. Perfect for students and professionals who value neat, high-quality notes.
IDEAL USE. Perfect for schoolwork, office notes, journaling, and art projects, these erasable pens boost productivity and creativity, making every writing task easier and more enjoyable.
",https://www.bazic.com/cdn/shop/files/17101.jpg?v=1759797425&width=1920,https://www.bazic.com/products/frizz-blue-erasable-gel-pen-2-pack?_pos=1&_sid=dcdf8e806&_ss=r,,,
764608005507,"30 Ct. 9"" X 12"" Top Bound Spiral Sketch Pad","PRODUCT DETAILS
ECONOMY DESIGN. 30 Sheet. Made of 20 lbs, 75 gsm paper. 9 x 12 inch provide plenty of room for poetry, creative writing, sketches, drawing, scrapbooks, calligraphy and more.
MULTIPURPOSE. Ideal for artists, writers, illustrators, beginners, or professionals. Can also be used as a journal, diary, or watercolor canvas. Spiral binding for easy removal to display artwork.
SAFE TO USE. Acid-free. Smooth surface. Great for sketching in a variety of media: pen, pencil, color pencils, marker, ink, charcoal, soft pastel, oil pastel, and crayon.
IDEAL FOR CLASS. Great painting tool for children. Allow kids to explore and discover their creativity, hands-on learning, stay engaged and entertained at school and home.
FOR ALL AGES. A perfect gift for artists, adults, and your little one. Explore their creativity with this drawing pad. Available in bulk packs to save costs for school and teacher.
",https://www.bazic.com/cdn/shop/files/5044_26fab807-9d9b-4277-a97a-55dae22904e2.jpg?v=1759287273&width=1920,https://www.bazic.com/products/30-ct-9-x-12-top-bound-spiral-sketch-pad?_pos=1&_sid=78197c0ed&_ss=r,9,12,
764608007167,#2 The First Jumbo Premium Yellow Pencil (4/Pack),"PRODUCT DETAILS
THE FIRST JUMBO PENCIL W/ ERASER. Each pack comes with 4 jumbo pre-sharpened pencils. The diameter of the lead is 3.25mm thick. Easy to erase and easy to sharpen with any quality sharpener.
JUMBO BARREL. Jumbo barrel design is suitable for beginner writer. Thick break-resistant graphite lead requires less sharpening and produces dark long-lasting, readable, consistent strokes.
QUALITY. Pencils are #2 HB for general writing, drawing and sketching. Pencils glide smoothly over paper and is highly break resistant. Pencils include a smudge-resistant eraser top for convenience.
LATEX-FREE ERASER. The smudge-less eraser is latex-free, which provides enough toughness for heavy erasures. These smudge-free erasers wipe the page clean, making corrections easy and fast.
WIDE APPLICATION. Suitable for all general writing applications such as notes, letters, and you can use it for office, classroom, home and other occasions.
",https://www.bazic.com/cdn/shop/files/716_4a02925e-02b4-4974-b538-e2af294f212d.jpg?v=1759291671&width=1920,https://www.bazic.com/products/2-the-first-jumbo-premium-yellow-pencil-4-pack?_pos=1&_sid=2a17643d6&_ss=r,,,
764608002094,Assorted Color Round Push Pins (80/Pack),"PRODUCT DETAILS
RELIABLE & REUSABLE. 80-counts per pack. Measure 3/4 inch long 0.35"" diameter plastic head. Made of stainless steel metal ensure sharp, durable, and long lasting use. Keep your desk neat and organize.
TACKLE ANY TASK. StandardSize pushpin with a strong 3/8-inch ground steel point. Roundhead for easy insert and removal. Accompanying lightweight & convenient plastic container.
SECURE PAPERWORK. Pushpins to tack documents, fastening papers, photos, message note on walls, bulletin board, cork boards, calendars, foam board, poster boards
PROFESSIONAL. Assorted colors for eye-catching appeal. Adding fun to your work environment, yet plain design maintains professionalism. Marking locations on the map, decorate on wall, calendars.
PERFECT DEAL. Colored pins are perfect addition to your thumbtack office accessories. Available in bulk school and office supplies, retail and wholesale to save your costs.
",https://www.bazic.com/cdn/shop/files/209.jpg?v=1758859617&width=1920,https://www.bazic.com/products/assorted-color-round-push-pins-80-pack?_pos=1&_sid=e1dca1b4e&_ss=r,,,
764608007396,Diamante 0.5 mm Mechanical Pencil w/ Grip (3/Pack),"PRODUCT DETAILS

DIAMANTE 0.5MM MECHANICAL PENCIL. Each pack includes 3 pencils with 0.5mm lead, cushion grip provides extra comfort. Useful product for drawing or writing. Comes in assorted color; Actual Colors May Vary!
TIPSize. Features 0.5mm lead that creates ultra-precise, clean lines that support neat penmanship. Most importantly, the pencil never requires sharpening which is highly beneficial for the users.
REFILLABLE & RETRACTABLE. Mechanical Pencil is refillable with standard 0.5mm HB Lead Refill. The retractable tip, minimizes the chance for accidental pokes and breaks while the pencil is not in use.
QUALITY. The mechanical pencils HB hardness lead is equivalent to a #2 wooden pencil. Therefore, these leads are perfectly suitable for various types of needs. Eraser top included for convenience.
WIDE APPLICATION. Designed to accommodate young writers of all ages, these mechanical pencils are great for student, school, college, beginners and more! Suitable for all general writing applications.
",https://www.bazic.com/cdn/shop/files/736.jpg?v=1758937417&width=1920,https://www.bazic.com/products/diamante-0-5-mm-mechanical-pencil-w-grip-3-pack?_pos=1&_sid=d1115be17&_ss=r,,,
764608012451,Black Fine Tip Permanent Markers w/ Pocket Clip (8/Pack),"PRODUCT DETAILS
PERFECT FOR YOUR CREATIVE. Durable tip lasts even after writing on rough surfaces. Perfect for all uses: executives, teachers, kids, students at home, work, and school
VERSATILE FINE TIP. These fine point markers are able to create thin lines for detailed works of art. Bright colors can create eye-popping and vibrant impression
NO MORE SMEARS. Our ink pigment is made with smear-proof and quick-drying. This item is safe for use for the intended purposes and conforms to ASTM D-4236
FAST DRYING ON DIFFERENT SURFACE. Can be used on paper, metal, glass, wood, photos, coated paper, and even on rough surfaces
UNLIMITED USES. Ideal for drawing, writing, coloring, scrap booking, doodling, detailed marks, and more. Ink is waterproof, smear-proof, and fade-resistant
",https://www.bazic.com/cdn/shop/files/1295.jpg?v=1758858940&width=1920,https://www.bazic.com/products/black-fine-tip-permanent-markers-w-pocket-clip-8-pack?_pos=1&_sid=527d9d312&_ss=r,,,
764608060117,"8.5"" X 11"" Dry Erase / Cork Combo Board w/ Marker","PRODUCT DETAILS
PORTABLE PAD. Half with fine grain cork surface, another half with dry erase board. Quality and Sturdy Frame. This learning board is great for writing, math practice, drawing, doodling, and more!
MULTIPURPOSE. This lightweight corkboard is great for use push pins, thumb tacks or map pins to pin all of your notes, messages, pictures, memos, calendars, menus, and reminders on the corkboards.
VERSATILE. Whiteboard is made of smooth surface standard laminated paperboard. Easy to write with, taking notes, memos, drawing, and scheduling. Perfect use in kitchen, fridge, office, desk, locker.
EASY TO CLEAN. Quality and Sturdy Frame. Using boards eraser or microfiber cleaning cloth. Adding some water or dry erase cleaner can help to clean the lapboard easily.
ENDORSED BY TEACHER & PARENTS. Ideal for kids and students to use at home and school with dry erase markers. Great educational toy and a fun drawing board. Perfect holiday gift for children!
",https://www.bazic.com/cdn/shop/files/6030_Board.jpg?v=1758855941&width=1920,https://www.bazic.com/products/8-5-x-11-dry-erase-cork-combo-board-w-marker?_pos=1&_sid=1784d2baf&_ss=r,,,
764608007105,Metro 0.7 mm Mechanical Pencil w/ Ceramics High-Quality Lead,"PRODUCT DETAILS

PRECISE 0.7MM. Offers consistent and sharp writing, perfect for detailed work, note-taking, drawing, and sketching. 2B hardness equivalent to number 2 pencils to use for school standardized exams
CUSHION GRIP. Designed with user comfort in mind, the pencil comes with a cushion grip that provides a soft hold. This grip minimizes hand fatigue, making it comfortable to use for extended periods
CERAMIC 2B LEAD REFILLS. Includes 0.7mm 2B ceramic lead refills, known for its smoothness and durability, for a more reliable writing experience with these lead pencils; barrel comes in assorted colors
POCKET CLIP. Equipped with a convenient pocket clip, making it easy to carry and access on the go. Attach the lead pencil to your pocket, notebook, or clipboard, ensuring it is always within reach
WIDE APPLICATION. Designed to accommodate all ages, these mechanical pencils are great for students, teacher, school, college, beginners and more! Suitable for all general writing applications
",https://www.bazic.com/cdn/shop/files/710_385e4f53-8030-4fca-a703-55bbd085f7a0.jpg?v=1760113290&width=1920,https://www.bazic.com/products/metro-0-7-mm-mechanical-pencil-w-ceramics-high-quality-lead?_pos=1&_sid=5f32177e0&_ss=r,,,
764608170649,Frizz Blue Erasable Gel Pen (2/Pack),"PRODUCT DETAILS
ERASABLE GEL INK. Enjoy erasable blue gel ink with built-in erasers for instant corrections. Write smoothly and erase cleanly so notes stay flawless, while ink becomes permanent over time for lasting results.
EASY ERASING. Built-in eraser lets you correct mistakes instantly without damaging paper, making it simple to keep your work neat and organized in any setting.
SMOOTH APPLICATION. Durable 0.7mm medium tip creates precise, consistent lines for clear writing. High-quality construction delivers smooth ink flow and reliable results for daily use.
SMEAR-FREE. Smear-free ink flow prevents unwanted smudges, so you can enjoy crisp, clean writing every time. Perfect for students and professionals who value neat, high-quality notes.
IDEAL USE. Perfect for schoolwork, office notes, journaling, and art projects, these erasable pens boost productivity and creativity, making every writing task easier and more enjoyable.
",https://www.bazic.com/cdn/shop/files/17101.jpg?v=1759797425&width=1920,https://www.bazic.com/products/frizz-blue-erasable-gel-pen-2-pack?_pos=1&_sid=307d37660&_ss=r,,,
764608005484,Alphabet Sticker Book,"PRODUCT DETAILS
VARIOUS DESIGNS. Over 600 assorted stickers per pack. Approved by teachers and parents. Variety of font format with rainbow color, you will find the right sticker for everyone!
QUALITY PRINTING. Fun designs suitable for every occasion! All girls, boys, and you will also love it too! Form letter, words or sentence: Happy Birthday, Merry Christmas or other sentences.
SAFE TO USE. Non Toxic. Easily apply mini stickers on pencil case, calendar, notebooks, scrapbook, etc. Made with quality paper, featuring bright colors, high definition printing.
FUN LEARNING. Practical interactive manner of keeping your classroom interested and enthusiastic. Keep your kids paying attention and make learning fun with amazing motivational stickers for students!
MULTIPURPOSE. For children to study alphabet, stick on scrapbooking, craft projects. Decorations for your home and classroom, thank you card, greeting or holiday cards, gift box, or envelope.
",https://www.bazic.com/cdn/shop/files/3872.jpg?v=1758855539&width=1920,https://www.bazic.com/products/alphabet-sticker-book?_pos=1&_sid=9ac96db65&_ss=r,,,
764608038253,"1"" Multicolor Alphabet & Numbers Stickers (346/Pack)","PRODUCT DETAILS
STICK AROUND. Alphabet & Number Stickers Made of premium paper. Each measure 1 x 0.5 inch. Includes numerals 0 to 9 and letters A to Z. Also includes commas, apostrophes, semi-colons and more!
FUN EDUCATION. Designed and approved by teachers and parents. Brightly colored and shiny makes items stand out in the group. Adding name sticker on item helps identify own personal stuff.
POP YOUR PROJECT. This set of colorful letter number stickers can be a great decoration: scrapbooks, greeting cards, envelope, gift box, classroom parties, birthday party, and creative crafts.
SELF ADHESIVE. Great for DIY meaningful sentences, such as Happy Birthday, Merry Christmas, Happy Father's Day, Happy New Year and more interesting sentences. All ages will love them.
IDEAL GIFT. No matter is girls or boys, they will love it. It also can be a game that teaches identify colours, encourage them to express their creativity.
",https://www.bazic.com/cdn/shop/files/3825.jpg?v=1758858405&width=1920,https://www.bazic.com/products/1-multicolor-alphabet-numbers-stickers-346-pack?_pos=1&_sid=a22f299cf&_ss=r,1,0.5,
764608038246,"1"" Multicolor Alphabet & Numbers Stickers (346/Pack)","PRODUCT DETAILS
STICK AROUND. Alphabet & Number Stickers Made of premium paper. Each measure 1 x 0.5 inch. Includes numerals 0 to 9 and letters A to Z. Also includes commas, apostrophes, semi-colons and more!
FUN EDUCATION. Designed and approved by teachers and parents. Brightly colored and shiny makes items stand out in the group. Adding name sticker on item helps identify own personal stuff.
POP YOUR PROJECT. This set of colorful letter number stickers can be a great decoration: scrapbooks, greeting cards, envelope, gift box, classroom parties, birthday party, and creative crafts.
SELF ADHESIVE. Great for DIY meaningful sentences, such as Happy Birthday, Merry Christmas, Happy Father's Day, Happy New Year and more interesting sentences. All ages will love them.
IDEAL GIFT. No matter is girls or boys, they will love it. It also can be a game that teaches identify colours, encourage them to express their creativity.
",https://www.bazic.com/cdn/shop/files/3825.jpg?v=1758858405&width=1920,https://www.bazic.com/products/1-multicolor-alphabet-numbers-stickers-346-pack?_pos=1&_sid=147e76903&_ss=r,1,0.5,
764608038048,Assorted Color Foil Star Label (660/Pack),"PRODUCT DETAILS
METALLIC STICKER. Metal foli assorted color stars label. Avaliable in 5 colors: SIlver, Red, Blue, Green ,Yellow. Permanent Adhesive. Measure: 1/2"" x 1/2"". Total 660 labels per pack.
STICK ON MOST SURFACES. Smooth gloss finish labels paper sticks to metal, plastic, glass, tin, paper, cardboard, cards, laminated documents, or any flat surface.
MULTIPURPOSE. Ideal for making holiday cards or greeting card. Form letter, words or sentence: Happy Birthday, Merry Christmas or other intresting sentences.
RELIABLE. There are an infinite amount of uses for our multi-purpose labels. Highly customizable labels allows you to showcase a professional presentation for any purpose.
BULK DEAL. Available in bulk packs for office and school supplies to save your costs. Great for arts and crafts, scrapbooking, or school project. Encougrage your little one to create artwork with stickers.
",https://www.bazic.com/cdn/shop/files/3804.jpg?v=1758847905&width=1920,https://www.bazic.com/products/assorted-color-foil-star-label-660-pack?_pos=1&_sid=bbb8047a2&_ss=r,2,1,
764608040010,Key Tags with Holder & Label Window (6/Pack),"PRODUCT DETAILS
ASSORTED COLORS. Key tags come in 6 assorted colors of White, Blue, Pink, Green, Yellow and Purple. Great colors for identifying different keys for different locks.
EASY USE. The key tag is easy to disassemble. Paper insert can be taken out without removing the ring, just need to simply flap the cover open and take out the paper to write.
QUALITY. These tags are very useable and are made of polypropylene which is reusable, durable and lightweight. The plastic cover protects the insert inside from getting wet and dirty.
DESIGN. The rounded corners are used around the product, which is smooth and does not hurt people. It is safer and more reliable to use. Labels are readable from both sides of the tag.
WIDE APPLICATION. These tags are perfect for labeling keys, backpacks, lunchboxes, jackets, luggage, USB drives, and more—ideal for organizing and identifying personal items easily.
",https://www.bazic.com/cdn/shop/files/4004_6qq93c.jpg?v=1771448594&width=1920,https://www.bazic.com/products/key-tags-with-holder-label-window-6-pack?_pos=1&_sid=6150edbe8&_ss=r,,,
764608082010,#6 3/4 Self-Seal Security Envelopes (55/Pack),"PRODUCT DETAILS

#6-3/4 SECURITY ENVELOPES. These 3 5/8"" x 6 1/2"" inch envelopes are designed with security print to protect contents and sensitive information, perfect for protecting sensitive information from others.
SECURE. Just peel and seal to create a strong lasting seal without licking or moistening. Our self seal design is quick and easy and is guaranteed to stay sealed with no need for tape or glue sticks.
WINDOWLESS DESIGN. Envelopes manufactured with a windowless front panel for easy printing, labeling or hand-addressing, perfect for quick, mass business mailings.
WHITE 20LB STOCK. Perfect for everyday business use, these standard white envelopes are crafted of heavy, durable 20lb paper and securely holds hefty files during transit.
MULTI-PURPOSE. These envelopes can easily fit invoices, letters, checks, gift cards, etc. These envelopes can be used for virtually anything you need them for!
",https://www.bazic.com/cdn/shop/files/8201.jpg?v=1759294668&width=1920,https://www.bazic.com/products/6-3-4-self-seal-security-envelopes-55-pack?_pos=1&_sid=c4523a035&_ss=r&variant=48148813578492,8,6,
764608082003,#6 3/4 Self-Seal White Envelopes (65/Pack),"PRODUCT DETAILS
#6-3/4 SELF-SEAL WHITE ENVELOPES. These 3 5/8"" x 6 1/2"" inch self-sealing envelopes are designed to save your time and money. Helps you fly through mailings in record time.
SECURE. Just peel and seal to create a strong lasting seal without licking or moistening. Our self seal design is quick and easy and is guaranteed to stay sealed with no need for tape or glue sticks.
WINDOWLESS DESIGN. Envelopes manufactured with a windowless front panel for easy printing, labeling or hand-addressing, perfect for quick, mass business mailings.
WHITE 20LB STOCK. Perfect for everyday business use, these standard white envelopes are crafted of heavy, durable 20lb paper and securely holds hefty files during transit.
MULTI-PURPOSE. These envelopes can easily fit invoices, letters, checks, gift cards, etc. These envelopes can be used for virtually anything you need them for!
",https://www.bazic.com/cdn/shop/files/8200.jpg?v=1758863439&width=1920,https://www.bazic.com/products/6-3-4-self-seal-white-envelopes-65-pack?_pos=1&_sid=b759ad217&_ss=r&variant=48148812333308,8,6,
764608031087,Top Loading 9-Pockets Trading Card Holders (100/Pack),"PRODUCT DETAILS
9 POCKET. With a sheet size of 8.75"" x 11.75"" and individual pocket dimensions of 3.6"" x 2.7"", each sleeve boasts nine pockets to suit your collection needs. Will fit standard 3.5"" x 2.5"" sized cards. PVC free.
TOP-LOADING. Our card holder sleeves feature a convenient top-loading design, allowing you to effortlessly slide your cards in and out without the need to remove the entire sleeve.
BINDER-READY. These sleeves are pre-punched with 11 holes, ensuring they effortlessly fit into any standard binder, making organization and access to your cards a breeze.
TRANSPARENT DESIGN. The transparent sleeves ensure that your cards' details remain fully visible and legible without having to take them out. Cards stay safe and protected from fading and staining over time.
VERSATILE. These standard weight sleeves are perfect for a wide range of applications, from organizing your business cards to protecting your trading photo cards, making them a versatile and practical solution.
",https://www.bazic.com/cdn/shop/files/2100.jpg?v=1758861810&width=1920,https://www.bazic.com/products/top-loading-9-pockets-trading-card-holders-100-pack?_pos=1&_sid=39fb30c75&_ss=r,8.75,11.75,
764608001127,Steel Top Multipurpose Cutter,"PRODUCT DETAILS
RELIABLE & DURABLE. Retractable snap-off utility knife is sturdy and strong as it has stainless steel blades of high quality and ergonomic handle. Cut sharp and rust resistance.
COMFORTABLE GRIP. Professional box knives feature contoured handles to ensure strength, comfort, and maximum productivity. Suitable for office, school, warehouse, shipping, home improvement, hobby
LOCKING MECHANISM. Furnished with one 18 mm knife blade. Prevent blade slipping with the safety lock tab. Always keep your blade fresh and sharp by snapping off the blade for a new sharp cutting tip
MULTIUSE. Cutting moving boxes, carton, carpet, leather, cardboard, rubber, fabric, wallpapers, paper, tape, plastic, foam board, DIY, art and craft projects, and more.
EFFICIENCY. 13-position slide exposes variable cutters length. Easy load the next razor, always working with the sharpest edge. Compatible with 18mm refills blade. ASIN: B003BSDG4K
",https://www.bazic.com/cdn/shop/files/139.jpg?v=1758847343&width=1920,https://www.bazic.com/products/steel-top-multipurpose-cutter?_pos=1&_sid=e51cbacc2&_ss=r,,,
764608007907,Polaris 0.7 mm Mechanical Pencil w/ Ceramics High-Quality Lead,"PRODUCT DETAILS
POLARIS 0.7MM MECHANICAL PENCIL. BAZIC's Polaris 0.7mm Mechanical Pencil w/ Ceramics High-Quality Lead is a useful product for drawing or writing. Comes in assorted color
TIPSize. Features 0.7mm lead that creates ultra-precise, clean lines that support neat penmanship. Most importantly, the pencil never requires sharpening which is highly beneficial for the users.
QUALITY. The mechanical pencils high polymer 2B lead allows for dynamic writing and sketching, while the 0.7mm lead width produces bold, expressive lines. Eraser top included for convenience.
DESIGN. Mechanical Pencil is refillable with standard 0.7mm HB Lead Refill. The retractable tip, minimizes the chance for accidental pokes and breaks while the pencil is not in use.
WIDE APPLICATION. Designed to accommodate young writers of all ages, these mechanical pencils are great for student, school, college, beginners and more! Suitable for all general writing applications.
",https://www.bazic.com/cdn/shop/files/733_usn4jm.jpg?v=1765585104&width=1920,https://www.bazic.com/products/polaris-0-7-mm-mechanical-pencil-w-ceramics-high-quality-lead?_pos=1&_sid=61f77285e&_ss=r,,,
764608038079,"1"" X 2 5/8"" White Address Labels (300/Pack)","PRODUCT DETAILS

VERSATILE. Each label measure 2 5/8"" x 1"". Total 300 labels per pack. Perfect for address, manila file folders, organize office, priority messaging, color-coding, identification, announcements, etc.
SHIP WITH CONFIDENCE. Strong self adhesive backing resist peeling, tearing, or slipping. Permanent adhesive hold fast to envelopes, cardboard, paper, plastic, glass, tin, metal, and polybags.
RELIABLE. Preventing misalignments and jams. Compatible with laser & inkjet printer. Print clear text and crisp graphics without smearing or smudging. Download template here.

EASY TO USE. Template available at: https://bit.ly/3BPMGYp. Rounded corners make it more convenient to peel. Simply bend the sticker sheet to expose the Pop-up Edge, peel off your stickers and apply.
MULTIPURPOSE. White matte surface, perfect for printing FBA labels, Barcode, Name, Address, UPC Code. Suitable for business, shipping, mailing, postage, office, school, and home.
",https://www.bazic.com/cdn/shop/files/3818.jpg?v=1758848036&width=1920,https://www.bazic.com/products/1-x-2-5-8-white-address-labels-300-pack?_pos=1&_sid=60c2bca77&_ss=r,8,1,
764608005354,Division Flash Cards (36/Pack),"PRODUCT DETAILS

MATH SKILL DEVELOPMENT. These 3 1/8"" x 4 5/8"" inch flashcards will help teachesbasic math calculation.
VALUE PACK. Features 36 cards in a pack. Colorful numbers, letters, or pictures adding excitement for games. Great group activities in the classroom and at home.
FUN EDUCATING. Learning is fun with this amazing flashcard. Build recognition skills at any time and anywhere. Building mathematic has never been so much fun!
APPROVED BY TEACHER. This set is perfect for honing early math skills while reinforcing calculation techniques at any age.
BAZIC also offers educational flashcards such as: Addition, Subtraction, Multiplication, Division, Alphabet, and Color cards. Perfect for classroom activity to practice math.
",https://www.bazic.com/cdn/shop/files/535_d40616ef-4ab3-4d7e-9094-a8d807d3560c.jpg?v=1760731092&width=1920,https://www.bazic.com/products/division-flash-cards-36-pack?_pos=1&_sid=a6521d775&_ss=r,8,4,
764608002513,"1"" Brass-Plated Fasteners (100/Pack)","PRODUCT DETAILS
RELIABLE & REUSABLE. Fastener shafts measures 1 inch long with 1 cm diameter head. The brass plating enhances the aesthetic appeal and adds extra protection, making these fasteners more durable and ideal for long-term use.
SECURE PAPERWORK. Designed for convenience, these fasteners feature a quick and hassle-free application. The well-defined pointed shafts make piercing papers simple and effortless.
PERFECT COMPATIBILITY. Fasteners fit standard hole punches and a range of paper sizes. Seamlessly integrate them into your existing office supplies making them a top choice for everyday use.
PROFESSIONAL. Brass plating and round-head design adds a professional and polished appearance to documents. The elegant finish makes them great for presentations, reports, and other professional documents.
VERSATILE. Our fasteners are versatile tools for staying organized but also great for art and crafts. They offer flexibility for binding loose papers, creating booklets, scrapbooks, and much more.
",https://www.bazic.com/cdn/shop/files/251.jpg?v=1758862122&width=1920,https://www.bazic.com/products/1-brass-plated-fasteners-100-pack?_pos=1&_sid=c745bfde9&_ss=r,,,
764608005323,Multiplication Flash Cards (36/Pack),"PRODUCT DETAILS

MATH SKILL DEVELOPMENT. These 3 1/8"" x 4 5/8"" inch flashcards will help teach your child basic math calculation.
VALUE PACK. Features 36 cards in a pack. Colorful numbers, letters, or pictures adding excitement for games. Great group activities in the classroom and at home.
FUN EDUCATING. Learning is fun with this amazing flashcard. Build your children's recognition skills at any time and anywhere. Building your child's mathematic has never been so much fun!
APPROVED BY TEACHER. This set is perfect for honing early math skills while reinforcing calculation techniques at any age.
BAZIC also offers educational flashcards such as: Addition, Subtraction, Multiplication, Division, Alphabet, and Color cards. Perfect for preschool, elementary school kids.
",https://www.bazic.com/cdn/shop/files/534_6efada76-4134-477e-9408-04f00bef0668.jpg?v=1760565828&width=1920,https://www.bazic.com/products/multiplication-flash-cards-36-pack?_pos=1&_sid=ab3024a88&_ss=r,8,4,
764608005491,Multiplication Flash Cards (36/Pack),"PRODUCT DETAILS

MATH SKILL DEVELOPMENT. These 3 1/8"" x 4 5/8"" inch flashcards will help teach your child basic math calculation.
VALUE PACK. Features 36 cards in a pack. Colorful numbers, letters, or pictures adding excitement for games. Great group activities in the classroom and at home.
FUN EDUCATING. Learning is fun with this amazing flashcard. Build your children's recognition skills at any time and anywhere. Building your child's mathematic has never been so much fun!
APPROVED BY TEACHER. This set is perfect for honing early math skills while reinforcing calculation techniques at any age.
BAZIC also offers educational flashcards such as: Addition, Subtraction, Multiplication, Division, Alphabet, and Color cards. Perfect for preschool, elementary school kids.
",https://www.bazic.com/cdn/shop/files/534_6efada76-4134-477e-9408-04f00bef0668.jpg?v=1760565828&width=1920,https://www.bazic.com/products/multiplication-flash-cards-36-pack?_pos=1&_sid=ab3024a88&_ss=r,8,4,
764608005330,Multiplication Flash Cards (36/Pack),"PRODUCT DETAILS

MATH SKILL DEVELOPMENT. These 3 1/8"" x 4 5/8"" inch flashcards will help teach your child basic math calculation.
VALUE PACK. Features 36 cards in a pack. Colorful numbers, letters, or pictures adding excitement for games. Great group activities in the classroom and at home.
FUN EDUCATING. Learning is fun with this amazing flashcard. Build your children's recognition skills at any time and anywhere. Building your child's mathematic has never been so much fun!
APPROVED BY TEACHER. This set is perfect for honing early math skills while reinforcing calculation techniques at any age.
BAZIC also offers educational flashcards such as: Addition, Subtraction, Multiplication, Division, Alphabet, and Color cards. Perfect for preschool, elementary school kids.
",https://www.bazic.com/cdn/shop/files/534_6efada76-4134-477e-9408-04f00bef0668.jpg?v=1760565828&width=1920,https://www.bazic.com/products/multiplication-flash-cards-36-pack?_pos=1&_sid=047ad6b02&_ss=r,8,4,
764608031254,"100 Ct. Fashion Poly Cover 3"" x 5"" Ruled White Index Card w/ Ring","PRODUCT DETAILS

POLY COVER: Designed with a poly front cover, these index cards are built to keep your notes safe, whether in class, at work, or on the go; Cute assorted floral designs make it easy to differentiate notecards
ELASTIC BAND: Elastic band ensures that all your note cards stay neatly in one place by preventing any loose cards from slipping out or getting lost, perfect for keeping notes ready and easy to access
STURDY RING; Notecards with ring holds index card together in one place so you can quickly flip through without them getting scattered or disorganized; perfect for quick reference and study sessions
RULED LINES: Flashcards are lined on one side and blank on other, allowing you space to maintain structured notes; great flashcards for studying, to-do lists, recipes, presentations, notes and more
COMPACT: Sized to fit in your pocket, backpack, or purse, these index cards are a versatile, essential tool for jotting down reminders, organizing ideas, or crafting study aids for class or work
",https://www.bazic.com/cdn/shop/files/576.jpg?v=1758862810&width=1920,https://www.bazic.com/products/100-ct-fashion-poly-cover-3-x-5-ruled-white-index-card-w-ring?_pos=1&_sid=15c4b2dc6&_ss=r&variant=48148797882620,,,
764608031827,"3"" X 5"" Index Card Case w/ 5-Tab Divider","PRODUCT DETAILS
FUNCTIONAL. Measure: 5.25"" x 3.5""x 1"". Holds 3"" x 5"" sized cards and fits up to 100 cards. Ideal for storing index cards, business cards, filing notes, flashcards, addresses, photos, coupon.
COLORED DIVIDER. This compact holder comes with 5 tab dividers with color sticker tabs that stand out immediately for fingertip referencing. Whether you need to categorize information or create sections for different subjects, the dividers provide a customizable and structured system.
HIGH QUALITY. Made of BPA-free & Non-toxic PP plastic boxes resists wear, tear, and moisture. Snap closure keeps contents secure. Adhesive label tab for classifying and finding things faster.
BRILLIANT DESIGN. Box available in 6 colors: Black, White, Blue, Pink, Green, Purple. Available for purchase in bulk to help save your costs.
NEAT & ORGANIZED. A versatile storage solution for your home and business organizing needs. Small size to carry in backpack, purse, or briefcase. Easy archive notes and contact information.
",https://www.bazic.com/cdn/shop/files/3182.jpg?v=1758855789&width=1920,https://www.bazic.com/products/3-x-5-index-card-case-w-5-tab-divider?_pos=1&_sid=5a283c613&_ss=r,5.25,3.5,1
764608005200,"100 Ct. 4"" X 6"" Ruled White Index Card","PRODUCT DETAILS
PACKAGE INCLUDES. Ruled white index cards come with 100 sheets in total per pack. Index cards have a ruled front and plain back. Size: 4"" x 6"" inch - 10.16 cm x 15.24 cm
STAY ORGANIZED. Index cards are great at helping you stay organized whether it's at home, school or the office! They will always be convenient to have on hand.
QUALITY. Made out of GSM Paper. Index cards are a great tool for studying and enhancing memorization! They're easy to write on using pens, markers, pencils.
DESIGN. These white index cards are ruled on one side making it easy to write in neat, straight rows for note-taking. While the blank back is great for flash cards for studying.
WIDE APPLICATION. Perfect for home, school and office use. Ideal for creating to-do lists, studying cards, personal statement, presentation cards, quick reminders, receipt cards, and much more!
",https://www.bazic.com/cdn/shop/files/1-557.jpg?v=1762382088&width=1920,https://www.bazic.com/products/100-ct-4-x-6-ruled-white-index-card?_pos=1&_sid=3f944c2a2&_ss=r,4,6,
764608040027,Key Tags with Holder & Label Window (6/Pack),"PRODUCT DETAILS
ASSORTED COLORS. Key tags come in 6 assorted colors of White, Blue, Pink, Green, Yellow and Purple. Great colors for identifying different keys for different locks.
EASY USE. The key tag is easy to disassemble. Paper insert can be taken out without removing the ring, just need to simply flap the cover open and take out the paper to write.
QUALITY. These tags are very useable and are made of polypropylene which is reusable, durable and lightweight. The plastic cover protects the insert inside from getting wet and dirty.
DESIGN. The rounded corners are used around the product, which is smooth and does not hurt people. It is safer and more reliable to use. Labels are readable from both sides of the tag.
WIDE APPLICATION. These tags are perfect for labeling keys, backpacks, lunchboxes, jackets, luggage, USB drives, and more—ideal for organizing and identifying personal items easily.
",https://www.bazic.com/cdn/shop/files/4004_6qq93c.jpg?v=1771448594&width=1920,https://www.bazic.com/products/key-tags-with-holder-label-window-6-pack?_pos=1&_sid=ce0c6bb71&_ss=r,,,
764608040034,Key Tag with Label Window (8/Pack),"PRODUCT DETAILS
ASSORTED COLORS. Key tags come in 5 assorted colors of Red, Yellow, Green, Blue and Black. Great colors for identifying different keys for different locks.
QUALITY. These tags are very useable and the plastic cover is very flexible and durable. The plastic cover protects the insert inside from getting wet and dirty.
EASY USE. 2 ways to remove paper; Remove the metal key ring, slide the label and plastic cover out. You can also just bend the slit on the back, slide the label and plastic cover out with your thumb.
DESIGN. Each tag comes with a white label so you can write on and there is a plastic cover so ink doesn't fade. Key ring blocks label and plastic cover from slipping out.
WIDE APPLICATION. These tags are perfect for labeling keys, backpacks, lunchboxes, jackets, luggage, USB drives, and more—ideal for organizing and identifying personal items easily.
",https://www.bazic.com/cdn/shop/files/4003_es52s0.jpg?v=1771448595&width=1920,https://www.bazic.com/products/key-tag-with-label-window-8-pack?_pos=1&_sid=d3c6bd800&_ss=r,,,
764608038024,"1"" X 2 5/8"" White Address Labels (300/Pack)","PRODUCT DETAILS

VERSATILE. Each label measure 2 5/8"" x 1"". Total 300 labels per pack. Perfect for address, manila file folders, organize office, priority messaging, color-coding, identification, announcements, etc.
SHIP WITH CONFIDENCE. Strong self adhesive backing resist peeling, tearing, or slipping. Permanent adhesive hold fast to envelopes, cardboard, paper, plastic, glass, tin, metal, and polybags.
RELIABLE. Preventing misalignments and jams. Compatible with laser & inkjet printer. Print clear text and crisp graphics without smearing or smudging. Download template here.

EASY TO USE. Template available at: https://bit.ly/3BPMGYp. Rounded corners make it more convenient to peel. Simply bend the sticker sheet to expose the Pop-up Edge, peel off your stickers and apply.
MULTIPURPOSE. White matte surface, perfect for printing FBA labels, Barcode, Name, Address, UPC Code. Suitable for business, shipping, mailing, postage, office, school, and home.
",https://www.bazic.com/cdn/shop/files/3818.jpg?v=1758848036&width=1920,https://www.bazic.com/products/1-x-2-5-8-white-address-labels-300-pack?_pos=1&_sid=b0c91d41c&_ss=r,8,1,
764608008508,Basix Multipurpose Utility Box,"PRODUCT DETAILS

UTILITY BOX. Made of BPA-free & Non-toxic PP plastic. Lid design allows for stacking of multiple cases for better space utilization. Measure: 7.75"" x 4.75"" x 2"". Carry in backpack or store in drawer.
FUNCTIONAL. Perfect for students storing crafting, school supplies, and small items. Featuring snap lid, simply press the latch down toward the case for the mechanism to lock as designed.
BRILLIANT DESIGN. Assorted Colors. Clear and transparent design keeps contents visible. Allows you to see through the box to easily locate items. Available in bulk school supplies to save your costs.
SIMPLE STORAGE. Great gift for young kids for organizing training. Keep everything in their own box so they won't miss anything. Each children get a case to maintain health and hygiene without sharing
KEEP DESK NEAT. Ideal for office for organizing items like pens, pencils, crayon, markers, whiteout, highlighter, staples, business card, checks, receipt, makeup, painting accessories, and more.
",https://www.bazic.com/cdn/shop/files/846_c0431a42-c39e-4d34-90cf-5fd61dadad0e.jpg?v=1759288757&width=1920,https://www.bazic.com/products/basix-multipurpose-utility-box?_pos=1&_sid=d1ae21a1a&_ss=r,7.75,4.75,2
764608013014,Magnetic Locker Mirror,"PRODUCT DETAILS

MAGNETIC MIRROR. Sturdy magnets hold the mirror to the inside of a locker or onto other smooth metal surfaces such as a refrigerator. Mirror is framed in popular bright colors. Size: 5.5"" x 7"")
QUALITY. Locker mirror is made with a durable reflective acrylic that is shatterproof and virtually indestructible. Polished frame edges are smooth to the touch to prevent cuts and scratches.
EASY TO USE. All mirrors come with a protective cover. Remove prior to use by opening the mirror from the side and peel off the protection, after removed put back together and it's ready to go!
PERFECT MIRROR. Great accessory for school, college students, sports players and on the go travelers. Locker mirror is perfect for fixing your make-up and hair in-between classes or after the gym.
PORTABLE. Magnetic Mirror is portable to keep in your bag while traveling. Rounded corners for safety and wont tear your bag. See yourself at all angles with this portable mirror!
",https://www.bazic.com/cdn/shop/files/1301.jpg?v=1758941534&width=1920,https://www.bazic.com/products/magnetic-locker-mirror?_pos=1&_sid=b2b9ac3a4&_ss=r,5.5,7,
764608027073,2x Magnifier Sets (3/Pack),"PRODUCT DETAILS
SET. Comes with 3 magnifiers; 1 3/4"" and 2 1/2"" magnifiers come with sturdy frame and plastic handles, and 2"" magnifier comes with a rotated hinge plastic protector. SmallSizes for easy carrying.
ROUND MAGNIFIERS. These magnifiers all provide 2X magnification, allowing users with low vision to read text, no matter theSize. Recommended for teachers and home scholars.
HIGH QUALITY LENS. Our sturdy magnifying glass is made with a scratch resistant and shatterproof acrylic lens so it's going to last you a long, long time!
DISTORTION FREE. Distortion free optical grade lens provide years of reliability. Optimal to enhance reading and viewing very fine details in books, newspapers, maps and more!
VARIOUS USAGE. Great for reading, close observation for items like insects, stamps, coins, coupons, prescriptions and also a great choice for those with low or impaired vision of most types.
",https://www.bazic.com/cdn/shop/files/2707.jpg?v=1758848067&width=1920,https://www.bazic.com/products/2x-magnifier-sets-3-pack?_pos=1&_sid=401bd1892&_ss=r,,,
764608004524,Student Math Tool Sets,"PRODUCT DETAILS
MATH GEOMETRY KIT 11 PIECES. 180 degree semicircular protractor + Compass with 0.7 mm mechanical pencil + 30/60/90 Degree Triangle Ruler+ 45/90 Degree Triangle Rulers + Ruler 6"" (15 cm) + Lead Fill + Eraser + Sharpener + Wood Pencil + Portable Transparent Case
STURDY & ACCURACY. Easy draw & adjust legs. Metal point & easy grip top control draw circles up to 6"" in radius. Packaged in clear box to protect and keep tools in one place for carry in backpack
PERFECT ANGLES. Inch and centimeter. Perfect for precise drawings. Trace and draw the perfect angle, circumferences, graphing, and design with our easy-to-use compasses.
IDEAL DRAFTING. Includes mechanical pencil with secure lock allows quick adjustment as needed. Great for drawing arcs, circles, divide gauges, dividing line, line segments,Size measurement.
ALL LEVELS DESIGNED. Excellent for use in school, office, studio, or at home. The best drawing tool for teacher, students, artist, mathematician, carpenter, engineers, architecture, and designer
",https://www.bazic.com/cdn/shop/files/450.jpg?v=1758849053&width=1920,https://www.bazic.com/products/student-math-tool-sets?_pos=1&_sid=7e672dde0&_ss=r,,,
764608004517,Student Math Tool Sets,"PRODUCT DETAILS
MATH GEOMETRY KIT 11 PIECES. 180 degree semicircular protractor + Compass with 0.7 mm mechanical pencil + 30/60/90 Degree Triangle Ruler+ 45/90 Degree Triangle Rulers + Ruler 6"" (15 cm) + Lead Fill + Eraser + Sharpener + Wood Pencil + Portable Transparent Case
STURDY & ACCURACY. Easy draw & adjust legs. Metal point & easy grip top control draw circles up to 6"" in radius. Packaged in clear box to protect and keep tools in one place for carry in backpack
PERFECT ANGLES. Inch and centimeter. Perfect for precise drawings. Trace and draw the perfect angle, circumferences, graphing, and design with our easy-to-use compasses.
IDEAL DRAFTING. Includes mechanical pencil with secure lock allows quick adjustment as needed. Great for drawing arcs, circles, divide gauges, dividing line, line segments,Size measurement.
ALL LEVELS DESIGNED. Excellent for use in school, office, studio, or at home. The best drawing tool for teacher, students, artist, mathematician, carpenter, engineers, architecture, and designer
",https://www.bazic.com/cdn/shop/files/450.jpg?v=1758849053&width=1920,https://www.bazic.com/products/student-math-tool-sets?_pos=1&_sid=7e672dde0&_ss=r,,,
764608039991,Round 10-Mixing Palette,"PRODUCT DETAILS
EMBRACE YOUR CREATIVITY. Every artist needs the right set of supplies to create and flourish. You can be sure to find the colors, paints, and instruments you need to accomplish your artistic goals!
PERFECT EXPERIENCE. These lightweight paint palette trays offer the smoothest and brightest painting experience. Plus it is comfortable to hold, even for kids and younger children.
SAFE AND PRACTICAL. Made of environmentally friendly molded plastic, smooth surface, easy cleaning, and good anti-corrosive performance. 10 mixing space to provide more color-mixing opportunities.
MULTI-PURPOSE. Our round paint palette trays are perfect for holding acrylic paints, watercolor or oil. They are good for multiple uses such as painting, decorating cupcakes, nails and facials, etc.
BEST GIFT. Great present for artists, professional painters, amateurs, art students, kids, hobbyists, and craftsmen. Perfect for school projects in the classroom and at home!
",https://www.bazic.com/cdn/shop/files/3398.jpg?v=1758858830&width=1920,https://www.bazic.com/products/round-10-mixing-palette?_pos=1&_sid=f3c800dd8&_ss=r,,,
764608005347,Multiplication Flash Cards (36/Pack),"PRODUCT DETAILS

MATH SKILL DEVELOPMENT. These 3 1/8"" x 4 5/8"" inch flashcards will help teach your child basic math calculation.
VALUE PACK. Features 36 cards in a pack. Colorful numbers, letters, or pictures adding excitement for games. Great group activities in the classroom and at home.
FUN EDUCATING. Learning is fun with this amazing flashcard. Build your children's recognition skills at any time and anywhere. Building your child's mathematic has never been so much fun!
APPROVED BY TEACHER. This set is perfect for honing early math skills while reinforcing calculation techniques at any age.
BAZIC also offers educational flashcards such as: Addition, Subtraction, Multiplication, Division, Alphabet, and Color cards. Perfect for preschool, elementary school kids.
",https://www.bazic.com/cdn/shop/files/534_6efada76-4134-477e-9408-04f00bef0668.jpg?v=1760565828&width=1920,https://www.bazic.com/products/multiplication-flash-cards-36-pack?_pos=1&_sid=d57e7a82c&_ss=r,8,4,
764608005446,Numbers Flash Cards (36/Pack),"PRODUCT DETAILS
MATH SKILL DEVELOPMENT. These 3 1/8"" x 4 5/8"" inch flashcards will help teach your child basic math calculation.
VALUE PACK. Features 36 cards in a pack. Colorful numbers, letters, or pictures adding excitement for games. Great group activities in the classroom and at home.
FUN EDUCATING. Learning is fun with this amazing flashcard. Build your children's recognition skills at any time and anywhere. Building your child's mathematic has never been so much fun!
APPROVED BY TEACHER. This set is perfect for honing early math skills while reinforcing calculation techniques at any age.
BAZIC also offers educational flashcards such as: Addition, Subtraction, Multiplication, Division, Alphabet, and Color cards. Perfect for preschool, elementary school kids.
",https://www.bazic.com/cdn/shop/files/544_a4b9de20-c0e6-435c-8075-9cad10762674.jpg?v=1761074668&width=1920,https://www.bazic.com/products/numbers-flash-cards-36-pack?_pos=1&_sid=5f1d8549e&_ss=r,,,
764608003367,"100 Ct. 3"" X 5"" Ruled Colored Index Card","PRODUCT DETAILS
PACKAGE INCLUDES. Ruled index cards come in an assortment of colors with 100sheets in total per pack. Index cards have a ruled front and plain back.Size: 3""x5""inch- 7.6cm x 12.7cm
STAY ORGANIZED. Index cards are great at helping you stay organized whether it's at home, school or the office! They will always be convenient to have on hand. Different color for different occasions.
QUALITY. Made out of GSM Paper. Index cards are a great tool for studying and enhancing memorization! Even color code index cards by subject. They're easy to write on using pens, markers, pencils.
DESIGN. The assorted colored index cards are ruled on one side making it easy to write in neat, straight rows for note-taking. While the blank back is great for flash cards for studying.
WIDE APPLICATION. Perfect for home, school and office use. Ideal for creating to-do lists, studying cards, personal statement, presentation cards, quick reminders, receipt cards, and much more!
",https://www.bazic.com/cdn/shop/files/517A.jpg?v=1759290653&width=1920,https://www.bazic.com/products/100-ct-3-x-5-ruled-colored-index-card?_pos=1&_sid=242bf73be&_ss=r,3,5,
764608031056,Clear A4/Letter Size Zip Envelope,"PRODUCT DETAILS
FILE ORGANIZER. Made from high quality Polypropylene (PP) Plastic material. Safe & Non Toxic. Measure: 13"" x 9.3"". Expandable 1.5"" max. Single pocket. Fits both A4Size and Letter Size.
SECURITY & STYLISH. Protect your paperwork with waterproof and tear-resistant poly portfolio. Durable construction with 0.18 mm thickness spectrums for long lasting use.
MULTI STORAGE. Organized your paper, important files, contract, sales report, presentation, receipt, checks, bills, documents, book, vouchers, card, paint work, homework, assignments.
VISIBLE IN TRANSLUCENT. Clear color folder bag allow checking the contents inside the file folders. Portfolios feature Zip Closure for quick access
PORTABLE. Simple elegant design with fashion, adding much fun to your work, study, travel, business trip, daily filing, and storing of papers. No need to worry important document get wet or scratched.
",https://www.bazic.com/cdn/shop/files/3187_3be780be-c897-4535-9e27-2eac0886b8ca.jpg?v=1759285109&width=1920,https://www.bazic.com/products/clear-a4-letter-size-zip-envelope?_pos=1&_sid=0d67d8cab&_ss=r,13,9.3,
764608031667,Clear A4/Letter Size Zip Envelope,"PRODUCT DETAILS
FILE ORGANIZER. Made from high quality Polypropylene (PP) Plastic material. Safe & Non Toxic. Measure: 13"" x 9.3"". Expandable 1.5"" max. Single pocket. Fits both A4Size and Letter Size.
SECURITY & STYLISH. Protect your paperwork with waterproof and tear-resistant poly portfolio. Durable construction with 0.18 mm thickness spectrums for long lasting use.
MULTI STORAGE. Organized your paper, important files, contract, sales report, presentation, receipt, checks, bills, documents, book, vouchers, card, paint work, homework, assignments.
VISIBLE IN TRANSLUCENT. Clear color folder bag allow checking the contents inside the file folders. Portfolios feature Zip Closure for quick access
PORTABLE. Simple elegant design with fashion, adding much fun to your work, study, travel, business trip, daily filing, and storing of papers. No need to worry important document get wet or scratched.
",https://www.bazic.com/cdn/shop/files/3187_3be780be-c897-4535-9e27-2eac0886b8ca.jpg?v=1759285109&width=1920,https://www.bazic.com/products/clear-a4-letter-size-zip-envelope?_pos=1&_sid=0d67d8cab&_ss=r,13,9.3,
764608031193,#10 Poly String Envelope (3/Pack),"PRODUCT DETAILS
ORGANIZER. 3-count per pack flap envelope with string closure. . Measure: 10.3"" x 5.25"". Expandable 1"" max. Made of durable polyester plastic. Safe & Non Toxic. Available in multiple colors.
SECURITY & STYLISH. Protect your paperwork with waterproof and tear-resistant poly portfolio. Durable construction with 0.18 mm thickness spectrums for long lasting use. Single pocket.
MULTI USE. Ideal for organizing small items like pens, pencils box, crayon, markers, whiteout, highlighter, business card, vouchers, checks, receipt, bill, flash cards, charging cords, USB cables.
SIMPLE STORAGE. Great gift for young kids for organizing training. Keep everything in their own bag so they won't miss anything. Each children get a pouch to maintain health & hygiene without sharing
PORTABLE. Clear bright color folder bag allow checking the contents inside the file folders. Great for work, study, travel, business trip, daily filing, Perfect for office, teacher, student, children.
",https://www.bazic.com/cdn/shop/files/3189.jpg?v=1758853083&width=1920,https://www.bazic.com/products/coupon-check-size-string-envelope-3-pack?_pos=1&_sid=746904c2e&_ss=r,10.3,5.25,
764608038109,White Round Reinforcement Label (544/Pack),"PRODUCT DETAILS
CONCENTRIC CIRCLE. Permanent Adhesive. Measure: 1/4"" Center. Total 544 labels per pack.
STICK ON MOST SURFACES. Matte white label paper with a permanent adhesive sticks to metal, plastic, glass, tin, paper, cardboard, cards, laminated documents, or any flat surface.
RELIABLE. Keeps labels in place for enduring reinforcement. Strengthens and repairs standardSize punched holes
REINFORCE. The labels offer documents the protection. Apply the reinforcements to your standardSize punched holes to provide a durable border that resists tearing.
MULTIPURPOSE. Suitable for library, school, home, office filing, loose-leaf folder, calendar, sheet in a binder.
",https://www.bazic.com/cdn/shop/files/3810.jpg?v=1758847971&width=1920,https://www.bazic.com/products/white-round-reinforcement-label-544-pack?_pos=1&_sid=75c6759fb&_ss=r,,,
764608031704,Translucent Swing Lock Report Cover,"PRODUCT DETAILS
TRANSLUCENT SWING LOCK REPORT COVER. Translucent Front Report Covers come in assorted colors Useful product for presentations, files or other similar items.
DESIGN. Easy-to-use swing lock bar features conveniently and securely holds and tightens papers together in cover to achieve a presentable and professional look. Slide on binding is made for multiple uses.
TRANSPARENT. Transparent Report Cover is a perfectly suitable product for the purpose of keeping all important reports, papers or documents properly arranged and covered at the same time.
FUNCTIONAL & VERSATILE. Secure book reports, theses, and other essays for formal submission in the classroom or secure business proposals and financial reports in the office.
IDEAL USE. Perfect for school, documents, music students, homework assignments, office workplace, presentations, project organization and any other storage use.
",https://www.bazic.com/cdn/shop/files/3170.jpg?v=1758852941&width=1920,https://www.bazic.com/products/translucent-swing-lock-report-cover?_pos=1&_sid=ea06725c0&_ss=r,,,
764608027134,"Asstd Color 3"" Round 2X Handheld Magnifier","PRODUCT DETAILS
ROUND MAGNIFIER. This magnifying glass provides 2x magnification, allowing users with low vision to read text, no matter the size. Magnifier comes with a 3"" inch round sturdy frame.
ASSORTED COLORS. These magnifiers come in assorted colors; Actual colors may vary! It also features a hanging hole for convenient storing when not in use and to keep things organized.
HIGH QUALITY LENS. Our sturdy magnifying glass is made with a scratch resistant and shatterproof acrylic lens so it's going to last you a long, long time!
DISTORTION FREE. Distortion free optical grade lens provides years of reliability. Optimal to enhance reading and viewing very fine details in books, newspapers, maps and more!
VARIOUS USAGE. Great for reading, close observation for items like insects, stamps, coins, coupons, prescriptions and also a great choice for those with low or impaired vision of most types.
",https://www.bazic.com/cdn/shop/files/2713_9b53b95c-ffaf-4dcf-a268-d47672567648.jpg?v=1767918547&width=1920,https://www.bazic.com/products/asstd-color-3-round-2x-handheld-magnifier?_pos=1&_sid=997221d55&_ss=r,,,
764608040041,Key Tags with Holder & Label Window (6/Pack),"PRODUCT DETAILS
ASSORTED COLORS. Key tags come in 6 assorted colors of White, Blue, Pink, Green, Yellow and Purple. Great colors for identifying different keys for different locks.
EASY USE. The key tag is easy to disassemble. Paper insert can be taken out without removing the ring, just need to simply flap the cover open and take out the paper to write.
QUALITY. These tags are very useable and are made of polypropylene which is reusable, durable and lightweight. The plastic cover protects the insert inside from getting wet and dirty.
DESIGN. The rounded corners are used around the product, which is smooth and does not hurt people. It is safer and more reliable to use. Labels are readable from both sides of the tag.
WIDE APPLICATION. These tags are perfect for labeling keys, backpacks, lunchboxes, jackets, luggage, USB drives, and more—ideal for organizing and identifying personal items easily.
",https://www.bazic.com/cdn/shop/files/4004_6qq93c.jpg?v=1771448594&width=1920,https://www.bazic.com/products/key-tags-with-holder-label-window-6-pack?_pos=1&_sid=9834e12c0&_ss=r,,,
764608038147,"2"" Gold Foil Notary/Certificate Seal Label (42/Pack)","PRODUCT DETAILS
GOLDEN STICKER. Gold foli color permanent adhesive. Measure: 2"" Round. Total 42 labels per pack. Great school and office supplies. Use as envelope seals, gift packing, greeting card, etc.
STICK ON MOST SURFACES. Smooth gloss finish sticker paper sticks to metal, plastic, glass, tin, paper, cardboard, cards, laminated documents, or any flat surface.
RELIABLE. There are an infinite amount of uses for our multi-purpose labels. Highly customizable labels allows you to showcase a professional presentation for any purpose.
CODING. Easy to draw and write on stickers. Ideal for create marks, price, number, etc on items in office, retail, home organization, consignment, classroom, warehouse, food service, and more.
BULK DEAL. Available in bulk packs for office and school supplies to save you costs. Ideal for arts and crafts, school projects, and home made dessert package labeling.
",https://www.bazic.com/cdn/shop/files/3814.jpg?v=1758848003&width=1920,https://www.bazic.com/products/2-gold-foil-notary-certificate-seal-label-42-pack?_pos=1&_sid=18b2b0bed&_ss=r,,,
764608005750,#10 Self-Seal Security Envelopes (500/Box),"PRODUCT DETAILS
#10 SECURITY ENVELOPES. These 4 1/8"" x 9 1/2"" inch envelopes are designed with security print to protect contents and sensitive information, perfect for protecting sensitive information from others.
SECURE. Just peel and seal to create a strong lasting seal without licking or moistening. Our self seal design is quick and easy and is guaranteed to stay sealed with no need for tape or glue sticks.
WINDOWLESS DESIGN. Envelopes manufactured with a windowless front panel for easy printing, labeling or hand-addressing, perfect for quick, mass business mailings.
WHITE 20LB STOCK. Perfect for everyday business use, these standard white envelopes are crafted of heavy, durable 20lb paper and securely holds hefty files during transit.
MULTI-PURPOSE. These envelopes can easily fit invoices, letters, checks, gift cards, etc. These envelopes can be used for virtually anything you need them for!
",https://www.bazic.com/cdn/shop/files/5064.jpg?v=1758853982&width=1920,https://www.bazic.com/products/10-self-seal-security-envelopes-500-box?_pos=1&_sid=23e9b2af9&_ss=r,8,9,
764608050668,#10 Self-Seal Security Envelopes (500/Box),"PRODUCT DETAILS
#10 SECURITY ENVELOPES. These 4 1/8"" x 9 1/2"" inch envelopes are designed with security print to protect contents and sensitive information, perfect for protecting sensitive information from others.
SECURE. Just peel and seal to create a strong lasting seal without licking or moistening. Our self seal design is quick and easy and is guaranteed to stay sealed with no need for tape or glue sticks.
WINDOWLESS DESIGN. Envelopes manufactured with a windowless front panel for easy printing, labeling or hand-addressing, perfect for quick, mass business mailings.
WHITE 20LB STOCK. Perfect for everyday business use, these standard white envelopes are crafted of heavy, durable 20lb paper and securely holds hefty files during transit.
MULTI-PURPOSE. These envelopes can easily fit invoices, letters, checks, gift cards, etc. These envelopes can be used for virtually anything you need them for!
",https://www.bazic.com/cdn/shop/files/5064.jpg?v=1758853982&width=1920,https://www.bazic.com/products/10-self-seal-security-envelopes-500-box?_pos=1&_sid=e9d98bf3b&_ss=r,8,9,
764608050682,#10 Self-Seal Security Envelopes (500/Box),"PRODUCT DETAILS
#10 SECURITY ENVELOPES. These 4 1/8"" x 9 1/2"" inch envelopes are designed with security print to protect contents and sensitive information, perfect for protecting sensitive information from others.
SECURE. Just peel and seal to create a strong lasting seal without licking or moistening. Our self seal design is quick and easy and is guaranteed to stay sealed with no need for tape or glue sticks.
WINDOWLESS DESIGN. Envelopes manufactured with a windowless front panel for easy printing, labeling or hand-addressing, perfect for quick, mass business mailings.
WHITE 20LB STOCK. Perfect for everyday business use, these standard white envelopes are crafted of heavy, durable 20lb paper and securely holds hefty files during transit.
MULTI-PURPOSE. These envelopes can easily fit invoices, letters, checks, gift cards, etc. These envelopes can be used for virtually anything you need them for!
",https://www.bazic.com/cdn/shop/files/5064.jpg?v=1758853982&width=1920,https://www.bazic.com/products/10-self-seal-security-envelopes-500-box?_pos=1&_sid=c55572df0&_ss=r,8,9,
764608038215,"1"" Multicolor Alphabet & Numbers Stickers (346/Pack)","PRODUCT DETAILS
STICK AROUND. Alphabet & Number Stickers Made of premium paper. Each measure 1 x 0.5 inch. Includes numerals 0 to 9 and letters A to Z. Also includes commas, apostrophes, semi-colons and more!
FUN EDUCATION. Designed and approved by teachers and parents. Brightly colored and shiny makes items stand out in the group. Adding name sticker on item helps identify own personal stuff.
POP YOUR PROJECT. This set of colorful letter number stickers can be a great decoration: scrapbooks, greeting cards, envelope, gift box, classroom parties, birthday party, and creative crafts.
SELF ADHESIVE. Great for DIY meaningful sentences, such as Happy Birthday, Merry Christmas, Happy Father's Day, Happy New Year and more interesting sentences. All ages will love them.
IDEAL GIFT. No matter is girls or boys, they will love it. It also can be a game that teaches identify colours, encourage them to express their creativity.
",https://www.bazic.com/cdn/shop/files/3825.jpg?v=1758858405&width=1920,https://www.bazic.com/products/1-multicolor-alphabet-numbers-stickers-346-pack?_pos=1&_sid=96d9fdb3e&_ss=r,1,0.5,
764608038222,"1"" Multicolor Alphabet & Numbers Stickers (346/Pack)","PRODUCT DETAILS
STICK AROUND. Alphabet & Number Stickers Made of premium paper. Each measure 1 x 0.5 inch. Includes numerals 0 to 9 and letters A to Z. Also includes commas, apostrophes, semi-colons and more!
FUN EDUCATION. Designed and approved by teachers and parents. Brightly colored and shiny makes items stand out in the group. Adding name sticker on item helps identify own personal stuff.
POP YOUR PROJECT. This set of colorful letter number stickers can be a great decoration: scrapbooks, greeting cards, envelope, gift box, classroom parties, birthday party, and creative crafts.
SELF ADHESIVE. Great for DIY meaningful sentences, such as Happy Birthday, Merry Christmas, Happy Father's Day, Happy New Year and more interesting sentences. All ages will love them.
IDEAL GIFT. No matter is girls or boys, they will love it. It also can be a game that teaches identify colours, encourage them to express their creativity.
",https://www.bazic.com/cdn/shop/files/3825.jpg?v=1758858405&width=1920,https://www.bazic.com/products/1-multicolor-alphabet-numbers-stickers-346-pack?_pos=1&_sid=198e22aa5&_ss=r,1,0.5,
764608038277,"1"" Multicolor Alphabet & Numbers Stickers (346/Pack)","PRODUCT DETAILS
STICK AROUND. Alphabet & Number Stickers Made of premium paper. Each measure 1 x 0.5 inch. Includes numerals 0 to 9 and letters A to Z. Also includes commas, apostrophes, semi-colons and more!
FUN EDUCATION. Designed and approved by teachers and parents. Brightly colored and shiny makes items stand out in the group. Adding name sticker on item helps identify own personal stuff.
POP YOUR PROJECT. This set of colorful letter number stickers can be a great decoration: scrapbooks, greeting cards, envelope, gift box, classroom parties, birthday party, and creative crafts.
SELF ADHESIVE. Great for DIY meaningful sentences, such as Happy Birthday, Merry Christmas, Happy Father's Day, Happy New Year and more interesting sentences. All ages will love them.
IDEAL GIFT. No matter is girls or boys, they will love it. It also can be a game that teaches identify colours, encourage them to express their creativity.
",https://www.bazic.com/cdn/shop/files/3825.jpg?v=1758858405&width=1920,https://www.bazic.com/products/1-multicolor-alphabet-numbers-stickers-346-pack?_pos=1&_sid=96d9fdb3e&_ss=r,1,0.5,
764608038611,"1"" Multicolor Alphabet & Numbers Stickers (346/Pack)","PRODUCT DETAILS
STICK AROUND. Alphabet & Number Stickers Made of premium paper. Each measure 1 x 0.5 inch. Includes numerals 0 to 9 and letters A to Z. Also includes commas, apostrophes, semi-colons and more!
FUN EDUCATION. Designed and approved by teachers and parents. Brightly colored and shiny makes items stand out in the group. Adding name sticker on item helps identify own personal stuff.
POP YOUR PROJECT. This set of colorful letter number stickers can be a great decoration: scrapbooks, greeting cards, envelope, gift box, classroom parties, birthday party, and creative crafts.
SELF ADHESIVE. Great for DIY meaningful sentences, such as Happy Birthday, Merry Christmas, Happy Father's Day, Happy New Year and more interesting sentences. All ages will love them.
IDEAL GIFT. No matter is girls or boys, they will love it. It also can be a game that teaches identify colours, encourage them to express their creativity.
",https://www.bazic.com/cdn/shop/files/3825.jpg?v=1758858405&width=1920,https://www.bazic.com/products/1-multicolor-alphabet-numbers-stickers-346-pack?_pos=1&_sid=198e22aa5&_ss=r,1,0.5,
764608038642,"1"" Multicolor Alphabet & Numbers Stickers (346/Pack)","PRODUCT DETAILS
STICK AROUND. Alphabet & Number Stickers Made of premium paper. Each measure 1 x 0.5 inch. Includes numerals 0 to 9 and letters A to Z. Also includes commas, apostrophes, semi-colons and more!
FUN EDUCATION. Designed and approved by teachers and parents. Brightly colored and shiny makes items stand out in the group. Adding name sticker on item helps identify own personal stuff.
POP YOUR PROJECT. This set of colorful letter number stickers can be a great decoration: scrapbooks, greeting cards, envelope, gift box, classroom parties, birthday party, and creative crafts.
SELF ADHESIVE. Great for DIY meaningful sentences, such as Happy Birthday, Merry Christmas, Happy Father's Day, Happy New Year and more interesting sentences. All ages will love them.
IDEAL GIFT. No matter is girls or boys, they will love it. It also can be a game that teaches identify colours, encourage them to express their creativity.
",https://www.bazic.com/cdn/shop/files/3825.jpg?v=1758858405&width=1920,https://www.bazic.com/products/1-multicolor-alphabet-numbers-stickers-346-pack?_pos=1&_sid=96d9fdb3e&_ss=r,1,0.5,
764608038604,"1"" Multicolor Alphabet & Numbers Stickers (346/Pack)","PRODUCT DETAILS
STICK AROUND. Alphabet & Number Stickers Made of premium paper. Each measure 1 x 0.5 inch. Includes numerals 0 to 9 and letters A to Z. Also includes commas, apostrophes, semi-colons and more!
FUN EDUCATION. Designed and approved by teachers and parents. Brightly colored and shiny makes items stand out in the group. Adding name sticker on item helps identify own personal stuff.
POP YOUR PROJECT. This set of colorful letter number stickers can be a great decoration: scrapbooks, greeting cards, envelope, gift box, classroom parties, birthday party, and creative crafts.
SELF ADHESIVE. Great for DIY meaningful sentences, such as Happy Birthday, Merry Christmas, Happy Father's Day, Happy New Year and more interesting sentences. All ages will love them.
IDEAL GIFT. No matter is girls or boys, they will love it. It also can be a game that teaches identify colours, encourage them to express their creativity.
",https://www.bazic.com/cdn/shop/files/3825.jpg?v=1758858405&width=1920,https://www.bazic.com/products/1-multicolor-alphabet-numbers-stickers-346-pack?_pos=1&_sid=198e22aa5&_ss=r,1,0.5,
764608031803,Two Tone Letter Size Document Case,"PRODUCT DETAILS
FILE ORGANIZER. Made from high quality Polypropylene (PP) Plastic material. Safe & Non Toxic. Measure: 12.5"" x 8.5"" x 1"". Single compartment. Fits both A4Size and Letter Size.
PREMIUM MATERIAL. Durable construction with 0.6 mm thickness spectrums for long lasting use. Fits up to 250 sheets. Carry in backpack or briefcase to office or classroom.
PORTABLE. Organized your paper, important files, contract, sales report, presentation, receipt, checks, bills, documents, vouchers, cards, paint work, homework, assignments.
SIMPLE & ELEGEANT DESIGN. Large capacity folder is your good assistant in your office life. Sturdy, non-toxic, and tear resistance poly portfolio to secure paperwork and documents
IDEAL STORAGE. Lightweight, flexible, tear resistant, and waterproof. Holder features elastic band closure for quick access and secure your document. For office, school, home, travel, business trip.
",https://www.bazic.com/cdn/shop/files/3180A.jpg?v=1758852986&width=1920,https://www.bazic.com/products/two-tone-letter-size-document-case?_pos=1&_sid=9b37fbe4b&_ss=r,12.5,8.5,1
764608005996,"17"" X 22"" Undated 12-Month Desk Pad Calendar","PRODUCT DETAILS
CUSTOMIZABLE. Measure 22"" x 17"". Un-dated calendars allow custom scheduling monthly & daily. Desk pad has 12 pages for you to customize from January-December. Sidebar note column for extra message.
BE ORGANIZED. Large, ruled daily blocks design offer plenty of enough space for schedules. Each block is 2.5"" x 2.5"". Pre-punch 2 hole, sturdy quality makes it hang on the wall, refrigerator, bulletin
PERFECT PLANNER. Perfect tool to make your life effective with year round planning wall calendar, stick down notes, ideas, meetings, appointments, important deadlines, special events, holiday.
ENHANCED ORGANIZATION. Features transparent corner protectors to keep your calendar in place and ensure flat sheets. Perforated page line for easy tearing. Great for office, school, home, or kitchen
QUALITY CONSTRUCTION. Made of high quality 80 gsm acid-free paper resistant from damage by light and air. Feature thick backboard to secure the shape and easy to write with.
",https://www.bazic.com/cdn/shop/files/588.jpg?v=1758861353&width=1920,https://www.bazic.com/products/17-x-22-undated-12-month-desk-pad-calendar?_pos=1&_sid=e810365f8&_ss=r,22,17,
764608008416,Basix Multipurpose Utility Box,"PRODUCT DETAILS

UTILITY BOX. Made of BPA-free & Non-toxic PP plastic. Lid design allows for stacking of multiple cases for better space utilization. Measure: 7.75"" x 4.75"" x 2"". Carry in backpack or store in drawer.
FUNCTIONAL. Perfect for students storing crafting, school supplies, and small items. Featuring snap lid, simply press the latch down toward the case for the mechanism to lock as designed.
BRILLIANT DESIGN. Assorted Colors. Clear and transparent design keeps contents visible. Allows you to see through the box to easily locate items. Available in bulk school supplies to save your costs.
SIMPLE STORAGE. Great gift for young kids for organizing training. Keep everything in their own box so they won't miss anything. Each children get a case to maintain health and hygiene without sharing
KEEP DESK NEAT. Ideal for office for organizing items like pens, pencils, crayon, markers, whiteout, highlighter, staples, business card, checks, receipt, makeup, painting accessories, and more.
",https://www.bazic.com/cdn/shop/files/846_c0431a42-c39e-4d34-90cf-5fd61dadad0e.jpg?v=1759288757&width=1920,https://www.bazic.com/products/basix-multipurpose-utility-box?_pos=1&_sid=899d89225&_ss=r,7.75,4.75,2
764608008461,Basix Multipurpose Utility Box,"PRODUCT DETAILS

UTILITY BOX. Made of BPA-free & Non-toxic PP plastic. Lid design allows for stacking of multiple cases for better space utilization. Measure: 7.75"" x 4.75"" x 2"". Carry in backpack or store in drawer.
FUNCTIONAL. Perfect for students storing crafting, school supplies, and small items. Featuring snap lid, simply press the latch down toward the case for the mechanism to lock as designed.
BRILLIANT DESIGN. Assorted Colors. Clear and transparent design keeps contents visible. Allows you to see through the box to easily locate items. Available in bulk school supplies to save your costs.
SIMPLE STORAGE. Great gift for young kids for organizing training. Keep everything in their own box so they won't miss anything. Each children get a case to maintain health and hygiene without sharing
KEEP DESK NEAT. Ideal for office for organizing items like pens, pencils, crayon, markers, whiteout, highlighter, staples, business card, checks, receipt, makeup, painting accessories, and more.
",https://www.bazic.com/cdn/shop/files/846_c0431a42-c39e-4d34-90cf-5fd61dadad0e.jpg?v=1759288757&width=1920,https://www.bazic.com/products/basix-multipurpose-utility-box?_pos=1&_sid=899d89225&_ss=r,7.75,4.75,2
764608038185,"1"" X 2 5/8"" White Address Labels (300/Pack)","PRODUCT DETAILS

VERSATILE. Each label measure 2 5/8"" x 1"". Total 300 labels per pack. Perfect for address, manila file folders, organize office, priority messaging, color-coding, identification, announcements, etc.
SHIP WITH CONFIDENCE. Strong self adhesive backing resist peeling, tearing, or slipping. Permanent adhesive hold fast to envelopes, cardboard, paper, plastic, glass, tin, metal, and polybags.
RELIABLE. Preventing misalignments and jams. Compatible with laser & inkjet printer. Print clear text and crisp graphics without smearing or smudging. Download template here.

EASY TO USE. Template available at: https://bit.ly/3BPMGYp. Rounded corners make it more convenient to peel. Simply bend the sticker sheet to expose the Pop-up Edge, peel off your stickers and apply.
MULTIPURPOSE. White matte surface, perfect for printing FBA labels, Barcode, Name, Address, UPC Code. Suitable for business, shipping, mailing, postage, office, school, and home.
",https://www.bazic.com/cdn/shop/files/3818.jpg?v=1758848036&width=1920,https://www.bazic.com/products/1-x-2-5-8-white-address-labels-300-pack?_pos=1&_sid=b2f757a12&_ss=r,8,1,
764608050675,#10 Self-Seal White Envelopes (40/Pack),"PRODUCT DETAILS
#10 SELF-SEAL WHITE ENVELOPES. These 4 1/8"" x 9 1/2"" inch self-sealing envelopes are designed to save your time and money. Helps you fly through mailings in record time.
SECURE. Just peel and seal to create a strong lasting seal without licking or moistening. Our self seal design is quick and easy and is guaranteed to stay sealed with no need for tape or glue sticks.
WINDOWLESS DESIGN. Envelopes manufactured with a windowless front panel for easy printing, labeling or hand-addressing, perfect for quick, mass business mailings.
WHITE 20LB STOCK. Perfect for everyday business use, these standard white envelopes are crafted of heavy, durable 20lb paper and securely holds hefty files during transit.
MULTI-PURPOSE. These envelopes can easily fit invoices, letters, checks, gift cards, etc. These envelopes can be used for virtually anything you need them for!
",https://www.bazic.com/cdn/shop/files/8202.jpg?v=1758863553&width=1920,https://www.bazic.com/products/10-self-seal-white-envelopes-40-pack?_pos=1&_sid=ca27f009a&_ss=r,8,9,
764608050651,"6"" x 9"" Self-Seal White Envelope (6/Pack)","PRODUCT DETAILS

CATALOG ENVELOPES. These 6"" x 9"" self-sealing envelopes are designed to save your time and money. No licking and long shelf life (free for dust). Suitable for home, office, business, legal and more.
SECURE. Just peel and seal to create a strong lasting seal, no need to worry about your contents failing out during transit even when shipping hefty shipments like half size catalogs or magazines.
WHITE 24LB STOCK. Perfect for everyday business use these standard white envelopes are crafted of heavy, durable 24lb paper and securely holds hefty files during transit.
REDUCE WASTE: Not only will the self-seal save your time, it will save your money! These envelopes have a longer shelf life thanks to the peel-able strip that protects your adhesive from dust!
MULTI-PURPOSE. These envelopes can easily fit tax returns, documents, cards, reports, catalogs, magazines, booklets, etc. These white envelopes can be used for virtually anything you need them for!
",https://www.bazic.com/cdn/shop/files/8230.jpg?v=1758863493&width=1920,https://www.bazic.com/products/6-x-9-self-seal-white-envelope-6-pack?_pos=1&_sid=95a2e074d&_ss=r,6,9,
764608050477,#10 Self-Seal White Envelopes (40/Pack),"PRODUCT DETAILS
#10 SELF-SEAL WHITE ENVELOPES. These 4 1/8"" x 9 1/2"" inch self-sealing envelopes are designed to save your time and money. Helps you fly through mailings in record time.
SECURE. Just peel and seal to create a strong lasting seal without licking or moistening. Our self seal design is quick and easy and is guaranteed to stay sealed with no need for tape or glue sticks.
WINDOWLESS DESIGN. Envelopes manufactured with a windowless front panel for easy printing, labeling or hand-addressing, perfect for quick, mass business mailings.
WHITE 20LB STOCK. Perfect for everyday business use, these standard white envelopes are crafted of heavy, durable 20lb paper and securely holds hefty files during transit.
MULTI-PURPOSE. These envelopes can easily fit invoices, letters, checks, gift cards, etc. These envelopes can be used for virtually anything you need them for!
",https://www.bazic.com/cdn/shop/files/8202.jpg?v=1758863553&width=1920,https://www.bazic.com/products/10-self-seal-white-envelopes-40-pack?_pos=1&_sid=9cee31042&_ss=r,8,9,
764608038055,"1"" X 2 5/8"" White Address Labels (300/Pack)","PRODUCT DETAILS

VERSATILE. Each label measure 2 5/8"" x 1"". Total 300 labels per pack. Perfect for address, manila file folders, organize office, priority messaging, color-coding, identification, announcements, etc.
SHIP WITH CONFIDENCE. Strong self adhesive backing resist peeling, tearing, or slipping. Permanent adhesive hold fast to envelopes, cardboard, paper, plastic, glass, tin, metal, and polybags.
RELIABLE. Preventing misalignments and jams. Compatible with laser & inkjet printer. Print clear text and crisp graphics without smearing or smudging. Download template here.

EASY TO USE. Template available at: https://bit.ly/3BPMGYp. Rounded corners make it more convenient to peel. Simply bend the sticker sheet to expose the Pop-up Edge, peel off your stickers and apply.
MULTIPURPOSE. White matte surface, perfect for printing FBA labels, Barcode, Name, Address, UPC Code. Suitable for business, shipping, mailing, postage, office, school, and home.
",https://www.bazic.com/cdn/shop/files/3818.jpg?v=1758848036&width=1920,https://www.bazic.com/products/1-x-2-5-8-white-address-labels-300-pack?_pos=1&_sid=a7bc4f6a3&_ss=r,8,1,
764608038086,White Round Reinforcement Label (544/Pack),"PRODUCT DETAILS
CONCENTRIC CIRCLE. Permanent Adhesive. Measure: 1/4"" Center. Total 544 labels per pack.
STICK ON MOST SURFACES. Matte white label paper with a permanent adhesive sticks to metal, plastic, glass, tin, paper, cardboard, cards, laminated documents, or any flat surface.
RELIABLE. Keeps labels in place for enduring reinforcement. Strengthens and repairs standardSize punched holes
REINFORCE. The labels offer documents the protection. Apply the reinforcements to your standardSize punched holes to provide a durable border that resists tearing.
MULTIPURPOSE. Suitable for library, school, home, office filing, loose-leaf folder, calendar, sheet in a binder.
",https://www.bazic.com/cdn/shop/files/3810.jpg?v=1758847971&width=1920,https://www.bazic.com/products/white-round-reinforcement-label-544-pack?_pos=1&_sid=28bf8e9a9&_ss=r,,,
764608031520,Clear A4/Letter Size Zip Envelope,"PRODUCT DETAILS
FILE ORGANIZER. Made from high quality Polypropylene (PP) Plastic material. Safe & Non Toxic. Measure: 13"" x 9.3"". Expandable 1.5"" max. Single pocket. Fits both A4Size and Letter Size.
SECURITY & STYLISH. Protect your paperwork with waterproof and tear-resistant poly portfolio. Durable construction with 0.18 mm thickness spectrums for long lasting use.
MULTI STORAGE. Organized your paper, important files, contract, sales report, presentation, receipt, checks, bills, documents, book, vouchers, card, paint work, homework, assignments.
VISIBLE IN TRANSLUCENT. Clear color folder bag allow checking the contents inside the file folders. Portfolios feature Zip Closure for quick access
PORTABLE. Simple elegant design with fashion, adding much fun to your work, study, travel, business trip, daily filing, and storing of papers. No need to worry important document get wet or scratched.
",https://www.bazic.com/cdn/shop/files/3187_3be780be-c897-4535-9e27-2eac0886b8ca.jpg?v=1759285109&width=1920,https://www.bazic.com/products/clear-a4-letter-size-zip-envelope?_pos=1&_sid=4438afb7d&_ss=r,13,9.3,
764608031889,Clear A4/Letter Size Zip Envelope,"PRODUCT DETAILS
FILE ORGANIZER. Made from high quality Polypropylene (PP) Plastic material. Safe & Non Toxic. Measure: 13"" x 9.3"". Expandable 1.5"" max. Single pocket. Fits both A4Size and Letter Size.
SECURITY & STYLISH. Protect your paperwork with waterproof and tear-resistant poly portfolio. Durable construction with 0.18 mm thickness spectrums for long lasting use.
MULTI STORAGE. Organized your paper, important files, contract, sales report, presentation, receipt, checks, bills, documents, book, vouchers, card, paint work, homework, assignments.
VISIBLE IN TRANSLUCENT. Clear color folder bag allow checking the contents inside the file folders. Portfolios feature Zip Closure for quick access
PORTABLE. Simple elegant design with fashion, adding much fun to your work, study, travel, business trip, daily filing, and storing of papers. No need to worry important document get wet or scratched.
",https://www.bazic.com/cdn/shop/files/3187_3be780be-c897-4535-9e27-2eac0886b8ca.jpg?v=1759285109&width=1920,https://www.bazic.com/products/clear-a4-letter-size-zip-envelope?_pos=1&_sid=6565155e9&_ss=r,13,9.3,
